unique_id,source,company,scrip_code,headline,published_date,url,raw_text,collected_at,event_type,priority
671c8e59c9f3fb95,BSE,JTL Industries Ltd,534600,Intimation of Schedule of Investor Meet,20-Sep-2026 13:58:12,https://www.bseindia.com/xml-data/corpfiling/AttachLive/0b31a07c-aaab-417e-91d4-5eaebea6545a.pdf,Intimation of Schedule of Investor Meet,2026-09-20T08:44:54.048239+00:00,Other,MEDIUM
fa2fe48a3f30cacf,BSE,Hubtown Ltd,532799,Disclosure of Voting Results and Consolidated Scrutinizer''s Report on 38th Annual General Meeting of Hubtown Limited,20-Sep-2026 13:27:43,https://www.bseindia.com/xml-data/corpfiling/AttachLive/04127d07-b19f-461e-aa99-0117cb271a8e.pdf,Disclosure of Voting Results and Consolidated Scrutinizer''s Report on 38th Annual General Meeting of Hubtown Limited,2026-09-20T08:44:54.048346+00:00,Other,MEDIUM
83ff2c2bb956111c,BSE,Orient Cement Ltd,535754,"Orient Cement Limited has informed the exchange about clarification regarding intimation dated September 19, 2026 on change in Key Managerial Personnel (""KMP"")",20-Sep-2026 13:21:36,https://www.bseindia.com/xml-data/corpfiling/AttachLive/b11c1f3e-a2f8-46f5-99ed-452673d4fa86.pdf,"Orient Cement Limited has informed the exchange about clarification regarding intimation dated September 19, 2026 on change in Key Managerial Personnel (""KMP"")",2026-09-20T08:44:54.048374+00:00,Other,MEDIUM
b447ba3e001fb472,BSE,Aditya Birla Housing Finance Ltd,978065,Intimation for Appointment of Additional Non-Executive Non - Independent Directors and Additional Non-Executive Independent Director of the Company.,20-Sep-2026 13:10:54,https://www.bseindia.com/xml-data/corpfiling/AttachLive/4a1e0218-db47-41f4-982c-dacd4cd7c382.pdf,Intimation for Appointment of Additional Non-Executive Non - Independent Directors and Additional Non-Executive Independent Director of the Company.,2026-09-20T08:44:54.048402+00:00,Management Change,HIGH
79e4848585118402,BSE,Aditya Birla Housing Finance Ltd,977850,Intimation for Appointment of Additional Non-Executive Non - Independent Directors and Additional Non-Executive Independent Director of the Company.,20-Sep-2026 13:10:54,https://www.bseindia.com/xml-data/corpfiling/AttachLive/4a1e0218-db47-41f4-982c-dacd4cd7c382.pdf,Intimation for Appointment of Additional Non-Executive Non - Independent Directors and Additional Non-Executive Independent Director of the Company.,2026-09-20T08:44:54.048428+00:00,Management Change,HIGH
21f9d928dbb005f8,BSE,Aditya Birla Housing Finance Ltd,977849,Intimation for Appointment of Additional Non-Executive Non - Independent Directors and Additional Non-Executive Independent Director of the Company.,20-Sep-2026 13:10:54,https://www.bseindia.com/xml-data/corpfiling/AttachLive/4a1e0218-db47-41f4-982c-dacd4cd7c382.pdf,Intimation for Appointment of Additional Non-Executive Non - Independent Directors and Additional Non-Executive Independent Director of the Company.,2026-09-20T08:44:54.048453+00:00,Management Change,HIGH
65e522ea9af682c8,BSE,Aditya Birla Housing Finance Ltd,977746,Intimation for Appointment of Additional Non-Executive Non - Independent Directors and Additional Non-Executive Independent Director of the Company.,20-Sep-2026 13:10:54,https://www.bseindia.com/xml-data/corpfiling/AttachLive/4a1e0218-db47-41f4-982c-dacd4cd7c382.pdf,Intimation for Appointment of Additional Non-Executive Non - Independent Directors and Additional Non-Executive Independent Director of the Company.,2026-09-20T08:44:54.048479+00:00,Management Change,HIGH
1d30ebc37a715f60,BSE,Aditya Birla Housing Finance Ltd,977299,Intimation for Appointment of Additional Non-Executive Non - Independent Directors and Additional Non-Executive Independent Director of the Company.,20-Sep-2026 13:10:54,https://www.bseindia.com/xml-data/corpfiling/AttachLive/4a1e0218-db47-41f4-982c-dacd4cd7c382.pdf,Intimation for Appointment of Additional Non-Executive Non - Independent Directors and Additional Non-Executive Independent Director of the Company.,2026-09-20T08:44:54.048505+00:00,Management Change,HIGH
f5965584316a3bd9,BSE,Aditya Birla Housing Finance Ltd,976982,Intimation for Appointment of Additional Non-Executive Non - Independent Directors and Additional Non-Executive Independent Director of the Company.,20-Sep-2026 13:10:54,https://www.bseindia.com/xml-data/corpfiling/AttachLive/4a1e0218-db47-41f4-982c-dacd4cd7c382.pdf,Intimation for Appointment of Additional Non-Executive Non - Independent Directors and Additional Non-Executive Independent Director of the Company.,2026-09-20T08:44:54.048533+00:00,Management Change,HIGH
bc7d6c9436350031,BSE,Aditya Birla Housing Finance Ltd,976909,Intimation for Appointment of Additional Non-Executive Non - Independent Directors and Additional Non-Executive Independent Director of the Company.,20-Sep-2026 13:10:54,https://www.bseindia.com/xml-data/corpfiling/AttachLive/4a1e0218-db47-41f4-982c-dacd4cd7c382.pdf,Intimation for Appointment of Additional Non-Executive Non - Independent Directors and Additional Non-Executive Independent Director of the Company.,2026-09-20T08:44:54.048559+00:00,Management Change,HIGH
a80fae8113469d37,BSE,Aditya Birla Housing Finance Ltd,976853,Intimation for Appointment of Additional Non-Executive Non - Independent Directors and Additional Non-Executive Independent Director of the Company.,20-Sep-2026 13:10:54,https://www.bseindia.com/xml-data/corpfiling/AttachLive/4a1e0218-db47-41f4-982c-dacd4cd7c382.pdf,Intimation for Appointment of Additional Non-Executive Non - Independent Directors and Additional Non-Executive Independent Director of the Company.,2026-09-20T08:44:54.048584+00:00,Management Change,HIGH
2d7181bbe50bfa63,BSE,Aditya Birla Housing Finance Ltd,976711,Intimation for Appointment of Additional Non-Executive Non - Independent Directors and Additional Non-Executive Independent Director of the Company.,20-Sep-2026 13:10:54,https://www.bseindia.com/xml-data/corpfiling/AttachLive/4a1e0218-db47-41f4-982c-dacd4cd7c382.pdf,Intimation for Appointment of Additional Non-Executive Non - Independent Directors and Additional Non-Executive Independent Director of the Company.,2026-09-20T08:44:54.048610+00:00,Management Change,HIGH
2eb04676b80a39f6,BSE,Aditya Birla Housing Finance Ltd,976628,Intimation for Appointment of Additional Non-Executive Non - Independent Directors and Additional Non-Executive Independent Director of the Company.,20-Sep-2026 13:10:54,https://www.bseindia.com/xml-data/corpfiling/AttachLive/4a1e0218-db47-41f4-982c-dacd4cd7c382.pdf,Intimation for Appointment of Additional Non-Executive Non - Independent Directors and Additional Non-Executive Independent Director of the Company.,2026-09-20T08:44:54.048634+00:00,Management Change,HIGH
5e7ad195e1d60331,BSE,Aditya Birla Housing Finance Ltd,976602,Intimation for Appointment of Additional Non-Executive Non - Independent Directors and Additional Non-Executive Independent Director of the Company.,20-Sep-2026 13:10:54,https://www.bseindia.com/xml-data/corpfiling/AttachLive/4a1e0218-db47-41f4-982c-dacd4cd7c382.pdf,Intimation for Appointment of Additional Non-Executive Non - Independent Directors and Additional Non-Executive Independent Director of the Company.,2026-09-20T08:44:54.048659+00:00,Management Change,HIGH
770ab07cfc0f02df,BSE,Aditya Birla Housing Finance Ltd,976488,Intimation for Appointment of Additional Non-Executive Non - Independent Directors and Additional Non-Executive Independent Director of the Company.,20-Sep-2026 13:10:54,https://www.bseindia.com/xml-data/corpfiling/AttachLive/4a1e0218-db47-41f4-982c-dacd4cd7c382.pdf,Intimation for Appointment of Additional Non-Executive Non - Independent Directors and Additional Non-Executive Independent Director of the Company.,2026-09-20T08:44:54.048690+00:00,Management Change,HIGH
2f23c743ea81a17c,BSE,Aditya Birla Housing Finance Ltd,976394,Intimation for Appointment of Additional Non-Executive Non - Independent Directors and Additional Non-Executive Independent Director of the Company.,20-Sep-2026 13:10:54,https://www.bseindia.com/xml-data/corpfiling/AttachLive/4a1e0218-db47-41f4-982c-dacd4cd7c382.pdf,Intimation for Appointment of Additional Non-Executive Non - Independent Directors and Additional Non-Executive Independent Director of the Company.,2026-09-20T08:44:54.048716+00:00,Management Change,HIGH
22ebcf247314bf54,BSE,Aditya Birla Housing Finance Ltd,976393,Intimation for Appointment of Additional Non-Executive Non - Independent Directors and Additional Non-Executive Independent Director of the Company.,20-Sep-2026 13:10:54,https://www.bseindia.com/xml-data/corpfiling/AttachLive/4a1e0218-db47-41f4-982c-dacd4cd7c382.pdf,Intimation for Appointment of Additional Non-Executive Non - Independent Directors and Additional Non-Executive Independent Director of the Company.,2026-09-20T08:44:54.048742+00:00,Management Change,HIGH
bdf6d08c4696957a,BSE,Aditya Birla Housing Finance Ltd,976340,Intimation for Appointment of Additional Non-Executive Non - Independent Directors and Additional Non-Executive Independent Director of the Company.,20-Sep-2026 13:10:54,https://www.bseindia.com/xml-data/corpfiling/AttachLive/4a1e0218-db47-41f4-982c-dacd4cd7c382.pdf,Intimation for Appointment of Additional Non-Executive Non - Independent Directors and Additional Non-Executive Independent Director of the Company.,2026-09-20T08:44:54.048767+00:00,Management Change,HIGH
d5980c39fafc3666,BSE,Aditya Birla Housing Finance Ltd,976229,Intimation for Appointment of Additional Non-Executive Non - Independent Directors and Additional Non-Executive Independent Director of the Company.,20-Sep-2026 13:10:54,https://www.bseindia.com/xml-data/corpfiling/AttachLive/4a1e0218-db47-41f4-982c-dacd4cd7c382.pdf,Intimation for Appointment of Additional Non-Executive Non - Independent Directors and Additional Non-Executive Independent Director of the Company.,2026-09-20T08:44:54.048792+00:00,Management Change,HIGH
952302f602358af3,BSE,Aditya Birla Housing Finance Ltd,976156,Intimation for Appointment of Additional Non-Executive Non - Independent Directors and Additional Non-Executive Independent Director of the Company.,20-Sep-2026 13:10:54,https://www.bseindia.com/xml-data/corpfiling/AttachLive/4a1e0218-db47-41f4-982c-dacd4cd7c382.pdf,Intimation for Appointment of Additional Non-Executive Non - Independent Directors and Additional Non-Executive Independent Director of the Company.,2026-09-20T08:44:54.048817+00:00,Management Change,HIGH
a3cc3ae382164d89,BSE,Aditya Birla Housing Finance Ltd,976004,Intimation for Appointment of Additional Non-Executive Non - Independent Directors and Additional Non-Executive Independent Director of the Company.,20-Sep-2026 13:10:54,https://www.bseindia.com/xml-data/corpfiling/AttachLive/4a1e0218-db47-41f4-982c-dacd4cd7c382.pdf,Intimation for Appointment of Additional Non-Executive Non - Independent Directors and Additional Non-Executive Independent Director of the Company.,2026-09-20T08:44:54.048844+00:00,Management Change,HIGH
5ba2f08d79f0daa6,BSE,Aditya Birla Housing Finance Ltd,975989,Intimation for Appointment of Additional Non-Executive Non - Independent Directors and Additional Non-Executive Independent Director of the Company.,20-Sep-2026 13:10:54,https://www.bseindia.com/xml-data/corpfiling/AttachLive/4a1e0218-db47-41f4-982c-dacd4cd7c382.pdf,Intimation for Appointment of Additional Non-Executive Non - Independent Directors and Additional Non-Executive Independent Director of the Company.,2026-09-20T08:44:54.048869+00:00,Management Change,HIGH
889c44df94696e89,BSE,Aditya Birla Housing Finance Ltd,975891,Intimation for Appointment of Additional Non-Executive Non - Independent Directors and Additional Non-Executive Independent Director of the Company.,20-Sep-2026 13:10:54,https://www.bseindia.com/xml-data/corpfiling/AttachLive/4a1e0218-db47-41f4-982c-dacd4cd7c382.pdf,Intimation for Appointment of Additional Non-Executive Non - Independent Directors and Additional Non-Executive Independent Director of the Company.,2026-09-20T08:44:54.048894+00:00,Management Change,HIGH
6d680ac7695ed3c0,BSE,Aditya Birla Housing Finance Ltd,975860,Intimation for Appointment of Additional Non-Executive Non - Independent Directors and Additional Non-Executive Independent Director of the Company.,20-Sep-2026 13:10:54,https://www.bseindia.com/xml-data/corpfiling/AttachLive/4a1e0218-db47-41f4-982c-dacd4cd7c382.pdf,Intimation for Appointment of Additional Non-Executive Non - Independent Directors and Additional Non-Executive Independent Director of the Company.,2026-09-20T08:44:54.048918+00:00,Management Change,HIGH
3390aa80504a08ce,BSE,Aditya Birla Housing Finance Ltd,975821,Intimation for Appointment of Additional Non-Executive Non - Independent Directors and Additional Non-Executive Independent Director of the Company.,20-Sep-2026 13:10:54,https://www.bseindia.com/xml-data/corpfiling/AttachLive/4a1e0218-db47-41f4-982c-dacd4cd7c382.pdf,Intimation for Appointment of Additional Non-Executive Non - Independent Directors and Additional Non-Executive Independent Director of the Company.,2026-09-20T08:44:54.048944+00:00,Management Change,HIGH
6abdc17f305160fc,BSE,Aditya Birla Housing Finance Ltd,975820,Intimation for Appointment of Additional Non-Executive Non - Independent Directors and Additional Non-Executive Independent Director of the Company.,20-Sep-2026 13:10:54,https://www.bseindia.com/xml-data/corpfiling/AttachLive/4a1e0218-db47-41f4-982c-dacd4cd7c382.pdf,Intimation for Appointment of Additional Non-Executive Non - Independent Directors and Additional Non-Executive Independent Director of the Company.,2026-09-20T08:44:54.048969+00:00,Management Change,HIGH
db636ea469bfa659,BSE,Aditya Birla Housing Finance Ltd,975525,Intimation for Appointment of Additional Non-Executive Non - Independent Directors and Additional Non-Executive Independent Director of the Company.,20-Sep-2026 13:10:54,https://www.bseindia.com/xml-data/corpfiling/AttachLive/4a1e0218-db47-41f4-982c-dacd4cd7c382.pdf,Intimation for Appointment of Additional Non-Executive Non - Independent Directors and Additional Non-Executive Independent Director of the Company.,2026-09-20T08:44:54.048994+00:00,Management Change,HIGH
23d091cedcb00fe7,BSE,Aditya Birla Housing Finance Ltd,975455,Intimation for Appointment of Additional Non-Executive Non - Independent Directors and Additional Non-Executive Independent Director of the Company.,20-Sep-2026 13:10:54,https://www.bseindia.com/xml-data/corpfiling/AttachLive/4a1e0218-db47-41f4-982c-dacd4cd7c382.pdf,Intimation for Appointment of Additional Non-Executive Non - Independent Directors and Additional Non-Executive Independent Director of the Company.,2026-09-20T08:44:54.049018+00:00,Management Change,HIGH
04c13cc0af5f59f2,BSE,Aditya Birla Housing Finance Ltd,975355,Intimation for Appointment of Additional Non-Executive Non - Independent Directors and Additional Non-Executive Independent Director of the Company.,20-Sep-2026 13:10:54,https://www.bseindia.com/xml-data/corpfiling/AttachLive/4a1e0218-db47-41f4-982c-dacd4cd7c382.pdf,Intimation for Appointment of Additional Non-Executive Non - Independent Directors and Additional Non-Executive Independent Director of the Company.,2026-09-20T08:44:54.049043+00:00,Management Change,HIGH
717508e1b70fc2de,BSE,Aditya Birla Housing Finance Ltd,975176,Intimation for Appointment of Additional Non-Executive Non - Independent Directors and Additional Non-Executive Independent Director of the Company.,20-Sep-2026 13:10:54,https://www.bseindia.com/xml-data/corpfiling/AttachLive/4a1e0218-db47-41f4-982c-dacd4cd7c382.pdf,Intimation for Appointment of Additional Non-Executive Non - Independent Directors and Additional Non-Executive Independent Director of the Company.,2026-09-20T08:44:54.049068+00:00,Management Change,HIGH
32349dccbd900d94,BSE,Aditya Birla Housing Finance Ltd,974978,Intimation for Appointment of Additional Non-Executive Non - Independent Directors and Additional Non-Executive Independent Director of the Company.,20-Sep-2026 13:10:53,https://www.bseindia.com/xml-data/corpfiling/AttachLive/4a1e0218-db47-41f4-982c-dacd4cd7c382.pdf,Intimation for Appointment of Additional Non-Executive Non - Independent Directors and Additional Non-Executive Independent Director of the Company.,2026-09-20T08:44:54.049105+00:00,Management Change,HIGH
cea43965a2401440,BSE,Aditya Birla Housing Finance Ltd,974977,Intimation for Appointment of Additional Non-Executive Non - Independent Directors and Additional Non-Executive Independent Director of the Company.,20-Sep-2026 13:10:53,https://www.bseindia.com/xml-data/corpfiling/AttachLive/4a1e0218-db47-41f4-982c-dacd4cd7c382.pdf,Intimation for Appointment of Additional Non-Executive Non - Independent Directors and Additional Non-Executive Independent Director of the Company.,2026-09-20T08:44:54.049130+00:00,Management Change,HIGH
f35deca02bde67a4,BSE,Aditya Birla Housing Finance Ltd,974794,Intimation for Appointment of Additional Non-Executive Non - Independent Directors and Additional Non-Executive Independent Director of the Company.,20-Sep-2026 13:10:53,https://www.bseindia.com/xml-data/corpfiling/AttachLive/4a1e0218-db47-41f4-982c-dacd4cd7c382.pdf,Intimation for Appointment of Additional Non-Executive Non - Independent Directors and Additional Non-Executive Independent Director of the Company.,2026-09-20T08:44:54.049155+00:00,Management Change,HIGH
4f79d80703a3a530,BSE,Aditya Birla Housing Finance Ltd,974316,Intimation for Appointment of Additional Non-Executive Non - Independent Directors and Additional Non-Executive Independent Director of the Company.,20-Sep-2026 13:10:53,https://www.bseindia.com/xml-data/corpfiling/AttachLive/4a1e0218-db47-41f4-982c-dacd4cd7c382.pdf,Intimation for Appointment of Additional Non-Executive Non - Independent Directors and Additional Non-Executive Independent Director of the Company.,2026-09-20T08:44:54.049179+00:00,Management Change,HIGH
06c66c7228ba0b42,BSE,Aditya Birla Housing Finance Ltd,973736,Intimation for Appointment of Additional Non-Executive Non - Independent Directors and Additional Non-Executive Independent Director of the Company.,20-Sep-2026 13:10:53,https://www.bseindia.com/xml-data/corpfiling/AttachLive/4a1e0218-db47-41f4-982c-dacd4cd7c382.pdf,Intimation for Appointment of Additional Non-Executive Non - Independent Directors and Additional Non-Executive Independent Director of the Company.,2026-09-20T08:44:54.049204+00:00,Management Change,HIGH
4fafd38c16599284,BSE,Aditya Birla Housing Finance Ltd,960416,Intimation for Appointment of Additional Non-Executive Non - Independent Directors and Additional Non-Executive Independent Director of the Company.,20-Sep-2026 13:10:53,https://www.bseindia.com/xml-data/corpfiling/AttachLive/4a1e0218-db47-41f4-982c-dacd4cd7c382.pdf,Intimation for Appointment of Additional Non-Executive Non - Independent Directors and Additional Non-Executive Independent Director of the Company.,2026-09-20T08:44:54.049228+00:00,Management Change,HIGH
a233d1752c0dbea2,BSE,Aditya Birla Housing Finance Ltd,958811,Intimation for Appointment of Additional Non-Executive Non - Independent Directors and Additional Non-Executive Independent Director of the Company.,20-Sep-2026 13:10:53,https://www.bseindia.com/xml-data/corpfiling/AttachLive/4a1e0218-db47-41f4-982c-dacd4cd7c382.pdf,Intimation for Appointment of Additional Non-Executive Non - Independent Directors and Additional Non-Executive Independent Director of the Company.,2026-09-20T08:44:54.049252+00:00,Management Change,HIGH
38c3afb333cd5e5a,BSE,Aditya Birla Housing Finance Ltd,957446,Intimation for Appointment of Additional Non-Executive Non - Independent Directors and Additional Non-Executive Independent Director of the Company.,20-Sep-2026 13:10:53,https://www.bseindia.com/xml-data/corpfiling/AttachLive/4a1e0218-db47-41f4-982c-dacd4cd7c382.pdf,Intimation for Appointment of Additional Non-Executive Non - Independent Directors and Additional Non-Executive Independent Director of the Company.,2026-09-20T08:44:54.049277+00:00,Management Change,HIGH
5418a14827646eb0,BSE,Aditya Birla Housing Finance Ltd,957445,Intimation for Appointment of Additional Non-Executive Non - Independent Directors and Additional Non-Executive Independent Director of the Company.,20-Sep-2026 13:10:53,https://www.bseindia.com/xml-data/corpfiling/AttachLive/4a1e0218-db47-41f4-982c-dacd4cd7c382.pdf,Intimation for Appointment of Additional Non-Executive Non - Independent Directors and Additional Non-Executive Independent Director of the Company.,2026-09-20T08:44:54.049301+00:00,Management Change,HIGH
1690e08d6aa20171,BSE,Aditya Birla Housing Finance Ltd,957444,Intimation for Appointment of Additional Non-Executive Non - Independent Directors and Additional Non-Executive Independent Director of the Company.,20-Sep-2026 13:10:53,https://www.bseindia.com/xml-data/corpfiling/AttachLive/4a1e0218-db47-41f4-982c-dacd4cd7c382.pdf,Intimation for Appointment of Additional Non-Executive Non - Independent Directors and Additional Non-Executive Independent Director of the Company.,2026-09-20T08:44:54.049326+00:00,Management Change,HIGH
1aac3630f6473338,BSE,Aditya Birla Housing Finance Ltd,957443,Intimation for Appointment of Additional Non-Executive Non - Independent Directors and Additional Non-Executive Independent Director of the Company.,20-Sep-2026 13:10:53,https://www.bseindia.com/xml-data/corpfiling/AttachLive/4a1e0218-db47-41f4-982c-dacd4cd7c382.pdf,Intimation for Appointment of Additional Non-Executive Non - Independent Directors and Additional Non-Executive Independent Director of the Company.,2026-09-20T08:44:54.049351+00:00,Management Change,HIGH
882227bcb11ec39b,BSE,Aditya Birla Housing Finance Ltd,957442,Intimation for Appointment of Additional Non-Executive Non - Independent Directors and Additional Non-Executive Independent Director of the Company.,20-Sep-2026 13:10:53,https://www.bseindia.com/xml-data/corpfiling/AttachLive/4a1e0218-db47-41f4-982c-dacd4cd7c382.pdf,Intimation for Appointment of Additional Non-Executive Non - Independent Directors and Additional Non-Executive Independent Director of the Company.,2026-09-20T08:44:54.049375+00:00,Management Change,HIGH
8eb8721f79b22d03,BSE,Aditya Birla Housing Finance Ltd,957441,Intimation for Appointment of Additional Non-Executive Non - Independent Directors and Additional Non-Executive Independent Director of the Company.,20-Sep-2026 13:10:53,https://www.bseindia.com/xml-data/corpfiling/AttachLive/4a1e0218-db47-41f4-982c-dacd4cd7c382.pdf,Intimation for Appointment of Additional Non-Executive Non - Independent Directors and Additional Non-Executive Independent Director of the Company.,2026-09-20T08:44:54.049400+00:00,Management Change,HIGH
a9d0922911315ffc,BSE,Aditya Birla Housing Finance Ltd,732484,Intimation for Appointment of Additional Non-Executive Non - Independent Directors and Additional Non-Executive Independent Director of the Company.,20-Sep-2026 13:10:53,https://www.bseindia.com/xml-data/corpfiling/AttachLive/4a1e0218-db47-41f4-982c-dacd4cd7c382.pdf,Intimation for Appointment of Additional Non-Executive Non - Independent Directors and Additional Non-Executive Independent Director of the Company.,2026-09-20T08:44:54.049424+00:00,Management Change,HIGH
ad7ee831113c277b,BSE,Aditya Birla Housing Finance Ltd,732386,Intimation for Appointment of Additional Non-Executive Non - Independent Directors and Additional Non-Executive Independent Director of the Company.,20-Sep-2026 13:10:53,https://www.bseindia.com/xml-data/corpfiling/AttachLive/4a1e0218-db47-41f4-982c-dacd4cd7c382.pdf,Intimation for Appointment of Additional Non-Executive Non - Independent Directors and Additional Non-Executive Independent Director of the Company.,2026-09-20T08:44:54.049448+00:00,Management Change,HIGH
2c39160956c3795c,BSE,Aditya Birla Housing Finance Ltd,732258,Intimation for Appointment of Additional Non-Executive Non - Independent Directors and Additional Non-Executive Independent Director of the Company.,20-Sep-2026 13:10:53,https://www.bseindia.com/xml-data/corpfiling/AttachLive/4a1e0218-db47-41f4-982c-dacd4cd7c382.pdf,Intimation for Appointment of Additional Non-Executive Non - Independent Directors and Additional Non-Executive Independent Director of the Company.,2026-09-20T08:44:54.049473+00:00,Management Change,HIGH
94718d110a3dc3d1,BSE,Aditya Birla Housing Finance Ltd,732242,Intimation for Appointment of Additional Non-Executive Non - Independent Directors and Additional Non-Executive Independent Director of the Company.,20-Sep-2026 13:10:53,https://www.bseindia.com/xml-data/corpfiling/AttachLive/4a1e0218-db47-41f4-982c-dacd4cd7c382.pdf,Intimation for Appointment of Additional Non-Executive Non - Independent Directors and Additional Non-Executive Independent Director of the Company.,2026-09-20T08:44:54.049501+00:00,Management Change,HIGH
40a5506838491702,BSE,Aditya Birla Housing Finance Ltd,732211,Intimation for Appointment of Additional Non-Executive Non - Independent Directors and Additional Non-Executive Independent Director of the Company.,20-Sep-2026 13:10:53,https://www.bseindia.com/xml-data/corpfiling/AttachLive/4a1e0218-db47-41f4-982c-dacd4cd7c382.pdf,Intimation for Appointment of Additional Non-Executive Non - Independent Directors and Additional Non-Executive Independent Director of the Company.,2026-09-20T08:44:54.049525+00:00,Management Change,HIGH
8e610e37b071b0f0,BSE,Aditya Birla Housing Finance Ltd,732182,Intimation for Appointment of Additional Non-Executive Non - Independent Directors and Additional Non-Executive Independent Director of the Company.,20-Sep-2026 13:10:53,https://www.bseindia.com/xml-data/corpfiling/AttachLive/4a1e0218-db47-41f4-982c-dacd4cd7c382.pdf,Intimation for Appointment of Additional Non-Executive Non - Independent Directors and Additional Non-Executive Independent Director of the Company.,2026-09-20T08:44:54.049550+00:00,Management Change,HIGH
f9d12ce96d846187,BSE,Aditya Birla Housing Finance Ltd,732180,Intimation for Appointment of Additional Non-Executive Non - Independent Directors and Additional Non-Executive Independent Director of the Company.,20-Sep-2026 13:10:53,https://www.bseindia.com/xml-data/corpfiling/AttachLive/4a1e0218-db47-41f4-982c-dacd4cd7c382.pdf,Intimation for Appointment of Additional Non-Executive Non - Independent Directors and Additional Non-Executive Independent Director of the Company.,2026-09-20T08:44:54.049575+00:00,Management Change,HIGH
cbcc4b7bf3713f2c,BSE,Aditya Birla Housing Finance Ltd,732148,Intimation for Appointment of Additional Non-Executive Non - Independent Directors and Additional Non-Executive Independent Director of the Company.,20-Sep-2026 13:10:53,https://www.bseindia.com/xml-data/corpfiling/AttachLive/4a1e0218-db47-41f4-982c-dacd4cd7c382.pdf,Intimation for Appointment of Additional Non-Executive Non - Independent Directors and Additional Non-Executive Independent Director of the Company.,2026-09-20T08:44:54.049599+00:00,Management Change,HIGH
e99234980aef5b2d,BSE,Aditya Birla Housing Finance Ltd,732128,Intimation for Appointment of Additional Non-Executive Non - Independent Directors and Additional Non-Executive Independent Director of the Company.,20-Sep-2026 13:10:53,https://www.bseindia.com/xml-data/corpfiling/AttachLive/4a1e0218-db47-41f4-982c-dacd4cd7c382.pdf,Intimation for Appointment of Additional Non-Executive Non - Independent Directors and Additional Non-Executive Independent Director of the Company.,2026-09-20T08:44:54.049624+00:00,Management Change,HIGH
d4b0d79d8b6f545c,BSE,Aditya Birla Housing Finance Ltd,731973,Intimation for Appointment of Additional Non-Executive Non - Independent Directors and Additional Non-Executive Independent Director of the Company.,20-Sep-2026 13:10:53,https://www.bseindia.com/xml-data/corpfiling/AttachLive/4a1e0218-db47-41f4-982c-dacd4cd7c382.pdf,Intimation for Appointment of Additional Non-Executive Non - Independent Directors and Additional Non-Executive Independent Director of the Company.,2026-09-20T08:44:54.049648+00:00,Management Change,HIGH
619b16a3ea45d155,BSE,Aditya Birla Housing Finance Ltd,731897,Intimation for Appointment of Additional Non-Executive Non - Independent Directors and Additional Non-Executive Independent Director of the Company.,20-Sep-2026 13:10:53,https://www.bseindia.com/xml-data/corpfiling/AttachLive/4a1e0218-db47-41f4-982c-dacd4cd7c382.pdf,Intimation for Appointment of Additional Non-Executive Non - Independent Directors and Additional Non-Executive Independent Director of the Company.,2026-09-20T08:44:54.049679+00:00,Management Change,HIGH
c1d10f63aaa0344c,BSE,Aditya Birla Housing Finance Ltd,731850,Intimation for Appointment of Additional Non-Executive Non - Independent Directors and Additional Non-Executive Independent Director of the Company.,20-Sep-2026 13:10:53,https://www.bseindia.com/xml-data/corpfiling/AttachLive/4a1e0218-db47-41f4-982c-dacd4cd7c382.pdf,Intimation for Appointment of Additional Non-Executive Non - Independent Directors and Additional Non-Executive Independent Director of the Company.,2026-09-20T08:44:54.049703+00:00,Management Change,HIGH
a50c09a8c356487b,BSE,Aditya Birla Housing Finance Ltd,731635,Intimation for Appointment of Additional Non-Executive Non - Independent Directors and Additional Non-Executive Independent Director of the Company.,20-Sep-2026 13:10:53,https://www.bseindia.com/xml-data/corpfiling/AttachLive/4a1e0218-db47-41f4-982c-dacd4cd7c382.pdf,Intimation for Appointment of Additional Non-Executive Non - Independent Directors and Additional Non-Executive Independent Director of the Company.,2026-09-20T08:44:54.049727+00:00,Management Change,HIGH
9b71f4eadb939ae6,BSE,Aditya Birla Housing Finance Ltd,731611,Intimation for Appointment of Additional Non-Executive Non - Independent Directors and Additional Non-Executive Independent Director of the Company.,20-Sep-2026 13:10:53,https://www.bseindia.com/xml-data/corpfiling/AttachLive/4a1e0218-db47-41f4-982c-dacd4cd7c382.pdf,Intimation for Appointment of Additional Non-Executive Non - Independent Directors and Additional Non-Executive Independent Director of the Company.,2026-09-20T08:44:54.049752+00:00,Management Change,HIGH
a5f05c2048f1da20,BSE,Aditya Birla Housing Finance Ltd,731306,Intimation for Appointment of Additional Non-Executive Non - Independent Directors and Additional Non-Executive Independent Director of the Company.,20-Sep-2026 13:10:53,https://www.bseindia.com/xml-data/corpfiling/AttachLive/4a1e0218-db47-41f4-982c-dacd4cd7c382.pdf,Intimation for Appointment of Additional Non-Executive Non - Independent Directors and Additional Non-Executive Independent Director of the Company.,2026-09-20T08:44:54.049776+00:00,Management Change,HIGH
51c3e515146dcec4,BSE,Aditya Birla Housing Finance Ltd,731272,Intimation for Appointment of Additional Non-Executive Non - Independent Directors and Additional Non-Executive Independent Director of the Company.,20-Sep-2026 13:10:53,https://www.bseindia.com/xml-data/corpfiling/AttachLive/4a1e0218-db47-41f4-982c-dacd4cd7c382.pdf,Intimation for Appointment of Additional Non-Executive Non - Independent Directors and Additional Non-Executive Independent Director of the Company.,2026-09-20T08:44:54.049801+00:00,Management Change,HIGH
f0d18d3a69ba9a90,BSE,Aditya Birla Housing Finance Ltd,731230,Intimation for Appointment of Additional Non-Executive Non - Independent Directors and Additional Non-Executive Independent Director of the Company.,20-Sep-2026 13:10:53,https://www.bseindia.com/xml-data/corpfiling/AttachLive/4a1e0218-db47-41f4-982c-dacd4cd7c382.pdf,Intimation for Appointment of Additional Non-Executive Non - Independent Directors and Additional Non-Executive Independent Director of the Company.,2026-09-20T08:44:54.049826+00:00,Management Change,HIGH
ceb4354f9cdfce03,BSE,ABHFL-23-2-27-CP,731187,Intimation for Appointment of Additional Non-Executive Non - Independent Directors and Additional Non-Executive Independent Director of the Company.,20-Sep-2026 13:10:53,https://www.bseindia.com/xml-data/corpfiling/AttachLive/4a1e0218-db47-41f4-982c-dacd4cd7c382.pdf,Intimation for Appointment of Additional Non-Executive Non - Independent Directors and Additional Non-Executive Independent Director of the Company.,2026-09-20T08:44:54.049850+00:00,Management Change,HIGH
8452b51d8cfbd80e,BSE,Aditya Birla Housing Finance Ltd,731110,Intimation for Appointment of Additional Non-Executive Non - Independent Directors and Additional Non-Executive Independent Director of the Company.,20-Sep-2026 13:10:53,https://www.bseindia.com/xml-data/corpfiling/AttachLive/4a1e0218-db47-41f4-982c-dacd4cd7c382.pdf,Intimation for Appointment of Additional Non-Executive Non - Independent Directors and Additional Non-Executive Independent Director of the Company.,2026-09-20T08:44:54.049874+00:00,Management Change,HIGH
1b44eac86bf4c7ee,BSE,Aditya Birla Housing Finance Ltd,731058,Intimation for Appointment of Additional Non-Executive Non - Independent Directors and Additional Non-Executive Independent Director of the Company.,20-Sep-2026 13:10:53,https://www.bseindia.com/xml-data/corpfiling/AttachLive/4a1e0218-db47-41f4-982c-dacd4cd7c382.pdf,Intimation for Appointment of Additional Non-Executive Non - Independent Directors and Additional Non-Executive Independent Director of the Company.,2026-09-20T08:44:54.049898+00:00,Management Change,HIGH
584d51bec56902fa,BSE,Aditya Birla Housing Finance Ltd,731029,Intimation for Appointment of Additional Non-Executive Non - Independent Directors and Additional Non-Executive Independent Director of the Company.,20-Sep-2026 13:10:53,https://www.bseindia.com/xml-data/corpfiling/AttachLive/4a1e0218-db47-41f4-982c-dacd4cd7c382.pdf,Intimation for Appointment of Additional Non-Executive Non - Independent Directors and Additional Non-Executive Independent Director of the Company.,2026-09-20T08:44:54.049923+00:00,Management Change,HIGH
f30bb2be0e333de5,BSE,ABHFL-5-5-26-CP,731010,Intimation for Appointment of Additional Non-Executive Non - Independent Directors and Additional Non-Executive Independent Director of the Company.,20-Sep-2026 13:10:53,https://www.bseindia.com/xml-data/corpfiling/AttachLive/4a1e0218-db47-41f4-982c-dacd4cd7c382.pdf,Intimation for Appointment of Additional Non-Executive Non - Independent Directors and Additional Non-Executive Independent Director of the Company.,2026-09-20T08:44:54.049946+00:00,Management Change,HIGH
e5b284f6d79fd609,BSE,Aditya Birla Housing Finance Ltd,730919,Intimation for Appointment of Additional Non-Executive Non - Independent Directors and Additional Non-Executive Independent Director of the Company.,20-Sep-2026 13:10:53,https://www.bseindia.com/xml-data/corpfiling/AttachLive/4a1e0218-db47-41f4-982c-dacd4cd7c382.pdf,Intimation for Appointment of Additional Non-Executive Non - Independent Directors and Additional Non-Executive Independent Director of the Company.,2026-09-20T08:44:54.049971+00:00,Management Change,HIGH
814f8ebfd827243e,BSE,Aditya Birla Housing Finance Ltd,730913,Intimation for Appointment of Additional Non-Executive Non - Independent Directors and Additional Non-Executive Independent Director of the Company.,20-Sep-2026 13:10:53,https://www.bseindia.com/xml-data/corpfiling/AttachLive/4a1e0218-db47-41f4-982c-dacd4cd7c382.pdf,Intimation for Appointment of Additional Non-Executive Non - Independent Directors and Additional Non-Executive Independent Director of the Company.,2026-09-20T08:44:54.049995+00:00,Management Change,HIGH
cc381b2563ae7f99,BSE,Aditya Birla Housing Finance Ltd,730589,Intimation for Appointment of Additional Non-Executive Non - Independent Directors and Additional Non-Executive Independent Director of the Company.,20-Sep-2026 13:10:53,https://www.bseindia.com/xml-data/corpfiling/AttachLive/4a1e0218-db47-41f4-982c-dacd4cd7c382.pdf,Intimation for Appointment of Additional Non-Executive Non - Independent Directors and Additional Non-Executive Independent Director of the Company.,2026-09-20T08:44:54.050019+00:00,Management Change,HIGH
1cf2c0f8d73a78f3,BSE,Continental Securities Ltd,538868,Disclosure received to the company under regulation 7(2)(b) of SEBI(PIT) from one of the promoter group of the company.,20-Sep-2026 13:09:17,https://www.bseindia.com/xml-data/corpfiling/AttachLive/d326721c-ef61-4c9a-8127-aa47de939b78.pdf,Disclosure received to the company under regulation 7(2)(b) of SEBI(PIT) from one of the promoter group of the company.,2026-09-20T08:44:54.050042+00:00,Other,MEDIUM
360afa0a81ba9600,BSE,Vedant Fashions Ltd,543463,Vedant Fashions Limited has informed the Exchange about a schedule of meet with the Institutional Investor/Analyst vide the enclosed Letter.,20-Sep-2026 13:07:12,https://www.bseindia.com/xml-data/corpfiling/AttachLive/a05a6ab9-8ba5-4502-b093-2d9bfad36288.pdf,Vedant Fashions Limited has informed the Exchange about a schedule of meet with the Institutional Investor/Analyst vide the enclosed Letter.,2026-09-20T08:44:54.050067+00:00,Other,MEDIUM
2ea4ca1d8b7695d4,BSE,Maple Infrastructure Trust,543925,Maple Infrastructure Trust has informed the Exchange regarding Disclosure of material issue,20-Sep-2026 13:02:37,https://www.bseindia.com/xml-data/corpfiling/AttachLive/ba941f26-d6b8-48c7-913d-56d86555a058.pdf,Maple Infrastructure Trust has informed the Exchange regarding Disclosure of material issue,2026-09-20T08:44:54.050097+00:00,Other,MEDIUM
402f16f47d953a81,BSE,SBI Nifty 500 Index Fund - Direct Plan - IDCW (9004258),,SBI Nifty 500 Index Fund - Direct Plan - IDCW (9004258),20-Sep-2026 12:56:49,https://www.bseindia.com/xml-data/corpfiling/AttachLive/747dec2c-e682-4cfe-ab20-e9c8e979fa93.pdf,SBIMF Fortnightly Portfolio 15092026,2026-09-20T08:44:54.050117+00:00,Other,MEDIUM
cda2714a1e9fba2c,BSE,SBI Innovative Opportunities Fund - Regular Plan - IDCW (9004257),,SBI Innovative Opportunities Fund - Regular Plan - IDCW (9004257),20-Sep-2026 12:56:49,https://www.bseindia.com/xml-data/corpfiling/AttachLive/747dec2c-e682-4cfe-ab20-e9c8e979fa93.pdf,SBIMF Fortnightly Portfolio 15092026,2026-09-20T08:44:54.050139+00:00,Other,MEDIUM
2f9257494f2281da,BSE,SBI Automotive Opportunities Fund-Regular Growth (9004256),,SBI Automotive Opportunities Fund-Regular Growth (9004256),20-Sep-2026 12:56:49,https://www.bseindia.com/xml-data/corpfiling/AttachLive/747dec2c-e682-4cfe-ab20-e9c8e979fa93.pdf,SBIMF Fortnightly Portfolio 15092026,2026-09-20T08:44:54.050157+00:00,Other,MEDIUM
7ffa2ffde82af925,BSE,SBI Innovative Opportunities Fund - Direct Growth (9004255),,SBI Innovative Opportunities Fund - Direct Growth (9004255),20-Sep-2026 12:56:49,https://www.bseindia.com/xml-data/corpfiling/AttachLive/747dec2c-e682-4cfe-ab20-e9c8e979fa93.pdf,SBIMF Fortnightly Portfolio 15092026,2026-09-20T08:44:54.050176+00:00,Other,MEDIUM
9ead8485046b549e,BSE,SBI Innovative Opportunities Fund - Direct Plan - IDCW (9004254),,SBI Innovative Opportunities Fund - Direct Plan - IDCW (9004254),20-Sep-2026 12:56:49,https://www.bseindia.com/xml-data/corpfiling/AttachLive/747dec2c-e682-4cfe-ab20-e9c8e979fa93.pdf,SBIMF Fortnightly Portfolio 15092026,2026-09-20T08:44:54.050195+00:00,Other,MEDIUM
80cbbda8dcdae872,BSE,SBI Silver ETF Fund of Fund - Direct Plan - IDCW (9004253),,SBI Silver ETF Fund of Fund - Direct Plan - IDCW (9004253),20-Sep-2026 12:56:49,https://www.bseindia.com/xml-data/corpfiling/AttachLive/747dec2c-e682-4cfe-ab20-e9c8e979fa93.pdf,SBIMF Fortnightly Portfolio 15092026,2026-09-20T08:44:54.050213+00:00,Other,MEDIUM
5b0037fb7f9b8e7d,BSE,SBI Silver ETF Fund of Fund - Regular Plan - IDCW Payout (9004252),,SBI Silver ETF Fund of Fund - Regular Plan - IDCW Payout (9004252),20-Sep-2026 12:56:49,https://www.bseindia.com/xml-data/corpfiling/AttachLive/747dec2c-e682-4cfe-ab20-e9c8e979fa93.pdf,SBIMF Fortnightly Portfolio 15092026,2026-09-20T08:44:54.050231+00:00,Other,MEDIUM
24be99bb7a232abc,BSE,SBI Automotive Opportunities Fund- Direct Plan - IDCW (9004251),,SBI Automotive Opportunities Fund- Direct Plan - IDCW (9004251),20-Sep-2026 12:56:48,https://www.bseindia.com/xml-data/corpfiling/AttachLive/747dec2c-e682-4cfe-ab20-e9c8e979fa93.pdf,SBIMF Fortnightly Portfolio 15092026,2026-09-20T08:44:54.050249+00:00,Other,MEDIUM
cb211f27d9ae86e9,BSE,SBI Energy Opportunities Fund - Direct Growth (9004250),,SBI Energy Opportunities Fund - Direct Growth (9004250),20-Sep-2026 12:56:48,https://www.bseindia.com/xml-data/corpfiling/AttachLive/747dec2c-e682-4cfe-ab20-e9c8e979fa93.pdf,SBIMF Fortnightly Portfolio 15092026,2026-09-20T08:44:54.050266+00:00,Other,MEDIUM
ade2fabae9445a12,BSE,SBI Nifty 500 Index Fund - Regular Plan - IDCW (9004249),,SBI Nifty 500 Index Fund - Regular Plan - IDCW (9004249),20-Sep-2026 12:56:48,https://www.bseindia.com/xml-data/corpfiling/AttachLive/747dec2c-e682-4cfe-ab20-e9c8e979fa93.pdf,SBIMF Fortnightly Portfolio 15092026,2026-09-20T08:44:54.050283+00:00,Other,MEDIUM
5ec7c3a0228c8cec,BSE,SBI Automotive Opportunities Fund - Direct Growth (9004248),,SBI Automotive Opportunities Fund - Direct Growth (9004248),20-Sep-2026 12:56:48,https://www.bseindia.com/xml-data/corpfiling/AttachLive/747dec2c-e682-4cfe-ab20-e9c8e979fa93.pdf,SBIMF Fortnightly Portfolio 15092026,2026-09-20T08:44:54.050302+00:00,Other,MEDIUM
6d1aecdcc342932f,BSE,SBI Innovative Opportunities Fund - Direct Plan - IDCW Payout (9004247),,SBI Innovative Opportunities Fund - Direct Plan - IDCW Payout (9004247),20-Sep-2026 12:56:48,https://www.bseindia.com/xml-data/corpfiling/AttachLive/747dec2c-e682-4cfe-ab20-e9c8e979fa93.pdf,SBIMF Fortnightly Portfolio 15092026,2026-09-20T08:44:54.050320+00:00,Other,MEDIUM
cc287992f066cf7d,BSE,SBI Nifty50 Equal Weight Index Fund-Regular Plan-IDCW Payout (9004246),,SBI Nifty50 Equal Weight Index Fund-Regular Plan-IDCW Payout (9004246),20-Sep-2026 12:56:48,https://www.bseindia.com/xml-data/corpfiling/AttachLive/747dec2c-e682-4cfe-ab20-e9c8e979fa93.pdf,SBIMF Fortnightly Portfolio 15092026,2026-09-20T08:44:54.050339+00:00,Other,MEDIUM
539eef0cf7b3af28,BSE,SBI Energy Opportunities Fund- Direct Plan - IDCW Payout (9004245),,SBI Energy Opportunities Fund- Direct Plan - IDCW Payout (9004245),20-Sep-2026 12:56:48,https://www.bseindia.com/xml-data/corpfiling/AttachLive/747dec2c-e682-4cfe-ab20-e9c8e979fa93.pdf,SBIMF Fortnightly Portfolio 15092026,2026-09-20T08:44:54.050356+00:00,Other,MEDIUM
ba7a50fe2a8d416e,BSE,SBI BSE Sensex Index Fund - Regular Plan - IDCW (9004244),,SBI BSE Sensex Index Fund - Regular Plan - IDCW (9004244),20-Sep-2026 12:56:48,https://www.bseindia.com/xml-data/corpfiling/AttachLive/747dec2c-e682-4cfe-ab20-e9c8e979fa93.pdf,SBIMF Fortnightly Portfolio 15092026,2026-09-20T08:44:54.050373+00:00,Other,MEDIUM
d18597e8efb8da9d,BSE,SBI Fixed Maturity Plan (FMP)-Series 81 (1157 Days) Direct Growth (9004243),,SBI Fixed Maturity Plan (FMP)-Series 81 (1157 Days) Direct Growth (9004243),20-Sep-2026 12:56:48,https://www.bseindia.com/xml-data/corpfiling/AttachLive/747dec2c-e682-4cfe-ab20-e9c8e979fa93.pdf,SBIMF Fortnightly Portfolio 15092026,2026-09-20T08:44:54.050395+00:00,Other,MEDIUM
5642edacbce89acf,BSE,SBI Dividend Yield Fund - Regular Plan - IDCW (9004242),,SBI Dividend Yield Fund - Regular Plan - IDCW (9004242),20-Sep-2026 12:56:48,https://www.bseindia.com/xml-data/corpfiling/AttachLive/747dec2c-e682-4cfe-ab20-e9c8e979fa93.pdf,SBIMF Fortnightly Portfolio 15092026,2026-09-20T08:44:54.050413+00:00,Other,MEDIUM
544d8fd5176ac7c4,BSE,SBI SILVER ETF (9004241),,SBI SILVER ETF (9004241),20-Sep-2026 12:56:48,https://www.bseindia.com/xml-data/corpfiling/AttachLive/747dec2c-e682-4cfe-ab20-e9c8e979fa93.pdf,SBIMF Fortnightly Portfolio 15092026,2026-09-20T08:44:54.050427+00:00,Other,MEDIUM
cdf476cd46eed7f0,BSE,SBI Dividend Yield Fund - Direct Plan - Growth (9004240),,SBI Dividend Yield Fund - Direct Plan - Growth (9004240),20-Sep-2026 12:56:48,https://www.bseindia.com/xml-data/corpfiling/AttachLive/747dec2c-e682-4cfe-ab20-e9c8e979fa93.pdf,SBIMF Fortnightly Portfolio 15092026,2026-09-20T08:44:54.050444+00:00,Other,MEDIUM
f01262af9109cd84,BSE,SBI BSE Sensex Index Fund-Regular Plan-IDCW Payout (9004239),,SBI BSE Sensex Index Fund-Regular Plan-IDCW Payout (9004239),20-Sep-2026 12:56:48,https://www.bseindia.com/xml-data/corpfiling/AttachLive/747dec2c-e682-4cfe-ab20-e9c8e979fa93.pdf,SBIMF Fortnightly Portfolio 15092026,2026-09-20T08:44:54.050464+00:00,Other,MEDIUM
137a5b96eb177204,BSE,SBI Automotive Opportunities Fund-Regular Plan-IDCW (9004238),,SBI Automotive Opportunities Fund-Regular Plan-IDCW (9004238),20-Sep-2026 12:56:48,https://www.bseindia.com/xml-data/corpfiling/AttachLive/747dec2c-e682-4cfe-ab20-e9c8e979fa93.pdf,SBIMF Fortnightly Portfolio 15092026,2026-09-20T08:44:54.050481+00:00,Other,MEDIUM
10dcbc1e23f34235,BSE,SBI Nifty 500 Index Fund - Direct Growth (9004237),,SBI Nifty 500 Index Fund - Direct Growth (9004237),20-Sep-2026 12:56:48,https://www.bseindia.com/xml-data/corpfiling/AttachLive/747dec2c-e682-4cfe-ab20-e9c8e979fa93.pdf,SBIMF Fortnightly Portfolio 15092026,2026-09-20T08:44:54.050498+00:00,Other,MEDIUM
502a408cf474e41f,BSE,SBI Nifty 500 Index Fund - Regular Growth (9004236),,SBI Nifty 500 Index Fund - Regular Growth (9004236),20-Sep-2026 12:56:48,https://www.bseindia.com/xml-data/corpfiling/AttachLive/747dec2c-e682-4cfe-ab20-e9c8e979fa93.pdf,SBIMF Fortnightly Portfolio 15092026,2026-09-20T08:44:54.050514+00:00,Other,MEDIUM
feff45254de4cfc3,BSE,SBI BSE Sensex Index Fund-Direct Plan-Growth (9004235),,SBI BSE Sensex Index Fund-Direct Plan-Growth (9004235),20-Sep-2026 12:56:48,https://www.bseindia.com/xml-data/corpfiling/AttachLive/747dec2c-e682-4cfe-ab20-e9c8e979fa93.pdf,SBIMF Fortnightly Portfolio 15092026,2026-09-20T08:44:54.050531+00:00,Other,MEDIUM
3298c69dd71cb20d,BSE,SBI Dividend Yield Fund - Direct Plan - IDCW (9004234),,SBI Dividend Yield Fund - Direct Plan - IDCW (9004234),20-Sep-2026 12:56:48,https://www.bseindia.com/xml-data/corpfiling/AttachLive/747dec2c-e682-4cfe-ab20-e9c8e979fa93.pdf,SBIMF Fortnightly Portfolio 15092026,2026-09-20T08:44:54.050547+00:00,Other,MEDIUM
71ac46b4a5cede0d,BSE,SBI Innovative Opportunities Fund - Regular Growth (9004233),,SBI Innovative Opportunities Fund - Regular Growth (9004233),20-Sep-2026 12:56:48,https://www.bseindia.com/xml-data/corpfiling/AttachLive/747dec2c-e682-4cfe-ab20-e9c8e979fa93.pdf,SBIMF Fortnightly Portfolio 15092026,2026-09-20T08:44:54.050565+00:00,Other,MEDIUM
a3c52a4350c0a7eb,BSE,SBI BSE Sensex Index Fund - Direct Plan - IDCW (9004232),,SBI BSE Sensex Index Fund - Direct Plan - IDCW (9004232),20-Sep-2026 12:56:48,https://www.bseindia.com/xml-data/corpfiling/AttachLive/747dec2c-e682-4cfe-ab20-e9c8e979fa93.pdf,SBIMF Fortnightly Portfolio 15092026,2026-09-20T08:44:54.050582+00:00,Other,MEDIUM
e04d89a2fabacc35,BSE,SBI CRISIL IBX Gilt Index - June 2036 Fund - Regular Plan - IDCW Payout (9004231),,SBI CRISIL IBX Gilt Index - June 2036 Fund - Regular Plan - IDCW Payout (9004231),20-Sep-2026 12:56:48,https://www.bseindia.com/xml-data/corpfiling/AttachLive/747dec2c-e682-4cfe-ab20-e9c8e979fa93.pdf,SBIMF Fortnightly Portfolio 15092026,2026-09-20T08:44:54.050602+00:00,Other,MEDIUM
896741b2af181512,BSE,SBI CRISIL IBX SDL Index - September 2027 Fund - Direct Plan - IDCW Payout (9004230),,SBI CRISIL IBX SDL Index - September 2027 Fund - Direct Plan - IDCW Payout (9004230),20-Sep-2026 12:56:48,https://www.bseindia.com/xml-data/corpfiling/AttachLive/747dec2c-e682-4cfe-ab20-e9c8e979fa93.pdf,SBIMF Fortnightly Portfolio 15092026,2026-09-20T08:44:54.050622+00:00,Other,MEDIUM
9a14c5fc66739353,BSE,SBI Fixed Maturity Plan (FMP) - Series 73 (1226 Days) Dir Growth (9004229),,SBI Fixed Maturity Plan (FMP) - Series 73 (1226 Days) Dir Growth (9004229),20-Sep-2026 12:56:48,https://www.bseindia.com/xml-data/corpfiling/AttachLive/747dec2c-e682-4cfe-ab20-e9c8e979fa93.pdf,SBIMF Fortnightly Portfolio 15092026,2026-09-20T08:44:54.050642+00:00,Other,MEDIUM
c4586c161c021d0e,BSE,SBI Nifty India Consumption Index Fund - Direct Growth (9004228),,SBI Nifty India Consumption Index Fund - Direct Growth (9004228),20-Sep-2026 12:56:48,https://www.bseindia.com/xml-data/corpfiling/AttachLive/747dec2c-e682-4cfe-ab20-e9c8e979fa93.pdf,SBIMF Fortnightly Portfolio 15092026,2026-09-20T08:44:54.050659+00:00,Other,MEDIUM
4b6ef5972ea6ba40,BSE,SBI Nifty50 Equal Weight Index Fund-Direct Plan-IDCW Payout (9004227),,SBI Nifty50 Equal Weight Index Fund-Direct Plan-IDCW Payout (9004227),20-Sep-2026 12:56:48,https://www.bseindia.com/xml-data/corpfiling/AttachLive/747dec2c-e682-4cfe-ab20-e9c8e979fa93.pdf,SBIMF Fortnightly Portfolio 15092026,2026-09-20T08:44:54.050677+00:00,Other,MEDIUM
96862421797c1b93,BSE,SBI Nifty India Consumption Index Fund - Regular Growth (9004226),,SBI Nifty India Consumption Index Fund - Regular Growth (9004226),20-Sep-2026 12:56:48,https://www.bseindia.com/xml-data/corpfiling/AttachLive/747dec2c-e682-4cfe-ab20-e9c8e979fa93.pdf,SBIMF Fortnightly Portfolio 15092026,2026-09-20T08:44:54.050695+00:00,Other,MEDIUM
7ea73acf37c07e1a,BSE,SBI Fixed Maturity Plan (FMP) - Series 72 (1239 Days) Dir Growth (9004225),,SBI Fixed Maturity Plan (FMP) - Series 72 (1239 Days) Dir Growth (9004225),20-Sep-2026 12:56:48,https://www.bseindia.com/xml-data/corpfiling/AttachLive/747dec2c-e682-4cfe-ab20-e9c8e979fa93.pdf,SBIMF Fortnightly Portfolio 15092026,2026-09-20T08:44:54.050714+00:00,Other,MEDIUM
0e719e9a93900800,BSE,SBI Silver ETF Fund of Fund - Direct Growth (9004224),,SBI Silver ETF Fund of Fund - Direct Growth (9004224),20-Sep-2026 12:56:48,https://www.bseindia.com/xml-data/corpfiling/AttachLive/747dec2c-e682-4cfe-ab20-e9c8e979fa93.pdf,SBIMF Fortnightly Portfolio 15092026,2026-09-20T08:44:54.050731+00:00,Other,MEDIUM
70ffdd54701ccae1,BSE,SBI Nifty50 Equal Weight Index Fund-Direct Plan-Growth (9004223),,SBI Nifty50 Equal Weight Index Fund-Direct Plan-Growth (9004223),20-Sep-2026 12:56:48,https://www.bseindia.com/xml-data/corpfiling/AttachLive/747dec2c-e682-4cfe-ab20-e9c8e979fa93.pdf,SBIMF Fortnightly Portfolio 15092026,2026-09-20T08:44:54.050748+00:00,Other,MEDIUM
6ecb29a91848ab7d,BSE,SBI Multicap Fund - Direct Plan - IDCW Payout (9004222),,SBI Multicap Fund - Direct Plan - IDCW Payout (9004222),20-Sep-2026 12:56:48,https://www.bseindia.com/xml-data/corpfiling/AttachLive/747dec2c-e682-4cfe-ab20-e9c8e979fa93.pdf,SBIMF Fortnightly Portfolio 15092026,2026-09-20T08:44:54.050765+00:00,Other,MEDIUM
d1b4c450a39206f8,BSE,SBI Fixed Maturity Plan (FMP) - Series 47 (1434 Days) Direct Plan - IDCW (9004221),,SBI Fixed Maturity Plan (FMP) - Series 47 (1434 Days) Direct Plan - IDCW (9004221),20-Sep-2026 12:56:48,https://www.bseindia.com/xml-data/corpfiling/AttachLive/747dec2c-e682-4cfe-ab20-e9c8e979fa93.pdf,SBIMF Fortnightly Portfolio 15092026,2026-09-20T08:44:54.050786+00:00,Other,MEDIUM
feb21c69319623de,BSE,SBI CRISIL IBX Gilt Index - June 2036 Fund - Regular Plan - Growth (9004220),,SBI CRISIL IBX Gilt Index - June 2036 Fund - Regular Plan - Growth (9004220),20-Sep-2026 12:56:48,https://www.bseindia.com/xml-data/corpfiling/AttachLive/747dec2c-e682-4cfe-ab20-e9c8e979fa93.pdf,SBIMF Fortnightly Portfolio 15092026,2026-09-20T08:44:54.050805+00:00,Other,MEDIUM
0ec0d10a38ca3253,BSE,SBI CRISIL IBX SDL Index - September 2027 Fund - Direct Plan - Growth (9004219),,SBI CRISIL IBX SDL Index - September 2027 Fund - Direct Plan - Growth (9004219),20-Sep-2026 12:56:48,https://www.bseindia.com/xml-data/corpfiling/AttachLive/747dec2c-e682-4cfe-ab20-e9c8e979fa93.pdf,SBIMF Fortnightly Portfolio 15092026,2026-09-20T08:44:54.050824+00:00,Other,MEDIUM
a887bd5899647106,BSE,SBI Fixed Maturity Plan (FMP)- Series 74 (1243 Days) - Regular Growth (9004218),,SBI Fixed Maturity Plan (FMP)- Series 74 (1243 Days) - Regular Growth (9004218),20-Sep-2026 12:56:48,https://www.bseindia.com/xml-data/corpfiling/AttachLive/747dec2c-e682-4cfe-ab20-e9c8e979fa93.pdf,SBIMF Fortnightly Portfolio 15092026,2026-09-20T08:44:54.050843+00:00,Other,MEDIUM
1ac93ed3b43a1012,BSE,SBI Nifty Midcap 150 Index Fund - Direct Plan - IDCW (9004217),,SBI Nifty Midcap 150 Index Fund - Direct Plan - IDCW (9004217),20-Sep-2026 12:56:48,https://www.bseindia.com/xml-data/corpfiling/AttachLive/747dec2c-e682-4cfe-ab20-e9c8e979fa93.pdf,SBIMF Fortnightly Portfolio 15092026,2026-09-20T08:44:54.050861+00:00,Other,MEDIUM
a2a7e9de4fd98c1d,BSE,SBI Fixed Maturity Plan (FMP) - Series 50 (1843 Days) Dir Growth (9004216),,SBI Fixed Maturity Plan (FMP) - Series 50 (1843 Days) Dir Growth (9004216),20-Sep-2026 12:56:48,https://www.bseindia.com/xml-data/corpfiling/AttachLive/747dec2c-e682-4cfe-ab20-e9c8e979fa93.pdf,SBIMF Fortnightly Portfolio 15092026,2026-09-20T08:44:54.050880+00:00,Other,MEDIUM
bbb9ae4379b96853,BSE,SBI Fixed Maturity Plan (FMP) - Series 48 (1458 Days) Dir Growth (9004215),,SBI Fixed Maturity Plan (FMP) - Series 48 (1458 Days) Dir Growth (9004215),20-Sep-2026 12:56:48,https://www.bseindia.com/xml-data/corpfiling/AttachLive/747dec2c-e682-4cfe-ab20-e9c8e979fa93.pdf,SBIMF Fortnightly Portfolio 15092026,2026-09-20T08:44:54.050899+00:00,Other,MEDIUM
feb4446967471901,BSE,SBI Fixed Maturity Plan (FMP) - Series 48 (1458 Days) Regular Plan - IDCW (9004214),,SBI Fixed Maturity Plan (FMP) - Series 48 (1458 Days) Regular Plan - IDCW (9004214),20-Sep-2026 12:56:48,https://www.bseindia.com/xml-data/corpfiling/AttachLive/747dec2c-e682-4cfe-ab20-e9c8e979fa93.pdf,SBIMF Fortnightly Portfolio 15092026,2026-09-20T08:44:54.050919+00:00,Other,MEDIUM
96caa94825f5cdd5,BSE,SBI CPSE Bond Plus SDL Sep 2026 50:50 Index Fund  - Regular Plan - IDCW (9004213),,SBI CPSE Bond Plus SDL Sep 2026 50:50 Index Fund - Regular Plan - IDCW (9004213),20-Sep-2026 12:56:48,https://www.bseindia.com/xml-data/corpfiling/AttachLive/747dec2c-e682-4cfe-ab20-e9c8e979fa93.pdf,SBIMF Fortnightly Portfolio 15092026,2026-09-20T08:44:54.050941+00:00,Other,MEDIUM
adae11473f323bb0,BSE,SBI Fixed Maturity Plan (FMP) - Series 50 (1843 Days) Direct Plan - IDCW (9004212),,SBI Fixed Maturity Plan (FMP) - Series 50 (1843 Days) Direct Plan - IDCW (9004212),20-Sep-2026 12:56:48,https://www.bseindia.com/xml-data/corpfiling/AttachLive/747dec2c-e682-4cfe-ab20-e9c8e979fa93.pdf,SBIMF Fortnightly Portfolio 15092026,2026-09-20T08:44:54.050960+00:00,Other,MEDIUM
4fc2dd17aa7bf751,BSE,SBI CRISIL IBX Gilt Index - April 2029 Fund - Regular Plan - IDCW Payout (9004211),,SBI CRISIL IBX Gilt Index - April 2029 Fund - Regular Plan - IDCW Payout (9004211),20-Sep-2026 12:56:48,https://www.bseindia.com/xml-data/corpfiling/AttachLive/747dec2c-e682-4cfe-ab20-e9c8e979fa93.pdf,SBIMF Fortnightly Portfolio 15092026,2026-09-20T08:44:54.050980+00:00,Other,MEDIUM
0e71794ff224d27d,BSE,SBI Nifty Midcap 150 Index Fund - Direct Plan Growth (9004210),,SBI Nifty Midcap 150 Index Fund - Direct Plan Growth (9004210),20-Sep-2026 12:56:48,https://www.bseindia.com/xml-data/corpfiling/AttachLive/747dec2c-e682-4cfe-ab20-e9c8e979fa93.pdf,SBIMF Fortnightly Portfolio 15092026,2026-09-20T08:44:54.050998+00:00,Other,MEDIUM
490cfa4c57528469,BSE,SBI Balanced Advantage Fund - Regular Plan - IDCW Payout (9004209),,SBI Balanced Advantage Fund - Regular Plan - IDCW Payout (9004209),20-Sep-2026 12:56:48,https://www.bseindia.com/xml-data/corpfiling/AttachLive/747dec2c-e682-4cfe-ab20-e9c8e979fa93.pdf,SBIMF Fortnightly Portfolio 15092026,2026-09-20T08:44:54.051016+00:00,Other,MEDIUM
b5cb447b674c0f34,BSE,SBI Nifty Midcap 150 Index Fund - Regular Plan - IDCW (9004208),,SBI Nifty Midcap 150 Index Fund - Regular Plan - IDCW (9004208),20-Sep-2026 12:56:48,https://www.bseindia.com/xml-data/corpfiling/AttachLive/747dec2c-e682-4cfe-ab20-e9c8e979fa93.pdf,SBIMF Fortnightly Portfolio 15092026,2026-09-20T08:44:54.051034+00:00,Other,MEDIUM
89c792bd7a351038,BSE,SBI Nifty Smallcap 250 Index Fund - Direct Plan - Growth (9004207),,SBI Nifty Smallcap 250 Index Fund - Direct Plan - Growth (9004207),20-Sep-2026 12:56:48,https://www.bseindia.com/xml-data/corpfiling/AttachLive/747dec2c-e682-4cfe-ab20-e9c8e979fa93.pdf,SBIMF Fortnightly Portfolio 15092026,2026-09-20T08:44:54.051052+00:00,Other,MEDIUM
d50f45f6a18453b7,BSE,SBI Innovative Opportunities Fund - Regular Plan - IDCW Payout (9004206),,SBI Innovative Opportunities Fund - Regular Plan - IDCW Payout (9004206),20-Sep-2026 12:56:48,https://www.bseindia.com/xml-data/corpfiling/AttachLive/747dec2c-e682-4cfe-ab20-e9c8e979fa93.pdf,SBIMF Fortnightly Portfolio 15092026,2026-09-20T08:44:54.051070+00:00,Other,MEDIUM
cb8096218749c837,BSE,SBI Fixed Maturity Plan (FMP) - Series 47 (1434 Days) Reg Growth (9004205),,SBI Fixed Maturity Plan (FMP) - Series 47 (1434 Days) Reg Growth (9004205),20-Sep-2026 12:56:48,https://www.bseindia.com/xml-data/corpfiling/AttachLive/747dec2c-e682-4cfe-ab20-e9c8e979fa93.pdf,SBIMF Fortnightly Portfolio 15092026,2026-09-20T08:44:54.051100+00:00,Other,MEDIUM
05b4ceecff4a3610,BSE,SBI Nifty Next 50 Index Fund - Direct Plan - Growth (9004204),,SBI Nifty Next 50 Index Fund - Direct Plan - Growth (9004204),20-Sep-2026 12:56:48,https://www.bseindia.com/xml-data/corpfiling/AttachLive/747dec2c-e682-4cfe-ab20-e9c8e979fa93.pdf,SBIMF Fortnightly Portfolio 15092026,2026-09-20T08:44:54.051118+00:00,Other,MEDIUM
505dfa2cec6b7e09,BSE,SBI Nifty Midcap 150 Index Fund - Regular Plan - IDCW Payout (9004203),,SBI Nifty Midcap 150 Index Fund - Regular Plan - IDCW Payout (9004203),20-Sep-2026 12:56:48,https://www.bseindia.com/xml-data/corpfiling/AttachLive/747dec2c-e682-4cfe-ab20-e9c8e979fa93.pdf,SBIMF Fortnightly Portfolio 15092026,2026-09-20T08:44:54.051137+00:00,Other,MEDIUM
a5865e89e1178abe,BSE,SBI Fixed Maturity Plan (FMP) - Series 49 (1823 Days) Dir Growth (9004202),,SBI Fixed Maturity Plan (FMP) - Series 49 (1823 Days) Dir Growth (9004202),20-Sep-2026 12:56:48,https://www.bseindia.com/xml-data/corpfiling/AttachLive/747dec2c-e682-4cfe-ab20-e9c8e979fa93.pdf,SBIMF Fortnightly Portfolio 15092026,2026-09-20T08:44:54.051156+00:00,Other,MEDIUM
722061ad215d71cf,BSE,SBI Nifty50 Equal Weight Index Fund-Regular Plan-Growth (9004201),,SBI Nifty50 Equal Weight Index Fund-Regular Plan-Growth (9004201),20-Sep-2026 12:56:48,https://www.bseindia.com/xml-data/corpfiling/AttachLive/747dec2c-e682-4cfe-ab20-e9c8e979fa93.pdf,SBIMF Fortnightly Portfolio 15092026,2026-09-20T08:44:54.051175+00:00,Other,MEDIUM
3e650b01d26cd60f,BSE,SBI Fixed Maturity Plan (FMP) - Series 49 (1823 Days) Reg Growth (9004200),,SBI Fixed Maturity Plan (FMP) - Series 49 (1823 Days) Reg Growth (9004200),20-Sep-2026 12:56:48,https://www.bseindia.com/xml-data/corpfiling/AttachLive/747dec2c-e682-4cfe-ab20-e9c8e979fa93.pdf,SBIMF Fortnightly Portfolio 15092026,2026-09-20T08:44:54.051195+00:00,Other,MEDIUM
c47452d50f2a9a74,BSE,SBI Balanced Advantage Fund - Direct Growth (9004199),,SBI Balanced Advantage Fund - Direct Growth (9004199),20-Sep-2026 12:56:48,https://www.bseindia.com/xml-data/corpfiling/AttachLive/747dec2c-e682-4cfe-ab20-e9c8e979fa93.pdf,SBIMF Fortnightly Portfolio 15092026,2026-09-20T08:44:54.051215+00:00,Other,MEDIUM
7a43dcc206c71bc9,BSE,SBI Fixed Maturity Plan (FMP) - Series 49 (1823 Days) Direct Plan - IDCW (9004198),,SBI Fixed Maturity Plan (FMP) - Series 49 (1823 Days) Direct Plan - IDCW (9004198),20-Sep-2026 12:56:48,https://www.bseindia.com/xml-data/corpfiling/AttachLive/747dec2c-e682-4cfe-ab20-e9c8e979fa93.pdf,SBIMF Fortnightly Portfolio 15092026,2026-09-20T08:44:54.051235+00:00,Other,MEDIUM
950c0d73b17cd525,BSE,SBI Multicap Fund - Direct Plan - Growth (9004197),,SBI Multicap Fund - Direct Plan - Growth (9004197),20-Sep-2026 12:56:48,https://www.bseindia.com/xml-data/corpfiling/AttachLive/747dec2c-e682-4cfe-ab20-e9c8e979fa93.pdf,SBIMF Fortnightly Portfolio 15092026,2026-09-20T08:44:54.051252+00:00,Other,MEDIUM
b9012ed93e12a5d8,BSE,SBI Nifty Smallcap 250 Index Fund - Regular Plan - IDCW Payout (9004196),,SBI Nifty Smallcap 250 Index Fund - Regular Plan - IDCW Payout (9004196),20-Sep-2026 12:56:48,https://www.bseindia.com/xml-data/corpfiling/AttachLive/747dec2c-e682-4cfe-ab20-e9c8e979fa93.pdf,SBIMF Fortnightly Portfolio 15092026,2026-09-20T08:44:54.051271+00:00,Other,MEDIUM
b253a74d33a22b13,BSE,SBI Fixed Maturity Plan (FMP) - Series 41 (1498 Days) Direct Plan - IDCW (9004195),,SBI Fixed Maturity Plan (FMP) - Series 41 (1498 Days) Direct Plan - IDCW (9004195),20-Sep-2026 12:56:48,https://www.bseindia.com/xml-data/corpfiling/AttachLive/747dec2c-e682-4cfe-ab20-e9c8e979fa93.pdf,SBIMF Fortnightly Portfolio 15092026,2026-09-20T08:44:54.051291+00:00,Other,MEDIUM
cd02292bcec55b20,BSE,SBI Magnum Income Fund - Regular Plan - Quarterly IDCW Payout (9004194),,SBI Magnum Income Fund - Regular Plan - Quarterly IDCW Payout (9004194),20-Sep-2026 12:56:48,https://www.bseindia.com/xml-data/corpfiling/AttachLive/747dec2c-e682-4cfe-ab20-e9c8e979fa93.pdf,SBIMF Fortnightly Portfolio 15092026,2026-09-20T08:44:54.051309+00:00,Other,MEDIUM
3a43a98023983d95,BSE,SBI International Access- US Equity FoF Direct Plan - IDCW Payout (9004193),,SBI International Access- US Equity FoF Direct Plan - IDCW Payout (9004193),20-Sep-2026 12:56:48,https://www.bseindia.com/xml-data/corpfiling/AttachLive/747dec2c-e682-4cfe-ab20-e9c8e979fa93.pdf,SBIMF Fortnightly Portfolio 15092026,2026-09-20T08:44:54.051329+00:00,Other,MEDIUM
3069536364344a91,BSE,SBI Nifty Next 50 Index Fund - Direct Plan - IDCW Payout (9004192),,SBI Nifty Next 50 Index Fund - Direct Plan - IDCW Payout (9004192),20-Sep-2026 12:56:48,https://www.bseindia.com/xml-data/corpfiling/AttachLive/747dec2c-e682-4cfe-ab20-e9c8e979fa93.pdf,SBIMF Fortnightly Portfolio 15092026,2026-09-20T08:44:54.051347+00:00,Other,MEDIUM
364e779a01f8a984,BSE,SBI Fixed Maturity Plan (FMP) - Series 42 (1857 Days) Direct Plan - IDCW (9004191),,SBI Fixed Maturity Plan (FMP) - Series 42 (1857 Days) Direct Plan - IDCW (9004191),20-Sep-2026 12:56:48,https://www.bseindia.com/xml-data/corpfiling/AttachLive/747dec2c-e682-4cfe-ab20-e9c8e979fa93.pdf,SBIMF Fortnightly Portfolio 15092026,2026-09-20T08:44:54.051367+00:00,Other,MEDIUM
15d93c53df54537f,BSE,SBI Fixed Maturity Plan (FMP) - Series 42 (1857 Days) Regular Plan - IDCW (9004190),,SBI Fixed Maturity Plan (FMP) - Series 42 (1857 Days) Regular Plan - IDCW (9004190),20-Sep-2026 12:56:48,https://www.bseindia.com/xml-data/corpfiling/AttachLive/747dec2c-e682-4cfe-ab20-e9c8e979fa93.pdf,SBIMF Fortnightly Portfolio 15092026,2026-09-20T08:44:54.051387+00:00,Other,MEDIUM
97f9259103db758c,BSE,SBI Fixed Maturity Plan (FMP) - Series 41 (1498 Days) Regular Plan - IDCW (9004189),,SBI Fixed Maturity Plan (FMP) - Series 41 (1498 Days) Regular Plan - IDCW (9004189),20-Sep-2026 12:56:48,https://www.bseindia.com/xml-data/corpfiling/AttachLive/747dec2c-e682-4cfe-ab20-e9c8e979fa93.pdf,SBIMF Fortnightly Portfolio 15092026,2026-09-20T08:44:54.051407+00:00,Other,MEDIUM
e651d78b2ef06e8f,BSE,SBI Fixed Maturity Plan (FMP) - Series 41 (1498 Days) Reg Growth (9004188),,SBI Fixed Maturity Plan (FMP) - Series 41 (1498 Days) Reg Growth (9004188),20-Sep-2026 12:56:48,https://www.bseindia.com/xml-data/corpfiling/AttachLive/747dec2c-e682-4cfe-ab20-e9c8e979fa93.pdf,SBIMF Fortnightly Portfolio 15092026,2026-09-20T08:44:54.051427+00:00,Other,MEDIUM
b9c0489c55bb2a45,BSE,SBI Magnum Low Duration Fund - Regular Plan - Weekly IDCW Payout (9004187),,SBI Magnum Low Duration Fund - Regular Plan - Weekly IDCW Payout (9004187),20-Sep-2026 12:56:48,https://www.bseindia.com/xml-data/corpfiling/AttachLive/747dec2c-e682-4cfe-ab20-e9c8e979fa93.pdf,SBIMF Fortnightly Portfolio 15092026,2026-09-20T08:44:54.051446+00:00,Other,MEDIUM
283aeb1735ac2487,BSE,SBI CRISIL IBX SDL Index - September 2027 Fund - Regular Plan - IDCW Payout (9004186),,SBI CRISIL IBX SDL Index - September 2027 Fund - Regular Plan - IDCW Payout (9004186),20-Sep-2026 12:56:48,https://www.bseindia.com/xml-data/corpfiling/AttachLive/747dec2c-e682-4cfe-ab20-e9c8e979fa93.pdf,SBIMF Fortnightly Portfolio 15092026,2026-09-20T08:44:54.051466+00:00,Other,MEDIUM
d6308f0541f000ae,BSE,SBI International Access- US Equity FoF Direct Plan Growth (9004185),,SBI International Access- US Equity FoF Direct Plan Growth (9004185),20-Sep-2026 12:56:48,https://www.bseindia.com/xml-data/corpfiling/AttachLive/747dec2c-e682-4cfe-ab20-e9c8e979fa93.pdf,SBIMF Fortnightly Portfolio 15092026,2026-09-20T08:44:54.051484+00:00,Other,MEDIUM
8f31a809fa600edd,BSE,SBI Nifty Smallcap 250 Index Fund - Regular Plan - Growth (9004184),,SBI Nifty Smallcap 250 Index Fund - Regular Plan - Growth (9004184),20-Sep-2026 12:56:48,https://www.bseindia.com/xml-data/corpfiling/AttachLive/747dec2c-e682-4cfe-ab20-e9c8e979fa93.pdf,SBIMF Fortnightly Portfolio 15092026,2026-09-20T08:44:54.051503+00:00,Other,MEDIUM
21392af83da6409e,BSE,SBI Fixed Maturity Plan (FMP) - Series 43 (1616 Days) Regular Plan - IDCW (9004183),,SBI Fixed Maturity Plan (FMP) - Series 43 (1616 Days) Regular Plan - IDCW (9004183),20-Sep-2026 12:56:48,https://www.bseindia.com/xml-data/corpfiling/AttachLive/747dec2c-e682-4cfe-ab20-e9c8e979fa93.pdf,SBIMF Fortnightly Portfolio 15092026,2026-09-20T08:44:54.051522+00:00,Other,MEDIUM
a5aba5e2e3244a32,BSE,SBI International Access- US Equity FoF Regular Plan - IDCW Payout (9004182),,SBI International Access- US Equity FoF Regular Plan - IDCW Payout (9004182),20-Sep-2026 12:56:48,https://www.bseindia.com/xml-data/corpfiling/AttachLive/747dec2c-e682-4cfe-ab20-e9c8e979fa93.pdf,SBIMF Fortnightly Portfolio 15092026,2026-09-20T08:44:54.051542+00:00,Other,MEDIUM
bb40c307749039b1,BSE,SBI Fixed Maturity Plan (FMP) - Series 41 (1498 Days) Dir Growth (9004181),,SBI Fixed Maturity Plan (FMP) - Series 41 (1498 Days) Dir Growth (9004181),20-Sep-2026 12:56:48,https://www.bseindia.com/xml-data/corpfiling/AttachLive/747dec2c-e682-4cfe-ab20-e9c8e979fa93.pdf,SBIMF Fortnightly Portfolio 15092026,2026-09-20T08:44:54.051561+00:00,Other,MEDIUM
ab0822c07132f809,BSE,SBI Fixed Maturity Plan (FMP) - Series 42 (1857 Days) Dir Growth (9004180),,SBI Fixed Maturity Plan (FMP) - Series 42 (1857 Days) Dir Growth (9004180),20-Sep-2026 12:56:48,https://www.bseindia.com/xml-data/corpfiling/AttachLive/747dec2c-e682-4cfe-ab20-e9c8e979fa93.pdf,SBIMF Fortnightly Portfolio 15092026,2026-09-20T08:44:54.051580+00:00,Other,MEDIUM
86f82a2cc2073116,BSE,SBI International Access- US Equity FoF Regular Plan - IDCW (9004179),,SBI International Access- US Equity FoF Regular Plan - IDCW (9004179),20-Sep-2026 12:56:48,https://www.bseindia.com/xml-data/corpfiling/AttachLive/747dec2c-e682-4cfe-ab20-e9c8e979fa93.pdf,SBIMF Fortnightly Portfolio 15092026,2026-09-20T08:44:54.051600+00:00,Other,MEDIUM
85c1844304b9ab73,BSE,SBI International Access- US Equity FoF Regular Plan Growth (9004178),,SBI International Access- US Equity FoF Regular Plan Growth (9004178),20-Sep-2026 12:56:48,https://www.bseindia.com/xml-data/corpfiling/AttachLive/747dec2c-e682-4cfe-ab20-e9c8e979fa93.pdf,SBIMF Fortnightly Portfolio 15092026,2026-09-20T08:44:54.051619+00:00,Other,MEDIUM
558051480f5d012f,BSE,SBI Fixed Maturity Plan (FMP) - Series 64 (1169 Days) Dir Growth (9004177),,SBI Fixed Maturity Plan (FMP) - Series 64 (1169 Days) Dir Growth (9004177),20-Sep-2026 12:56:48,https://www.bseindia.com/xml-data/corpfiling/AttachLive/747dec2c-e682-4cfe-ab20-e9c8e979fa93.pdf,SBIMF Fortnightly Portfolio 15092026,2026-09-20T08:44:54.051650+00:00,Other,MEDIUM
0913b95176d8b6df,BSE,SBI Fixed Maturity Plan (FMP) - Series 61 (1927 Days) Regular Plan - IDCW (9004176),,SBI Fixed Maturity Plan (FMP) - Series 61 (1927 Days) Regular Plan - IDCW (9004176),20-Sep-2026 12:56:48,https://www.bseindia.com/xml-data/corpfiling/AttachLive/747dec2c-e682-4cfe-ab20-e9c8e979fa93.pdf,SBIMF Fortnightly Portfolio 15092026,2026-09-20T08:44:54.051683+00:00,Other,MEDIUM
1a7a95775ffa0365,BSE,SBI Nifty50 Equal Weight Index Fund-Direct Plan-IDCW (9004175),,SBI Nifty50 Equal Weight Index Fund-Direct Plan-IDCW (9004175),20-Sep-2026 12:56:48,https://www.bseindia.com/xml-data/corpfiling/AttachLive/747dec2c-e682-4cfe-ab20-e9c8e979fa93.pdf,SBIMF Fortnightly Portfolio 15092026,2026-09-20T08:44:54.051702+00:00,Other,MEDIUM
0b1e5c2e1e2cf010,BSE,SBI International Access- US Equity FoF Direct Plan - IDCW (9004174),,SBI International Access- US Equity FoF Direct Plan - IDCW (9004174),20-Sep-2026 12:56:48,https://www.bseindia.com/xml-data/corpfiling/AttachLive/747dec2c-e682-4cfe-ab20-e9c8e979fa93.pdf,SBIMF Fortnightly Portfolio 15092026,2026-09-20T08:44:54.051720+00:00,Other,MEDIUM
aa0b438af00a55c8,BSE,SBI Fixed Maturity Plan (FMP) - Series 42 (1857 Days) Reg Growth (9004173),,SBI Fixed Maturity Plan (FMP) - Series 42 (1857 Days) Reg Growth (9004173),20-Sep-2026 12:56:48,https://www.bseindia.com/xml-data/corpfiling/AttachLive/747dec2c-e682-4cfe-ab20-e9c8e979fa93.pdf,SBIMF Fortnightly Portfolio 15092026,2026-09-20T08:44:54.051740+00:00,Other,MEDIUM
9b723246bdf15fe6,BSE,SBI Automotive Opportunities Fund- Direct Plan - IDCW Payout (9004172),,SBI Automotive Opportunities Fund- Direct Plan - IDCW Payout (9004172),20-Sep-2026 12:56:48,https://www.bseindia.com/xml-data/corpfiling/AttachLive/747dec2c-e682-4cfe-ab20-e9c8e979fa93.pdf,SBIMF Fortnightly Portfolio 15092026,2026-09-20T08:44:54.051759+00:00,Other,MEDIUM
0f7371a646872c56,BSE,SBI CRISIL IBX Gilt Index - April 2029 Fund - Regular Plan - Growth (9004171),,SBI CRISIL IBX Gilt Index - April 2029 Fund - Regular Plan - Growth (9004171),20-Sep-2026 12:56:48,https://www.bseindia.com/xml-data/corpfiling/AttachLive/747dec2c-e682-4cfe-ab20-e9c8e979fa93.pdf,SBIMF Fortnightly Portfolio 15092026,2026-09-20T08:44:54.051779+00:00,Other,MEDIUM
cf8aafe16c3df73d,BSE,SBI CPSE Bond Plus SDL Sep 2026 50:50 Index Fund  - Regular Plan - Growth (9004170),,SBI CPSE Bond Plus SDL Sep 2026 50:50 Index Fund - Regular Plan - Growth (9004170),20-Sep-2026 12:56:48,https://www.bseindia.com/xml-data/corpfiling/AttachLive/747dec2c-e682-4cfe-ab20-e9c8e979fa93.pdf,SBIMF Fortnightly Portfolio 15092026,2026-09-20T08:44:54.051802+00:00,Other,MEDIUM
e9d808341bfe6838,BSE,SBI Fixed Maturity Plan (FMP) - Series 43 (1616 Days) Direct Plan - IDCW (9004169),,SBI Fixed Maturity Plan (FMP) - Series 43 (1616 Days) Direct Plan - IDCW (9004169),20-Sep-2026 12:56:48,https://www.bseindia.com/xml-data/corpfiling/AttachLive/747dec2c-e682-4cfe-ab20-e9c8e979fa93.pdf,SBIMF Fortnightly Portfolio 15092026,2026-09-20T08:44:54.051822+00:00,Other,MEDIUM
6724d295d747789e,BSE,SBI Retirement Benefit Fund Conservative - Direct Plan - IDCW (9004168),,SBI Retirement Benefit Fund Conservative - Direct Plan - IDCW (9004168),20-Sep-2026 12:56:48,https://www.bseindia.com/xml-data/corpfiling/AttachLive/747dec2c-e682-4cfe-ab20-e9c8e979fa93.pdf,SBIMF Fortnightly Portfolio 15092026,2026-09-20T08:44:54.051840+00:00,Other,MEDIUM
869755db962a8511,BSE,SBI Retirement Benefit Fund Conservative Hybrid - Regular Plan - IDCW (9004167),,SBI Retirement Benefit Fund Conservative Hybrid - Regular Plan - IDCW (9004167),20-Sep-2026 12:56:48,https://www.bseindia.com/xml-data/corpfiling/AttachLive/747dec2c-e682-4cfe-ab20-e9c8e979fa93.pdf,SBIMF Fortnightly Portfolio 15092026,2026-09-20T08:44:54.051859+00:00,Other,MEDIUM
767cbe634fced8de,BSE,SBI CRISIL IBX Gilt Index - June 2036 Fund - Direct Plan - IDCW (9004166),,SBI CRISIL IBX Gilt Index - June 2036 Fund - Direct Plan - IDCW (9004166),20-Sep-2026 12:56:48,https://www.bseindia.com/xml-data/corpfiling/AttachLive/747dec2c-e682-4cfe-ab20-e9c8e979fa93.pdf,SBIMF Fortnightly Portfolio 15092026,2026-09-20T08:44:54.051879+00:00,Other,MEDIUM
757ca9af2b9c573c,BSE,SBI Nifty Smallcap 250 Index Fund - Direct Plan - IDCW (9004165),,SBI Nifty Smallcap 250 Index Fund - Direct Plan - IDCW (9004165),20-Sep-2026 12:56:48,https://www.bseindia.com/xml-data/corpfiling/AttachLive/747dec2c-e682-4cfe-ab20-e9c8e979fa93.pdf,SBIMF Fortnightly Portfolio 15092026,2026-09-20T08:44:54.051897+00:00,Other,MEDIUM
d4dc03329275e553,BSE,SBI Banking & PSU Fund - Regular Plan - Weekly IDCW Payout (9004164),,SBI Banking & PSU Fund - Regular Plan - Weekly IDCW Payout (9004164),20-Sep-2026 12:56:48,https://www.bseindia.com/xml-data/corpfiling/AttachLive/747dec2c-e682-4cfe-ab20-e9c8e979fa93.pdf,SBIMF Fortnightly Portfolio 15092026,2026-09-20T08:44:54.051918+00:00,Other,MEDIUM
3029680ce52e1f3e,BSE,SBI Retirement Benefit Fund Aggressive Hybrid - Direct Plan - IDCW (9004163),,SBI Retirement Benefit Fund Aggressive Hybrid - Direct Plan - IDCW (9004163),20-Sep-2026 12:56:48,https://www.bseindia.com/xml-data/corpfiling/AttachLive/747dec2c-e682-4cfe-ab20-e9c8e979fa93.pdf,SBIMF Fortnightly Portfolio 15092026,2026-09-20T08:44:54.051937+00:00,Other,MEDIUM
ae22a75d9ae5edb1,BSE,SBI Retirement Benefit Fund Aggressive Hybrid - Regular Plan - IDCW (9004162),,SBI Retirement Benefit Fund Aggressive Hybrid - Regular Plan - IDCW (9004162),20-Sep-2026 12:56:48,https://www.bseindia.com/xml-data/corpfiling/AttachLive/747dec2c-e682-4cfe-ab20-e9c8e979fa93.pdf,SBIMF Fortnightly Portfolio 15092026,2026-09-20T08:44:54.051956+00:00,Other,MEDIUM
8f4f60c7eebf4fbb,BSE,SBI Retirement Benefit Fund Aggressive - Direct Plan - IDCW (9004161),,SBI Retirement Benefit Fund Aggressive - Direct Plan - IDCW (9004161),20-Sep-2026 12:56:48,https://www.bseindia.com/xml-data/corpfiling/AttachLive/747dec2c-e682-4cfe-ab20-e9c8e979fa93.pdf,SBIMF Fortnightly Portfolio 15092026,2026-09-20T08:44:54.051974+00:00,Other,MEDIUM
164cf41abb498256,BSE,SBI Retirement Benefit Fund Aggressive - Direct Plan Growth (9004160),,SBI Retirement Benefit Fund Aggressive - Direct Plan Growth (9004160),20-Sep-2026 12:56:48,https://www.bseindia.com/xml-data/corpfiling/AttachLive/747dec2c-e682-4cfe-ab20-e9c8e979fa93.pdf,SBIMF Fortnightly Portfolio 15092026,2026-09-20T08:44:54.051995+00:00,Other,MEDIUM
5697d1f2c6468472,BSE,SBI CRISIL IBX Gilt Index - April 2029 Fund - Direct Plan - IDCW (9004159),,SBI CRISIL IBX Gilt Index - April 2029 Fund - Direct Plan - IDCW (9004159),20-Sep-2026 12:56:48,https://www.bseindia.com/xml-data/corpfiling/AttachLive/747dec2c-e682-4cfe-ab20-e9c8e979fa93.pdf,SBIMF Fortnightly Portfolio 15092026,2026-09-20T08:44:54.052014+00:00,Other,MEDIUM
2827596866eab3f3,BSE,SBI Retirement Benefit Fund Aggressive Plan - Regular Plan Growth (9004158),,SBI Retirement Benefit Fund Aggressive Plan - Regular Plan Growth (9004158),20-Sep-2026 12:56:48,https://www.bseindia.com/xml-data/corpfiling/AttachLive/747dec2c-e682-4cfe-ab20-e9c8e979fa93.pdf,SBIMF Fortnightly Portfolio 15092026,2026-09-20T08:44:54.052033+00:00,Other,MEDIUM
3947347dc8673b6b,BSE,SBI Floating Rate DEBT Fund - Direct Plan - Quarterly IDCW Payout (9004157),,SBI Floating Rate DEBT Fund - Direct Plan - Quarterly IDCW Payout (9004157),20-Sep-2026 12:56:48,https://www.bseindia.com/xml-data/corpfiling/AttachLive/747dec2c-e682-4cfe-ab20-e9c8e979fa93.pdf,SBIMF Fortnightly Portfolio 15092026,2026-09-20T08:44:54.052053+00:00,Order Win,HIGH
b67a390adacd270c,BSE,SBI Floating Rate DEBT Fund - Regular Plan - Monthly IDCW Payout (9004156),,SBI Floating Rate DEBT Fund - Regular Plan - Monthly IDCW Payout (9004156),20-Sep-2026 12:56:48,https://www.bseindia.com/xml-data/corpfiling/AttachLive/747dec2c-e682-4cfe-ab20-e9c8e979fa93.pdf,SBIMF Fortnightly Portfolio 15092026,2026-09-20T08:44:54.052071+00:00,Order Win,HIGH
bcb8353b83e661c6,BSE,SBI Automotive Opportunities Fund-Regular Plan-IDCW Payout (9004155),,SBI Automotive Opportunities Fund-Regular Plan-IDCW Payout (9004155),20-Sep-2026 12:56:48,https://www.bseindia.com/xml-data/corpfiling/AttachLive/747dec2c-e682-4cfe-ab20-e9c8e979fa93.pdf,SBIMF Fortnightly Portfolio 15092026,2026-09-20T08:44:54.052099+00:00,Other,MEDIUM
ac67d868425a2e22,BSE,SBI Nifty 500 Index Fund - Regular Plan - IDCW Payout (9004154),,SBI Nifty 500 Index Fund - Regular Plan - IDCW Payout (9004154),20-Sep-2026 12:56:48,https://www.bseindia.com/xml-data/corpfiling/AttachLive/747dec2c-e682-4cfe-ab20-e9c8e979fa93.pdf,SBIMF Fortnightly Portfolio 15092026,2026-09-20T08:44:54.052122+00:00,Other,MEDIUM
380785f3bf53e47d,BSE,SBI Retirement Benefit Fund Conservative Plan - Direct Plan Growth (9004153),,SBI Retirement Benefit Fund Conservative Plan - Direct Plan Growth (9004153),20-Sep-2026 12:56:48,https://www.bseindia.com/xml-data/corpfiling/AttachLive/747dec2c-e682-4cfe-ab20-e9c8e979fa93.pdf,SBIMF Fortnightly Portfolio 15092026,2026-09-20T08:44:54.052141+00:00,Other,MEDIUM
b8d4cfe272f8ea46,BSE,SBI Silver ETF Fund of Fund - Regular Growth (9004152),,SBI Silver ETF Fund of Fund - Regular Growth (9004152),20-Sep-2026 12:56:48,https://www.bseindia.com/xml-data/corpfiling/AttachLive/747dec2c-e682-4cfe-ab20-e9c8e979fa93.pdf,SBIMF Fortnightly Portfolio 15092026,2026-09-20T08:44:54.052158+00:00,Other,MEDIUM
2e7eb65b0500a253,BSE,SBI CRISIL IBX Gilt Index - June 2036 Fund - Direct Plan - Growth (9004151),,SBI CRISIL IBX Gilt Index - June 2036 Fund - Direct Plan - Growth (9004151),20-Sep-2026 12:56:48,https://www.bseindia.com/xml-data/corpfiling/AttachLive/747dec2c-e682-4cfe-ab20-e9c8e979fa93.pdf,SBIMF Fortnightly Portfolio 15092026,2026-09-20T08:44:54.052177+00:00,Other,MEDIUM
635a5a12d4ed036d,BSE,SBI CRISIL IBX Gilt Index - April 2029 Fund - Direct Plan - Growth (9004150),,SBI CRISIL IBX Gilt Index - April 2029 Fund - Direct Plan - Growth (9004150),20-Sep-2026 12:56:48,https://www.bseindia.com/xml-data/corpfiling/AttachLive/747dec2c-e682-4cfe-ab20-e9c8e979fa93.pdf,SBIMF Fortnightly Portfolio 15092026,2026-09-20T08:44:54.052196+00:00,Other,MEDIUM
c0daf13141056b1b,BSE,SBI CRISIL IBX Gilt Index - April 2029 Fund - Regular Plan - IDCW (9004149),,SBI CRISIL IBX Gilt Index - April 2029 Fund - Regular Plan - IDCW (9004149),20-Sep-2026 12:56:48,https://www.bseindia.com/xml-data/corpfiling/AttachLive/747dec2c-e682-4cfe-ab20-e9c8e979fa93.pdf,SBIMF Fortnightly Portfolio 15092026,2026-09-20T08:44:54.052215+00:00,Other,MEDIUM
ec2da8359d34e336,BSE,SBI Short Term Debt Fund - Regular Plan Weekly IDCW Payout (9004148),,SBI Short Term Debt Fund - Regular Plan Weekly IDCW Payout (9004148),20-Sep-2026 12:56:48,https://www.bseindia.com/xml-data/corpfiling/AttachLive/747dec2c-e682-4cfe-ab20-e9c8e979fa93.pdf,SBIMF Fortnightly Portfolio 15092026,2026-09-20T08:44:54.052233+00:00,Other,MEDIUM
d597d0b9974f69a0,BSE,SBI Multicap Fund - Regular Plan - Growth (9004147),,SBI Multicap Fund - Regular Plan - Growth (9004147),20-Sep-2026 12:56:48,https://www.bseindia.com/xml-data/corpfiling/AttachLive/747dec2c-e682-4cfe-ab20-e9c8e979fa93.pdf,SBIMF Fortnightly Portfolio 15092026,2026-09-20T08:44:54.052250+00:00,Other,MEDIUM
5c34238d79fcd001,BSE,SBI Multicap Fund - Regular Plan - IDCW Payout (9004146),,SBI Multicap Fund - Regular Plan - IDCW Payout (9004146),20-Sep-2026 12:56:48,https://www.bseindia.com/xml-data/corpfiling/AttachLive/747dec2c-e682-4cfe-ab20-e9c8e979fa93.pdf,SBIMF Fortnightly Portfolio 15092026,2026-09-20T08:44:54.052267+00:00,Other,MEDIUM
c1107d86326f359f,BSE,SBI CRISIL IBX Gilt Index - April 2029 Fund - Direct Plan - IDCW Payout (9004145),,SBI CRISIL IBX Gilt Index - April 2029 Fund - Direct Plan - IDCW Payout (9004145),20-Sep-2026 12:56:48,https://www.bseindia.com/xml-data/corpfiling/AttachLive/747dec2c-e682-4cfe-ab20-e9c8e979fa93.pdf,SBIMF Fortnightly Portfolio 15092026,2026-09-20T08:44:54.052287+00:00,Other,MEDIUM
a0b27ea2d2a6a51d,BSE,SBI Retirement Benefit Fund Aggressive - Regular Plan - IDCW (9004144),,SBI Retirement Benefit Fund Aggressive - Regular Plan - IDCW (9004144),20-Sep-2026 12:56:48,https://www.bseindia.com/xml-data/corpfiling/AttachLive/747dec2c-e682-4cfe-ab20-e9c8e979fa93.pdf,SBIMF Fortnightly Portfolio 15092026,2026-09-20T08:44:54.052305+00:00,Other,MEDIUM
6f82e9031823ee03,BSE,SBI CRISIL IBX Gilt Index - June 2036 Fund - Regular Plan - IDCW (9004143),,SBI CRISIL IBX Gilt Index - June 2036 Fund - Regular Plan - IDCW (9004143),20-Sep-2026 12:56:48,https://www.bseindia.com/xml-data/corpfiling/AttachLive/747dec2c-e682-4cfe-ab20-e9c8e979fa93.pdf,SBIMF Fortnightly Portfolio 15092026,2026-09-20T08:44:54.052324+00:00,Other,MEDIUM
85789f362c9a4a74,BSE,SBI Nifty Smallcap 250 Index Fund - Direct Plan - IDCW Payout (9004142),,SBI Nifty Smallcap 250 Index Fund - Direct Plan - IDCW Payout (9004142),20-Sep-2026 12:56:48,https://www.bseindia.com/xml-data/corpfiling/AttachLive/747dec2c-e682-4cfe-ab20-e9c8e979fa93.pdf,SBIMF Fortnightly Portfolio 15092026,2026-09-20T08:44:54.052343+00:00,Other,MEDIUM
5c3618a326d47279,BSE,SBI Floating Rate DEBT Fund - Direct Plan - Monthly IDCW Payout (9004141),,SBI Floating Rate DEBT Fund - Direct Plan - Monthly IDCW Payout (9004141),20-Sep-2026 12:56:48,https://www.bseindia.com/xml-data/corpfiling/AttachLive/747dec2c-e682-4cfe-ab20-e9c8e979fa93.pdf,SBIMF Fortnightly Portfolio 15092026,2026-09-20T08:44:54.052362+00:00,Order Win,HIGH
1968fc7674d91732,BSE,SBI Floating Rate DEBT Fund - Direct Plan - Monthly IDCW (9004140),,SBI Floating Rate DEBT Fund - Direct Plan - Monthly IDCW (9004140),20-Sep-2026 12:56:48,https://www.bseindia.com/xml-data/corpfiling/AttachLive/747dec2c-e682-4cfe-ab20-e9c8e979fa93.pdf,SBIMF Fortnightly Portfolio 15092026,2026-09-20T08:44:54.052381+00:00,Order Win,HIGH
d0b7605f9f997579,BSE,SBI Corporate Bond Fund - Direct Plan - Quarterly IDCW Payout (9004139),,SBI Corporate Bond Fund - Direct Plan - Quarterly IDCW Payout (9004139),20-Sep-2026 12:56:47,https://www.bseindia.com/xml-data/corpfiling/AttachLive/747dec2c-e682-4cfe-ab20-e9c8e979fa93.pdf,SBIMF Fortnightly Portfolio 15092026,2026-09-20T08:44:54.052399+00:00,Other,MEDIUM
fcb30ab7dd89835c,BSE,SBI Corporate Bond Fund - Direct Plan - Quarterly IDCW (9004138),,SBI Corporate Bond Fund - Direct Plan - Quarterly IDCW (9004138),20-Sep-2026 12:56:47,https://www.bseindia.com/xml-data/corpfiling/AttachLive/747dec2c-e682-4cfe-ab20-e9c8e979fa93.pdf,SBIMF Fortnightly Portfolio 15092026,2026-09-20T08:44:54.052417+00:00,Other,MEDIUM
42fab13a42bfd273,BSE,SBI Corporate Bond Fund - Regular Plan - Monthly IDCW Payout (9004137),,SBI Corporate Bond Fund - Regular Plan - Monthly IDCW Payout (9004137),20-Sep-2026 12:56:47,https://www.bseindia.com/xml-data/corpfiling/AttachLive/747dec2c-e682-4cfe-ab20-e9c8e979fa93.pdf,SBIMF Fortnightly Portfolio 15092026,2026-09-20T08:44:54.052436+00:00,Other,MEDIUM
25e38b46bc79c2eb,BSE,SBI Floating Rate DEBT Fund Direct Plan Growth (9004136),,SBI Floating Rate DEBT Fund Direct Plan Growth (9004136),20-Sep-2026 12:56:47,https://www.bseindia.com/xml-data/corpfiling/AttachLive/747dec2c-e682-4cfe-ab20-e9c8e979fa93.pdf,SBIMF Fortnightly Portfolio 15092026,2026-09-20T08:44:54.052453+00:00,Order Win,HIGH
a28b393250c3571f,BSE,SBI Nifty Private Bank ETF (9004135),,SBI Nifty Private Bank ETF (9004135),20-Sep-2026 12:56:47,https://www.bseindia.com/xml-data/corpfiling/AttachLive/747dec2c-e682-4cfe-ab20-e9c8e979fa93.pdf,SBIMF Fortnightly Portfolio 15092026,2026-09-20T08:44:54.052469+00:00,Other,MEDIUM
8b5ef9973b7a9fb2,BSE,SBI Equity Minimum Variance Fund - Direct Plan - Growth (9004134),,SBI Equity Minimum Variance Fund - Direct Plan - Growth (9004134),20-Sep-2026 12:56:47,https://www.bseindia.com/xml-data/corpfiling/AttachLive/747dec2c-e682-4cfe-ab20-e9c8e979fa93.pdf,SBIMF Fortnightly Portfolio 15092026,2026-09-20T08:44:54.052487+00:00,Other,MEDIUM
d633b1dfffa7b8ce,BSE,SBI Equity Minimum Variance Fund - Regular Plan Growth (9004133),,SBI Equity Minimum Variance Fund - Regular Plan Growth (9004133),20-Sep-2026 12:56:47,https://www.bseindia.com/xml-data/corpfiling/AttachLive/747dec2c-e682-4cfe-ab20-e9c8e979fa93.pdf,SBIMF Fortnightly Portfolio 15092026,2026-09-20T08:44:54.052504+00:00,Other,MEDIUM
3fc852a3426891bc,BSE,SBI Fixed Maturity Plan (FMP) - Series 43 (1616 Days) Reg Growth (9004132),,SBI Fixed Maturity Plan (FMP) - Series 43 (1616 Days) Reg Growth (9004132),20-Sep-2026 12:56:47,https://www.bseindia.com/xml-data/corpfiling/AttachLive/747dec2c-e682-4cfe-ab20-e9c8e979fa93.pdf,SBIMF Fortnightly Portfolio 15092026,2026-09-20T08:44:54.052523+00:00,Other,MEDIUM
4619a5ccdffb5f49,BSE,SBI Corporate Bond Fund -  Regular Plan Growth (9004131),,SBI Corporate Bond Fund - Regular Plan Growth (9004131),20-Sep-2026 12:56:47,https://www.bseindia.com/xml-data/corpfiling/AttachLive/747dec2c-e682-4cfe-ab20-e9c8e979fa93.pdf,SBIMF Fortnightly Portfolio 15092026,2026-09-20T08:44:54.052541+00:00,Other,MEDIUM
4279aa09a23e945c,BSE,SBI Retirement Benefit Fund Conservative - Regular Plan - IDCW (9004130),,SBI Retirement Benefit Fund Conservative - Regular Plan - IDCW (9004130),20-Sep-2026 12:56:47,https://www.bseindia.com/xml-data/corpfiling/AttachLive/747dec2c-e682-4cfe-ab20-e9c8e979fa93.pdf,SBIMF Fortnightly Portfolio 15092026,2026-09-20T08:44:54.052559+00:00,Other,MEDIUM
78f7c73f184743eb,BSE,SBI Retirement Benefit Fund Conservative plan - Regular Plan Growth (9004129),,SBI Retirement Benefit Fund Conservative plan - Regular Plan Growth (9004129),20-Sep-2026 12:56:47,https://www.bseindia.com/xml-data/corpfiling/AttachLive/747dec2c-e682-4cfe-ab20-e9c8e979fa93.pdf,SBIMF Fortnightly Portfolio 15092026,2026-09-20T08:44:54.052580+00:00,Other,MEDIUM
8ff3fc0e35ede9fd,BSE,SBI Multicap Fund - Regular Plan - IDCW (9004128),,SBI Multicap Fund - Regular Plan - IDCW (9004128),20-Sep-2026 12:56:47,https://www.bseindia.com/xml-data/corpfiling/AttachLive/747dec2c-e682-4cfe-ab20-e9c8e979fa93.pdf,SBIMF Fortnightly Portfolio 15092026,2026-09-20T08:44:54.052597+00:00,Other,MEDIUM
549610b42708e945,BSE,SBI Fixed Maturity Plan (FMP) - Series 1 (3668 Days) - Direct Plan - IDCW (9004127),,SBI Fixed Maturity Plan (FMP) - Series 1 (3668 Days) - Direct Plan - IDCW (9004127),20-Sep-2026 12:56:47,https://www.bseindia.com/xml-data/corpfiling/AttachLive/747dec2c-e682-4cfe-ab20-e9c8e979fa93.pdf,SBIMF Fortnightly Portfolio 15092026,2026-09-20T08:44:54.052618+00:00,Other,MEDIUM
7bea25177c7ca125,BSE,SBI Retirement Benefit Fund Conservative Hybrid - Direct Plan - IDCW (9004126),,SBI Retirement Benefit Fund Conservative Hybrid - Direct Plan - IDCW (9004126),20-Sep-2026 12:56:47,https://www.bseindia.com/xml-data/corpfiling/AttachLive/747dec2c-e682-4cfe-ab20-e9c8e979fa93.pdf,SBIMF Fortnightly Portfolio 15092026,2026-09-20T08:44:54.052637+00:00,Other,MEDIUM
e83cefea73626da1,BSE,SBI Retirement Benefit Fund Conservative Hybrid Plan - Regular Plan Growth (9004125),,SBI Retirement Benefit Fund Conservative Hybrid Plan - Regular Plan Growth (9004125),20-Sep-2026 12:56:47,https://www.bseindia.com/xml-data/corpfiling/AttachLive/747dec2c-e682-4cfe-ab20-e9c8e979fa93.pdf,SBIMF Fortnightly Portfolio 15092026,2026-09-20T08:44:54.052656+00:00,Other,MEDIUM
3c0c52256575d80f,BSE,SBI Equity Minimum Variance Fund - Regular Plan - IDCW Payout (9004124),,SBI Equity Minimum Variance Fund - Regular Plan - IDCW Payout (9004124),20-Sep-2026 12:56:47,https://www.bseindia.com/xml-data/corpfiling/AttachLive/747dec2c-e682-4cfe-ab20-e9c8e979fa93.pdf,SBIMF Fortnightly Portfolio 15092026,2026-09-20T08:44:54.052675+00:00,Other,MEDIUM
33591ac9d94e616b,BSE,SBI Nifty 50 Equal Weight ETF (9004123),,SBI Nifty 50 Equal Weight ETF (9004123),20-Sep-2026 12:56:47,https://www.bseindia.com/xml-data/corpfiling/AttachLive/747dec2c-e682-4cfe-ab20-e9c8e979fa93.pdf,SBIMF Fortnightly Portfolio 15092026,2026-09-20T08:44:54.052691+00:00,Other,MEDIUM
da6454557ab98f41,BSE,SBI Nifty50 Equal Weight Index Fund-Regular Plan-IDCW (9004122),,SBI Nifty50 Equal Weight Index Fund-Regular Plan-IDCW (9004122),20-Sep-2026 12:56:47,https://www.bseindia.com/xml-data/corpfiling/AttachLive/747dec2c-e682-4cfe-ab20-e9c8e979fa93.pdf,SBIMF Fortnightly Portfolio 15092026,2026-09-20T08:44:54.052711+00:00,Other,MEDIUM
c28f1773813dc705,BSE,SBI Fixed Maturity Plan (FMP) - Series 6 (3668 Days) - Direct Plan - IDCW (9004121),,SBI Fixed Maturity Plan (FMP) - Series 6 (3668 Days) - Direct Plan - IDCW (9004121),20-Sep-2026 12:56:47,https://www.bseindia.com/xml-data/corpfiling/AttachLive/747dec2c-e682-4cfe-ab20-e9c8e979fa93.pdf,SBIMF Fortnightly Portfolio 15092026,2026-09-20T08:44:54.052731+00:00,Other,MEDIUM
010ca034ffa620ed,BSE,SBI Corporate Bond Fund - Regular Plan - Quarterly IDCW (9004120),,SBI Corporate Bond Fund - Regular Plan - Quarterly IDCW (9004120),20-Sep-2026 12:56:47,https://www.bseindia.com/xml-data/corpfiling/AttachLive/747dec2c-e682-4cfe-ab20-e9c8e979fa93.pdf,SBIMF Fortnightly Portfolio 15092026,2026-09-20T08:44:54.052750+00:00,Other,MEDIUM
64641ae4c1f3d528,BSE,SBI Corporate Bond Fund - Direct Plan - Monthly IDCW Payout (9004119),,SBI Corporate Bond Fund - Direct Plan - Monthly IDCW Payout (9004119),20-Sep-2026 12:56:47,https://www.bseindia.com/xml-data/corpfiling/AttachLive/747dec2c-e682-4cfe-ab20-e9c8e979fa93.pdf,SBIMF Fortnightly Portfolio 15092026,2026-09-20T08:44:54.052769+00:00,Other,MEDIUM
363ea715c25fad24,BSE,SBI Corporate Bond Fund - Regular Plan - Monthly IDCW (9004118),,SBI Corporate Bond Fund - Regular Plan - Monthly IDCW (9004118),20-Sep-2026 12:56:47,https://www.bseindia.com/xml-data/corpfiling/AttachLive/747dec2c-e682-4cfe-ab20-e9c8e979fa93.pdf,SBIMF Fortnightly Portfolio 15092026,2026-09-20T08:44:54.052786+00:00,Other,MEDIUM
f149864654734df0,BSE,SBI Retirement Benefit Fund Conservative Hybrid Plan - Direct Plan Growth (9004117),,SBI Retirement Benefit Fund Conservative Hybrid Plan - Direct Plan Growth (9004117),20-Sep-2026 12:56:47,https://www.bseindia.com/xml-data/corpfiling/AttachLive/747dec2c-e682-4cfe-ab20-e9c8e979fa93.pdf,SBIMF Fortnightly Portfolio 15092026,2026-09-20T08:44:54.052806+00:00,Other,MEDIUM
b2ef1f815d334981,BSE,SBI Retirement Benefit Fund Aggressive Hybrid Plan - Direct Plan Growth (9004116),,SBI Retirement Benefit Fund Aggressive Hybrid Plan - Direct Plan Growth (9004116),20-Sep-2026 12:56:47,https://www.bseindia.com/xml-data/corpfiling/AttachLive/747dec2c-e682-4cfe-ab20-e9c8e979fa93.pdf,SBIMF Fortnightly Portfolio 15092026,2026-09-20T08:44:54.052825+00:00,Other,MEDIUM
d4c8c66b358cdcd9,BSE,SBI Retirement Benefit Fund Aggressive Hybrid Plan - Regular Plan Growth (9004115),,SBI Retirement Benefit Fund Aggressive Hybrid Plan - Regular Plan Growth (9004115),20-Sep-2026 12:56:47,https://www.bseindia.com/xml-data/corpfiling/AttachLive/747dec2c-e682-4cfe-ab20-e9c8e979fa93.pdf,SBIMF Fortnightly Portfolio 15092026,2026-09-20T08:44:54.052844+00:00,Other,MEDIUM
57551e7055bd9f0f,BSE,SBI Equity Minimum Variance Fund - Regular Plan - IDCW (9004114),,SBI Equity Minimum Variance Fund - Regular Plan - IDCW (9004114),20-Sep-2026 12:56:47,https://www.bseindia.com/xml-data/corpfiling/AttachLive/747dec2c-e682-4cfe-ab20-e9c8e979fa93.pdf,SBIMF Fortnightly Portfolio 15092026,2026-09-20T08:44:54.052862+00:00,Other,MEDIUM
2c3fcbf05f02b946,BSE,SBI Fixed Maturity Plan (FMP) - Series 1 (3668 Days) Dir Growth (9004113),,SBI Fixed Maturity Plan (FMP) - Series 1 (3668 Days) Dir Growth (9004113),20-Sep-2026 12:56:47,https://www.bseindia.com/xml-data/corpfiling/AttachLive/747dec2c-e682-4cfe-ab20-e9c8e979fa93.pdf,SBIMF Fortnightly Portfolio 15092026,2026-09-20T08:44:54.052880+00:00,Other,MEDIUM
aed44b0ce6a3f251,BSE,SBI Equity Minimum Variance Fund - Direct Plan - IDCW Payout (9004112),,SBI Equity Minimum Variance Fund - Direct Plan - IDCW Payout (9004112),20-Sep-2026 12:56:47,https://www.bseindia.com/xml-data/corpfiling/AttachLive/747dec2c-e682-4cfe-ab20-e9c8e979fa93.pdf,SBIMF Fortnightly Portfolio 15092026,2026-09-20T08:44:54.052898+00:00,Other,MEDIUM
2defdd4124110709,BSE,SBI Floating Rate DEBT Fund - Regular Plan - Quarterly IDCW (9004111),,SBI Floating Rate DEBT Fund - Regular Plan - Quarterly IDCW (9004111),20-Sep-2026 12:56:47,https://www.bseindia.com/xml-data/corpfiling/AttachLive/747dec2c-e682-4cfe-ab20-e9c8e979fa93.pdf,SBIMF Fortnightly Portfolio 15092026,2026-09-20T08:44:54.052917+00:00,Order Win,HIGH
509fb1b4caf1eed4,BSE,SBI Silver ETF Fund of Fund - Direct Plan - IDCW Payout (9004110),,SBI Silver ETF Fund of Fund - Direct Plan - IDCW Payout (9004110),20-Sep-2026 12:56:47,https://www.bseindia.com/xml-data/corpfiling/AttachLive/747dec2c-e682-4cfe-ab20-e9c8e979fa93.pdf,SBIMF Fortnightly Portfolio 15092026,2026-09-20T08:44:54.052935+00:00,Other,MEDIUM
a6a2b34328b3d594,BSE,SBI Long Duration Fund - Regular Growth (9004109),,SBI Long Duration Fund - Regular Growth (9004109),20-Sep-2026 12:56:47,https://www.bseindia.com/xml-data/corpfiling/AttachLive/747dec2c-e682-4cfe-ab20-e9c8e979fa93.pdf,SBIMF Fortnightly Portfolio 15092026,2026-09-20T08:44:54.052951+00:00,Other,MEDIUM
d3dcbea59b75e308,BSE,SBI Floating Rate DEBT Fund - Direct Plan - Quarterly IDCW (9004108),,SBI Floating Rate DEBT Fund - Direct Plan - Quarterly IDCW (9004108),20-Sep-2026 12:56:47,https://www.bseindia.com/xml-data/corpfiling/AttachLive/747dec2c-e682-4cfe-ab20-e9c8e979fa93.pdf,SBIMF Fortnightly Portfolio 15092026,2026-09-20T08:44:54.052970+00:00,Order Win,HIGH
c86c17a0dab577a7,BSE,SBI Corporate Bond Fund - Regular Plan - Quarterly IDCW Payout (9004107),,SBI Corporate Bond Fund - Regular Plan - Quarterly IDCW Payout (9004107),20-Sep-2026 12:56:47,https://www.bseindia.com/xml-data/corpfiling/AttachLive/747dec2c-e682-4cfe-ab20-e9c8e979fa93.pdf,SBIMF Fortnightly Portfolio 15092026,2026-09-20T08:44:54.052988+00:00,Other,MEDIUM
e00a62b1a2837294,BSE,SBI Floating Rate DEBT Fund - Regular Plan - Monthly IDCW (9004106),,SBI Floating Rate DEBT Fund - Regular Plan - Monthly IDCW (9004106),20-Sep-2026 12:56:47,https://www.bseindia.com/xml-data/corpfiling/AttachLive/747dec2c-e682-4cfe-ab20-e9c8e979fa93.pdf,SBIMF Fortnightly Portfolio 15092026,2026-09-20T08:44:54.053006+00:00,Order Win,HIGH
fa93dc7c4e570bbc,BSE,SBI Nifty 500 Index Fund - Direct Plan - IDCW Payout (9004105),,SBI Nifty 500 Index Fund - Direct Plan - IDCW Payout (9004105),20-Sep-2026 12:56:47,https://www.bseindia.com/xml-data/corpfiling/AttachLive/747dec2c-e682-4cfe-ab20-e9c8e979fa93.pdf,SBIMF Fortnightly Portfolio 15092026,2026-09-20T08:44:54.053024+00:00,Other,MEDIUM
3adc8f217bc533d5,BSE,SBI Nifty Next 50 Index Fund - Regular Plan - IDCW (9004104),,SBI Nifty Next 50 Index Fund - Regular Plan - IDCW (9004104),20-Sep-2026 12:56:47,https://www.bseindia.com/xml-data/corpfiling/AttachLive/747dec2c-e682-4cfe-ab20-e9c8e979fa93.pdf,SBIMF Fortnightly Portfolio 15092026,2026-09-20T08:44:54.053042+00:00,Other,MEDIUM
83b0077aead73da5,BSE,SBI Floating Rate DEBT Fund - Regular Plan - Quarterly IDCW Payout (9004103),,SBI Floating Rate DEBT Fund - Regular Plan - Quarterly IDCW Payout (9004103),20-Sep-2026 12:56:47,https://www.bseindia.com/xml-data/corpfiling/AttachLive/747dec2c-e682-4cfe-ab20-e9c8e979fa93.pdf,SBIMF Fortnightly Portfolio 15092026,2026-09-20T08:44:54.053062+00:00,Order Win,HIGH
0adfce763b728596,BSE,SBI Magnum Gilt Fund - Long Term IDCW PF Regular (9004102),,SBI Magnum Gilt Fund - Long Term IDCW PF Regular (9004102),20-Sep-2026 12:56:47,https://www.bseindia.com/xml-data/corpfiling/AttachLive/747dec2c-e682-4cfe-ab20-e9c8e979fa93.pdf,SBIMF Fortnightly Portfolio 15092026,2026-09-20T08:44:54.053089+00:00,Other,MEDIUM
c764d9017df1526f,BSE,SBI Fixed Maturity Plan (FMP) - Series 6 (3668 Days) - Regular Plan - IDCW (9004101),,SBI Fixed Maturity Plan (FMP) - Series 6 (3668 Days) - Regular Plan - IDCW (9004101),20-Sep-2026 12:56:47,https://www.bseindia.com/xml-data/corpfiling/AttachLive/747dec2c-e682-4cfe-ab20-e9c8e979fa93.pdf,SBIMF Fortnightly Portfolio 15092026,2026-09-20T08:44:54.053110+00:00,Other,MEDIUM
16444b4d43442c8b,BSE,SBI Corporate Bond Fund - Direct Plan - Growth (9004100),,SBI Corporate Bond Fund - Direct Plan - Growth (9004100),20-Sep-2026 12:56:47,https://www.bseindia.com/xml-data/corpfiling/AttachLive/747dec2c-e682-4cfe-ab20-e9c8e979fa93.pdf,SBIMF Fortnightly Portfolio 15092026,2026-09-20T08:44:54.053130+00:00,Other,MEDIUM
e9cb063ca7a539e7,BSE,SBI Long Term Advantage Fund - Series VI - Direct Plan - IDCW (9004099),,SBI Long Term Advantage Fund - Series VI - Direct Plan - IDCW (9004099),20-Sep-2026 12:56:47,https://www.bseindia.com/xml-data/corpfiling/AttachLive/747dec2c-e682-4cfe-ab20-e9c8e979fa93.pdf,SBIMF Fortnightly Portfolio 15092026,2026-09-20T08:44:54.053149+00:00,Other,MEDIUM
731d0067c8e9782d,BSE,SBI Nifty Midcap 150 Index Fund - Regular Plan - Growth (9004098),,SBI Nifty Midcap 150 Index Fund - Regular Plan - Growth (9004098),20-Sep-2026 12:56:47,https://www.bseindia.com/xml-data/corpfiling/AttachLive/747dec2c-e682-4cfe-ab20-e9c8e979fa93.pdf,SBIMF Fortnightly Portfolio 15092026,2026-09-20T08:44:54.053168+00:00,Other,MEDIUM
6307653fcf2564d1,BSE,SBI Magnum Children's Benefit Fund- Investment Plan Direct Growth (9004097),,SBI Magnum Children's Benefit Fund- Investment Plan Direct Growth (9004097),20-Sep-2026 12:56:47,https://www.bseindia.com/xml-data/corpfiling/AttachLive/747dec2c-e682-4cfe-ab20-e9c8e979fa93.pdf,SBIMF Fortnightly Portfolio 15092026,2026-09-20T08:44:54.053189+00:00,Other,MEDIUM
d4d23857642a9816,BSE,SBI Nifty Smallcap 250 Index Fund - Regular Plan - IDCW (9004096),,SBI Nifty Smallcap 250 Index Fund - Regular Plan - IDCW (9004096),20-Sep-2026 12:56:47,https://www.bseindia.com/xml-data/corpfiling/AttachLive/747dec2c-e682-4cfe-ab20-e9c8e979fa93.pdf,SBIMF Fortnightly Portfolio 15092026,2026-09-20T08:44:54.053207+00:00,Other,MEDIUM
f74bc87b14d2bd74,BSE,SBI Nifty IT ETF (9004095),,SBI Nifty IT ETF (9004095),20-Sep-2026 12:56:47,https://www.bseindia.com/xml-data/corpfiling/AttachLive/747dec2c-e682-4cfe-ab20-e9c8e979fa93.pdf,SBIMF Fortnightly Portfolio 15092026,2026-09-20T08:44:54.053222+00:00,Other,MEDIUM
d74e027f810a103e,BSE,SBI CRISIL IBX Gilt Index - June 2036 Fund - Direct Plan - IDCW Payout (9004094),,SBI CRISIL IBX Gilt Index - June 2036 Fund - Direct Plan - IDCW Payout (9004094),20-Sep-2026 12:56:47,https://www.bseindia.com/xml-data/corpfiling/AttachLive/747dec2c-e682-4cfe-ab20-e9c8e979fa93.pdf,SBIMF Fortnightly Portfolio 15092026,2026-09-20T08:44:54.053242+00:00,Other,MEDIUM
22048ceacb0d1860,BSE,SBI Fixed Maturity Plan (FMP) - Series 6 (3668 Days) Reg Growth (9004093),,SBI Fixed Maturity Plan (FMP) - Series 6 (3668 Days) Reg Growth (9004093),20-Sep-2026 12:56:47,https://www.bseindia.com/xml-data/corpfiling/AttachLive/747dec2c-e682-4cfe-ab20-e9c8e979fa93.pdf,SBIMF Fortnightly Portfolio 15092026,2026-09-20T08:44:54.053261+00:00,Other,MEDIUM
ac825f6b82e2a4b5,BSE,SBI Fixed Maturity Plan (FMP) - Series 6 (3668 Days) Dir Growth (9004092),,SBI Fixed Maturity Plan (FMP) - Series 6 (3668 Days) Dir Growth (9004092),20-Sep-2026 12:56:47,https://www.bseindia.com/xml-data/corpfiling/AttachLive/747dec2c-e682-4cfe-ab20-e9c8e979fa93.pdf,SBIMF Fortnightly Portfolio 15092026,2026-09-20T08:44:54.053279+00:00,Other,MEDIUM
1142ce352499c905,BSE,SBI Fixed Maturity Plan (FMP) - Series 73 (1226 Days) Regular Plan - IDCW (9004091),,SBI Fixed Maturity Plan (FMP) - Series 73 (1226 Days) Regular Plan - IDCW (9004091),20-Sep-2026 12:56:47,https://www.bseindia.com/xml-data/corpfiling/AttachLive/747dec2c-e682-4cfe-ab20-e9c8e979fa93.pdf,SBIMF Fortnightly Portfolio 15092026,2026-09-20T08:44:54.053299+00:00,Other,MEDIUM
bb65dab49646ac70,BSE,SBI Nifty Next 50 Index Fund - Direct Plan - IDCW (9004090),,SBI Nifty Next 50 Index Fund - Direct Plan - IDCW (9004090),20-Sep-2026 12:56:47,https://www.bseindia.com/xml-data/corpfiling/AttachLive/747dec2c-e682-4cfe-ab20-e9c8e979fa93.pdf,SBIMF Fortnightly Portfolio 15092026,2026-09-20T08:44:54.053317+00:00,Other,MEDIUM
e2b1cba4efee4a7b,BSE,SBI CRISIL IBX SDL Index - September 2027 Fund - Regular Plan - IDCW (9004089),,SBI CRISIL IBX SDL Index - September 2027 Fund - Regular Plan - IDCW (9004089),20-Sep-2026 12:56:47,https://www.bseindia.com/xml-data/corpfiling/AttachLive/747dec2c-e682-4cfe-ab20-e9c8e979fa93.pdf,SBIMF Fortnightly Portfolio 15092026,2026-09-20T08:44:54.053336+00:00,Other,MEDIUM
63920b83f03ab318,BSE,SBI Equity Minimum Variance Fund - Direct Plan - IDCW (9004088),,SBI Equity Minimum Variance Fund - Direct Plan - IDCW (9004088),20-Sep-2026 12:56:47,https://www.bseindia.com/xml-data/corpfiling/AttachLive/747dec2c-e682-4cfe-ab20-e9c8e979fa93.pdf,SBIMF Fortnightly Portfolio 15092026,2026-09-20T08:44:54.053353+00:00,Other,MEDIUM
db261500a1bc6e41,BSE,SBI NIFTY 200 Quality 30 ETF (9004087),,SBI NIFTY 200 Quality 30 ETF (9004087),20-Sep-2026 12:56:47,https://www.bseindia.com/xml-data/corpfiling/AttachLive/747dec2c-e682-4cfe-ab20-e9c8e979fa93.pdf,SBIMF Fortnightly Portfolio 15092026,2026-09-20T08:44:54.053369+00:00,Other,MEDIUM
e926b9a24ed78e84,BSE,SBI Fixed Maturity Plan (FMP) - Series 1 (3668 Days) Reg Growth (9004086),,SBI Fixed Maturity Plan (FMP) - Series 1 (3668 Days) Reg Growth (9004086),20-Sep-2026 12:56:47,https://www.bseindia.com/xml-data/corpfiling/AttachLive/747dec2c-e682-4cfe-ab20-e9c8e979fa93.pdf,SBIMF Fortnightly Portfolio 15092026,2026-09-20T08:44:54.053388+00:00,Other,MEDIUM
ab415509402c371f,BSE,SBI Fixed Maturity Plan (FMP) - Series 1 (3668 Days) - Regular Plan - IDCW (9004085),,SBI Fixed Maturity Plan (FMP) - Series 1 (3668 Days) - Regular Plan - IDCW (9004085),20-Sep-2026 12:56:47,https://www.bseindia.com/xml-data/corpfiling/AttachLive/747dec2c-e682-4cfe-ab20-e9c8e979fa93.pdf,SBIMF Fortnightly Portfolio 15092026,2026-09-20T08:44:54.053408+00:00,Other,MEDIUM
46976ca5e57e7195,BSE,SBI CRISIL IBX SDL Index - September 2027 Fund - Regular Plan - Growth (9004084),,SBI CRISIL IBX SDL Index - September 2027 Fund - Regular Plan - Growth (9004084),20-Sep-2026 12:56:47,https://www.bseindia.com/xml-data/corpfiling/AttachLive/747dec2c-e682-4cfe-ab20-e9c8e979fa93.pdf,SBIMF Fortnightly Portfolio 15092026,2026-09-20T08:44:54.053428+00:00,Other,MEDIUM
f9327e7e37242e62,BSE,SBI Corporate Bond Fund - Direct Plan - Monthly IDCW (9004083),,SBI Corporate Bond Fund - Direct Plan - Monthly IDCW (9004083),20-Sep-2026 12:56:47,https://www.bseindia.com/xml-data/corpfiling/AttachLive/747dec2c-e682-4cfe-ab20-e9c8e979fa93.pdf,SBIMF Fortnightly Portfolio 15092026,2026-09-20T08:44:54.053448+00:00,Other,MEDIUM
5e2b9c6a1ce68d56,BSE,SBI CRISIL IBX SDL Index - September 2027 Fund - Direct Plan - IDCW (9004082),,SBI CRISIL IBX SDL Index - September 2027 Fund - Direct Plan - IDCW (9004082),20-Sep-2026 12:56:47,https://www.bseindia.com/xml-data/corpfiling/AttachLive/747dec2c-e682-4cfe-ab20-e9c8e979fa93.pdf,SBIMF Fortnightly Portfolio 15092026,2026-09-20T08:44:54.053467+00:00,Other,MEDIUM
fcb73f22244a73c7,BSE,SBI Conservative Hybrid Fund Direct Monthly IDCW Payout (9004081),,SBI Conservative Hybrid Fund Direct Monthly IDCW Payout (9004081),20-Sep-2026 12:56:47,https://www.bseindia.com/xml-data/corpfiling/AttachLive/747dec2c-e682-4cfe-ab20-e9c8e979fa93.pdf,SBIMF Fortnightly Portfolio 15092026,2026-09-20T08:44:54.053485+00:00,Other,MEDIUM
f22b5d9dc0a2be0d,BSE,SBI Equity Savings Fund - Regular Plan - Quarterly IDCW (9004080),,SBI Equity Savings Fund - Regular Plan - Quarterly IDCW (9004080),20-Sep-2026 12:56:47,https://www.bseindia.com/xml-data/corpfiling/AttachLive/747dec2c-e682-4cfe-ab20-e9c8e979fa93.pdf,SBIMF Fortnightly Portfolio 15092026,2026-09-20T08:44:54.053503+00:00,Other,MEDIUM
6205fe9e6ae2f64b,BSE,SBI Conservative Hybrid Fund Direct Annual IDCW Payout (9004079),,SBI Conservative Hybrid Fund Direct Annual IDCW Payout (9004079),20-Sep-2026 12:56:47,https://www.bseindia.com/xml-data/corpfiling/AttachLive/747dec2c-e682-4cfe-ab20-e9c8e979fa93.pdf,SBIMF Fortnightly Portfolio 15092026,2026-09-20T08:44:54.053520+00:00,Other,MEDIUM
ffe578a717b55ca5,BSE,SBI Credit Risk Fund - Direct Plan - IDCW Payout (9004078),,SBI Credit Risk Fund - Direct Plan - IDCW Payout (9004078),20-Sep-2026 12:56:47,https://www.bseindia.com/xml-data/corpfiling/AttachLive/747dec2c-e682-4cfe-ab20-e9c8e979fa93.pdf,SBIMF Fortnightly Portfolio 15092026,2026-09-20T08:44:54.053538+00:00,Other,MEDIUM
d8dd41f80f3240f6,BSE,SBI Savings Fund - Direct Plan - IDCW Payout (9004077),,SBI Savings Fund - Direct Plan - IDCW Payout (9004077),20-Sep-2026 12:56:47,https://www.bseindia.com/xml-data/corpfiling/AttachLive/747dec2c-e682-4cfe-ab20-e9c8e979fa93.pdf,SBIMF Fortnightly Portfolio 15092026,2026-09-20T08:44:54.053555+00:00,Other,MEDIUM
627226af5be6a922,BSE,SBI Arbitrage Opportunities Fund - Direct Plan - IDCW Payout (9004076),,SBI Arbitrage Opportunities Fund - Direct Plan - IDCW Payout (9004076),20-Sep-2026 12:56:47,https://www.bseindia.com/xml-data/corpfiling/AttachLive/747dec2c-e682-4cfe-ab20-e9c8e979fa93.pdf,SBIMF Fortnightly Portfolio 15092026,2026-09-20T08:44:54.053574+00:00,Other,MEDIUM
0636b4dce8f717c7,BSE,SBI Fixed Maturity Plan (FMP) - Series 43 (1616 Days) Dir Growth (9004075),,SBI Fixed Maturity Plan (FMP) - Series 43 (1616 Days) Dir Growth (9004075),20-Sep-2026 12:56:47,https://www.bseindia.com/xml-data/corpfiling/AttachLive/747dec2c-e682-4cfe-ab20-e9c8e979fa93.pdf,SBIMF Fortnightly Portfolio 15092026,2026-09-20T08:44:54.053594+00:00,Other,MEDIUM
d443d39466dc93ec,BSE,SBI Savings Fund - Direct Plan Weekly IDCW Payout (9004074),,SBI Savings Fund - Direct Plan Weekly IDCW Payout (9004074),20-Sep-2026 12:56:47,https://www.bseindia.com/xml-data/corpfiling/AttachLive/747dec2c-e682-4cfe-ab20-e9c8e979fa93.pdf,SBIMF Fortnightly Portfolio 15092026,2026-09-20T08:44:54.053611+00:00,Other,MEDIUM
4835462d5239239b,BSE,SBI Liquid Fund - Direct Plan - Weekly IDCW Payout (9004073),,SBI Liquid Fund - Direct Plan - Weekly IDCW Payout (9004073),20-Sep-2026 12:56:47,https://www.bseindia.com/xml-data/corpfiling/AttachLive/747dec2c-e682-4cfe-ab20-e9c8e979fa93.pdf,SBIMF Fortnightly Portfolio 15092026,2026-09-20T08:44:54.053629+00:00,Other,MEDIUM
39e167f781af46ec,BSE,SBI Liquid Fund - Direct Fortnightly IDCW Payout (9004072),,SBI Liquid Fund - Direct Fortnightly IDCW Payout (9004072),20-Sep-2026 12:56:47,https://www.bseindia.com/xml-data/corpfiling/AttachLive/747dec2c-e682-4cfe-ab20-e9c8e979fa93.pdf,SBIMF Fortnightly Portfolio 15092026,2026-09-20T08:44:54.053646+00:00,Other,MEDIUM
71cf6ca615bc27f0,BSE,SBI Magnum Medium Duration Fund - Direct Plan - IDCW Payout (9004071),,SBI Magnum Medium Duration Fund - Direct Plan - IDCW Payout (9004071),20-Sep-2026 12:56:47,https://www.bseindia.com/xml-data/corpfiling/AttachLive/747dec2c-e682-4cfe-ab20-e9c8e979fa93.pdf,SBIMF Fortnightly Portfolio 15092026,2026-09-20T08:44:54.053664+00:00,Other,MEDIUM
b866312c25dee153,BSE,SBI Nifty 1D Rate ETF (9004070),,SBI Nifty 1D Rate ETF (9004070),20-Sep-2026 12:56:47,https://www.bseindia.com/xml-data/corpfiling/AttachLive/747dec2c-e682-4cfe-ab20-e9c8e979fa93.pdf,SBIMF Fortnightly Portfolio 15092026,2026-09-20T08:44:54.053679+00:00,Other,MEDIUM
d1ef7e4a9d35e6f0,BSE,SBI Equity Hybrid Fund - Direct Plan - IDCW Payout (9004069),,SBI Equity Hybrid Fund - Direct Plan - IDCW Payout (9004069),20-Sep-2026 12:56:47,https://www.bseindia.com/xml-data/corpfiling/AttachLive/747dec2c-e682-4cfe-ab20-e9c8e979fa93.pdf,SBIMF Fortnightly Portfolio 15092026,2026-09-20T08:44:54.053697+00:00,Other,MEDIUM
0be225bf1c28d705,BSE,SBI Banking & Financial Services Fund - Direct Plan-Growth (9004068),,SBI Banking & Financial Services Fund - Direct Plan-Growth (9004068),20-Sep-2026 12:56:47,https://www.bseindia.com/xml-data/corpfiling/AttachLive/747dec2c-e682-4cfe-ab20-e9c8e979fa93.pdf,SBIMF Fortnightly Portfolio 15092026,2026-09-20T08:44:54.053716+00:00,Other,MEDIUM
e235e820befb5840,BSE,SBI Overnight Fund - Direct Plan - Weekly IDCW Payout (9004067),,SBI Overnight Fund - Direct Plan - Weekly IDCW Payout (9004067),20-Sep-2026 12:56:47,https://www.bseindia.com/xml-data/corpfiling/AttachLive/747dec2c-e682-4cfe-ab20-e9c8e979fa93.pdf,SBIMF Fortnightly Portfolio 15092026,2026-09-20T08:44:54.053733+00:00,Other,MEDIUM
4e7803b769e5e4c4,BSE,SBI Nifty Index Fund - Direct Plan - IDCW Payout (9004066),,SBI Nifty Index Fund - Direct Plan - IDCW Payout (9004066),20-Sep-2026 12:56:47,https://www.bseindia.com/xml-data/corpfiling/AttachLive/747dec2c-e682-4cfe-ab20-e9c8e979fa93.pdf,SBIMF Fortnightly Portfolio 15092026,2026-09-20T08:44:54.053751+00:00,Other,MEDIUM
49b35f37e945384a,BSE,SBI Contra Fund - Direct Plan - IDCW Payout (9004065),,SBI Contra Fund - Direct Plan - IDCW Payout (9004065),20-Sep-2026 12:56:47,https://www.bseindia.com/xml-data/corpfiling/AttachLive/747dec2c-e682-4cfe-ab20-e9c8e979fa93.pdf,SBIMF Fortnightly Portfolio 15092026,2026-09-20T08:44:54.053767+00:00,Other,MEDIUM
a8a583572dd1c14e,BSE,SBI Healthcare Opportunities Fund - Direct Plan - IDCW Payout (9004064),,SBI Healthcare Opportunities Fund - Direct Plan - IDCW Payout (9004064),20-Sep-2026 12:56:47,https://www.bseindia.com/xml-data/corpfiling/AttachLive/747dec2c-e682-4cfe-ab20-e9c8e979fa93.pdf,SBIMF Fortnightly Portfolio 15092026,2026-09-20T08:44:54.053786+00:00,Other,MEDIUM
0a76e84ad933bad2,BSE,SBI Technology Opportunities Fund - Direct Plan - IDCW Payout (9004063),,SBI Technology Opportunities Fund - Direct Plan - IDCW Payout (9004063),20-Sep-2026 12:56:47,https://www.bseindia.com/xml-data/corpfiling/AttachLive/747dec2c-e682-4cfe-ab20-e9c8e979fa93.pdf,SBIMF Fortnightly Portfolio 15092026,2026-09-20T08:44:54.053804+00:00,Other,MEDIUM
a476118eef239475,BSE,SBI Consumption Opportunities Fund - Direct Plan - IDCW Payout (9004062),,SBI Consumption Opportunities Fund - Direct Plan - IDCW Payout (9004062),20-Sep-2026 12:56:47,https://www.bseindia.com/xml-data/corpfiling/AttachLive/747dec2c-e682-4cfe-ab20-e9c8e979fa93.pdf,SBIMF Fortnightly Portfolio 15092026,2026-09-20T08:44:54.053824+00:00,Other,MEDIUM
662dc7766ed8a743,BSE,SBI Magnum Income Fund - Direct Plan - Quarterly IDCW Payout (9004061),,SBI Magnum Income Fund - Direct Plan - Quarterly IDCW Payout (9004061),20-Sep-2026 12:56:47,https://www.bseindia.com/xml-data/corpfiling/AttachLive/747dec2c-e682-4cfe-ab20-e9c8e979fa93.pdf,SBIMF Fortnightly Portfolio 15092026,2026-09-20T08:44:54.053842+00:00,Other,MEDIUM
788886f101e36ba5,BSE,SBI Magnum Income Fund - Direct Plan - IDCW Payout (9004060),,SBI Magnum Income Fund - Direct Plan - IDCW Payout (9004060),20-Sep-2026 12:56:47,https://www.bseindia.com/xml-data/corpfiling/AttachLive/747dec2c-e682-4cfe-ab20-e9c8e979fa93.pdf,SBIMF Fortnightly Portfolio 15092026,2026-09-20T08:44:54.053860+00:00,Other,MEDIUM
7a3c6add3ea775ee,BSE,SBI Magnum Global Fund - Direct Plan - IDCW Payout (9004059),,SBI Magnum Global Fund - Direct Plan - IDCW Payout (9004059),20-Sep-2026 12:56:47,https://www.bseindia.com/xml-data/corpfiling/AttachLive/747dec2c-e682-4cfe-ab20-e9c8e979fa93.pdf,SBIMF Fortnightly Portfolio 15092026,2026-09-20T08:44:54.053876+00:00,Other,MEDIUM
b28339eeba78bca2,BSE,SBI Large & Midcap Fund - Direct Plan - IDCW Payout (9004058),,SBI Large & Midcap Fund - Direct Plan - IDCW Payout (9004058),20-Sep-2026 12:56:47,https://www.bseindia.com/xml-data/corpfiling/AttachLive/747dec2c-e682-4cfe-ab20-e9c8e979fa93.pdf,SBIMF Fortnightly Portfolio 15092026,2026-09-20T08:44:54.053895+00:00,Other,MEDIUM
e622699266dd1fc5,BSE,SBI ESG Exclusionary Strategy Fund Direct Plan - IDCW Payout (9004057),,SBI ESG Exclusionary Strategy Fund Direct Plan - IDCW Payout (9004057),20-Sep-2026 12:56:47,https://www.bseindia.com/xml-data/corpfiling/AttachLive/747dec2c-e682-4cfe-ab20-e9c8e979fa93.pdf,SBIMF Fortnightly Portfolio 15092026,2026-09-20T08:44:54.053916+00:00,Other,MEDIUM
a87ca0fca987cdbd,BSE,SBI Multi Asset Allocation Fund - Direct Plan - Annual IDCW Payout (9004056),,SBI Multi Asset Allocation Fund - Direct Plan - Annual IDCW Payout (9004056),20-Sep-2026 12:56:47,https://www.bseindia.com/xml-data/corpfiling/AttachLive/747dec2c-e682-4cfe-ab20-e9c8e979fa93.pdf,SBIMF Fortnightly Portfolio 15092026,2026-09-20T08:44:54.053936+00:00,Other,MEDIUM
33c8e855db87a9af,BSE,SBI Multi Asset Allocation Fund - Direct Plan - Quarterly IDCW Payout (9004055),,SBI Multi Asset Allocation Fund - Direct Plan - Quarterly IDCW Payout (9004055),20-Sep-2026 12:56:47,https://www.bseindia.com/xml-data/corpfiling/AttachLive/747dec2c-e682-4cfe-ab20-e9c8e979fa93.pdf,SBIMF Fortnightly Portfolio 15092026,2026-09-20T08:44:54.053955+00:00,Other,MEDIUM
2331f7eedfa7c2d7,BSE,SBI Flexicap Fund - Direct Plan - IDCW Payout (9004054),,SBI Flexicap Fund - Direct Plan - IDCW Payout (9004054),20-Sep-2026 12:56:47,https://www.bseindia.com/xml-data/corpfiling/AttachLive/747dec2c-e682-4cfe-ab20-e9c8e979fa93.pdf,SBIMF Fortnightly Portfolio 15092026,2026-09-20T08:44:54.053973+00:00,Other,MEDIUM
08a35342e0793b64,BSE,SBI Magnum Gilt Fund - Direct Plan - IDCW Payout (9004053),,SBI Magnum Gilt Fund - Direct Plan - IDCW Payout (9004053),20-Sep-2026 12:56:47,https://www.bseindia.com/xml-data/corpfiling/AttachLive/747dec2c-e682-4cfe-ab20-e9c8e979fa93.pdf,SBIMF Fortnightly Portfolio 15092026,2026-09-20T08:44:54.053990+00:00,Other,MEDIUM
3ed0e0a0b7d37682,BSE,SBI Magnum Comma Fund - Direct Plan - IDCW Payout (9004052),,SBI Magnum Comma Fund - Direct Plan - IDCW Payout (9004052),20-Sep-2026 12:56:46,https://www.bseindia.com/xml-data/corpfiling/AttachLive/747dec2c-e682-4cfe-ab20-e9c8e979fa93.pdf,SBIMF Fortnightly Portfolio 15092026,2026-09-20T08:44:54.054007+00:00,Other,MEDIUM
7fafd91184302d2f,BSE,SBI Long Term Advantage Fund - Series IV - Regular Plan - IDCW (9004051),,SBI Long Term Advantage Fund - Series IV - Regular Plan - IDCW (9004051),20-Sep-2026 12:56:46,https://www.bseindia.com/xml-data/corpfiling/AttachLive/747dec2c-e682-4cfe-ab20-e9c8e979fa93.pdf,SBIMF Fortnightly Portfolio 15092026,2026-09-20T08:44:54.054025+00:00,Other,MEDIUM
4dd866798f217273,BSE,SBI Fixed Maturity Plan (FMP) - Series 48 (1458 Days) Direct Plan - IDCW (9004050),,SBI Fixed Maturity Plan (FMP) - Series 48 (1458 Days) Direct Plan - IDCW (9004050),20-Sep-2026 12:56:46,https://www.bseindia.com/xml-data/corpfiling/AttachLive/747dec2c-e682-4cfe-ab20-e9c8e979fa93.pdf,SBIMF Fortnightly Portfolio 15092026,2026-09-20T08:44:54.054045+00:00,Other,MEDIUM
8aaff8d241878cf8,BSE,SBI Equity Savings Fund - Direct Plan - Quarterly IDCW (9004049),,SBI Equity Savings Fund - Direct Plan - Quarterly IDCW (9004049),20-Sep-2026 12:56:46,https://www.bseindia.com/xml-data/corpfiling/AttachLive/747dec2c-e682-4cfe-ab20-e9c8e979fa93.pdf,SBIMF Fortnightly Portfolio 15092026,2026-09-20T08:44:54.054063+00:00,Other,MEDIUM
761289bd8e32e0fb,BSE,SBI Long Term Advantage Fund - Series II - Direct Plan - IDCW (9004048),,SBI Long Term Advantage Fund - Series II - Direct Plan - IDCW (9004048),20-Sep-2026 12:56:46,https://www.bseindia.com/xml-data/corpfiling/AttachLive/747dec2c-e682-4cfe-ab20-e9c8e979fa93.pdf,SBIMF Fortnightly Portfolio 15092026,2026-09-20T08:44:54.054090+00:00,Other,MEDIUM
86779fb041f0b624,BSE,SBI Banking & Financial Services Fund - Direct Plan - IDCW (9004047),,SBI Banking & Financial Services Fund - Direct Plan - IDCW (9004047),20-Sep-2026 12:56:46,https://www.bseindia.com/xml-data/corpfiling/AttachLive/747dec2c-e682-4cfe-ab20-e9c8e979fa93.pdf,SBIMF Fortnightly Portfolio 15092026,2026-09-20T08:44:54.054109+00:00,Other,MEDIUM
681e5a274ca8420f,BSE,SBI Gold Fund - Direct Plan - IDCW Payout (9004046),,SBI Gold Fund - Direct Plan - IDCW Payout (9004046),20-Sep-2026 12:56:46,https://www.bseindia.com/xml-data/corpfiling/AttachLive/747dec2c-e682-4cfe-ab20-e9c8e979fa93.pdf,SBIMF Fortnightly Portfolio 15092026,2026-09-20T08:44:54.054126+00:00,Other,MEDIUM
0bd7ec6e02576fd3,BSE,SBI Long Term Advantage Fund - Series V - Regular Plan - IDCW (9004045),,SBI Long Term Advantage Fund - Series V - Regular Plan - IDCW (9004045),20-Sep-2026 12:56:46,https://www.bseindia.com/xml-data/corpfiling/AttachLive/747dec2c-e682-4cfe-ab20-e9c8e979fa93.pdf,SBIMF Fortnightly Portfolio 15092026,2026-09-20T08:44:54.054145+00:00,Other,MEDIUM
68f54d0e26a3030c,BSE,SBI Fixed Maturity Plan (FMP) - Series 48 (1458 Days) Reg Growth (9004044),,SBI Fixed Maturity Plan (FMP) - Series 48 (1458 Days) Reg Growth (9004044),20-Sep-2026 12:56:46,https://www.bseindia.com/xml-data/corpfiling/AttachLive/747dec2c-e682-4cfe-ab20-e9c8e979fa93.pdf,SBIMF Fortnightly Portfolio 15092026,2026-09-20T08:44:54.054163+00:00,Other,MEDIUM
c863b23b77104137,BSE,SBI Long Term Advantage Fund - Series III - Regular Plan - IDCW (9004043),,SBI Long Term Advantage Fund - Series III - Regular Plan - IDCW (9004043),20-Sep-2026 12:56:46,https://www.bseindia.com/xml-data/corpfiling/AttachLive/747dec2c-e682-4cfe-ab20-e9c8e979fa93.pdf,SBIMF Fortnightly Portfolio 15092026,2026-09-20T08:44:54.054185+00:00,Other,MEDIUM
eddee41b89cc22ab,BSE,SBI Long Term Advantage Fund - Series IV - Regular - Growth (9004042),,SBI Long Term Advantage Fund - Series IV - Regular - Growth (9004042),20-Sep-2026 12:56:46,https://www.bseindia.com/xml-data/corpfiling/AttachLive/747dec2c-e682-4cfe-ab20-e9c8e979fa93.pdf,SBIMF Fortnightly Portfolio 15092026,2026-09-20T08:44:54.054203+00:00,Other,MEDIUM
e31dba3ba9b806b8,BSE,SBI Long Term Advantage Fund - Series III - Direct Plan - IDCW (9004041),,SBI Long Term Advantage Fund - Series III - Direct Plan - IDCW (9004041),20-Sep-2026 12:56:46,https://www.bseindia.com/xml-data/corpfiling/AttachLive/747dec2c-e682-4cfe-ab20-e9c8e979fa93.pdf,SBIMF Fortnightly Portfolio 15092026,2026-09-20T08:44:54.054222+00:00,Other,MEDIUM
96a0094eb47d9aa9,BSE,SBI Dynamic Bond Fund - Direct Plan - IDCW Payout (9004040),,SBI Dynamic Bond Fund - Direct Plan - IDCW Payout (9004040),20-Sep-2026 12:56:46,https://www.bseindia.com/xml-data/corpfiling/AttachLive/747dec2c-e682-4cfe-ab20-e9c8e979fa93.pdf,SBIMF Fortnightly Portfolio 15092026,2026-09-20T08:44:54.054240+00:00,Other,MEDIUM
e9f67d0e60159e3c,BSE,SBI Silver ETF Fund of Fund - Regular Plan - IDCW (9004039),,SBI Silver ETF Fund of Fund - Regular Plan - IDCW (9004039),20-Sep-2026 12:56:46,https://www.bseindia.com/xml-data/corpfiling/AttachLive/747dec2c-e682-4cfe-ab20-e9c8e979fa93.pdf,SBIMF Fortnightly Portfolio 15092026,2026-09-20T08:44:54.054257+00:00,Other,MEDIUM
e32e19b076db22ca,BSE,SBI Long Duration Fund - Direct Plan - IDCW (9004038),,SBI Long Duration Fund - Direct Plan - IDCW (9004038),20-Sep-2026 12:56:46,https://www.bseindia.com/xml-data/corpfiling/AttachLive/747dec2c-e682-4cfe-ab20-e9c8e979fa93.pdf,SBIMF Fortnightly Portfolio 15092026,2026-09-20T08:44:54.054274+00:00,Other,MEDIUM
332cd059cfd41b05,BSE,SBI CPSE Bond Plus SDL Sep 2026 50:50 Index Fund  - Direct Plan - Growth (9004037),,SBI CPSE Bond Plus SDL Sep 2026 50:50 Index Fund - Direct Plan - Growth (9004037),20-Sep-2026 12:56:46,https://www.bseindia.com/xml-data/corpfiling/AttachLive/747dec2c-e682-4cfe-ab20-e9c8e979fa93.pdf,SBIMF Fortnightly Portfolio 15092026,2026-09-20T08:44:54.054294+00:00,Other,MEDIUM
7f1090c207a63b09,BSE,SBI Long Term Equity Fund - Direct Plan - IDCW Payout (9004036),,SBI Long Term Equity Fund - Direct Plan - IDCW Payout (9004036),20-Sep-2026 12:56:46,https://www.bseindia.com/xml-data/corpfiling/AttachLive/747dec2c-e682-4cfe-ab20-e9c8e979fa93.pdf,SBIMF Fortnightly Portfolio 15092026,2026-09-20T08:44:54.054312+00:00,Other,MEDIUM
e13fd335f81033a0,BSE,SBI Nifty India Consumption Index Fund - Regular Plan - IDCW Payout (9004035),,SBI Nifty India Consumption Index Fund - Regular Plan - IDCW Payout (9004035),20-Sep-2026 12:56:46,https://www.bseindia.com/xml-data/corpfiling/AttachLive/747dec2c-e682-4cfe-ab20-e9c8e979fa93.pdf,SBIMF Fortnightly Portfolio 15092026,2026-09-20T08:44:54.054331+00:00,Other,MEDIUM
f2eb595e07908726,BSE,SBI Long Term Advantage Fund - Series V - Direct Plan - IDCW (9004034),,SBI Long Term Advantage Fund - Series V - Direct Plan - IDCW (9004034),20-Sep-2026 12:56:46,https://www.bseindia.com/xml-data/corpfiling/AttachLive/747dec2c-e682-4cfe-ab20-e9c8e979fa93.pdf,SBIMF Fortnightly Portfolio 15092026,2026-09-20T08:44:54.054349+00:00,Other,MEDIUM
e7299c264dd09076,BSE,SBI Long Term Advantage Fund - Series V - Direct - Growth (9004033),,SBI Long Term Advantage Fund - Series V - Direct - Growth (9004033),20-Sep-2026 12:56:46,https://www.bseindia.com/xml-data/corpfiling/AttachLive/747dec2c-e682-4cfe-ab20-e9c8e979fa93.pdf,SBIMF Fortnightly Portfolio 15092026,2026-09-20T08:44:54.054367+00:00,Other,MEDIUM
9a8dca505e9c0637,BSE,SBI Banking & Financial Services Fund - Direct Plan - IDCW Payout (9004032),,SBI Banking & Financial Services Fund - Direct Plan - IDCW Payout (9004032),20-Sep-2026 12:56:46,https://www.bseindia.com/xml-data/corpfiling/AttachLive/747dec2c-e682-4cfe-ab20-e9c8e979fa93.pdf,SBIMF Fortnightly Portfolio 15092026,2026-09-20T08:44:54.054387+00:00,Other,MEDIUM
083540a48bef497c,BSE,SBI Long Term Advantage Fund - Series IV - Direct Plan - IDCW (9004031),,SBI Long Term Advantage Fund - Series IV - Direct Plan - IDCW (9004031),20-Sep-2026 12:56:46,https://www.bseindia.com/xml-data/corpfiling/AttachLive/747dec2c-e682-4cfe-ab20-e9c8e979fa93.pdf,SBIMF Fortnightly Portfolio 15092026,2026-09-20T08:44:54.054405+00:00,Other,MEDIUM
ba62d91c295d7696,BSE,SBI Banking & Financial Services Fund - Regular Plan - IDCW Payout (9004030),,SBI Banking & Financial Services Fund - Regular Plan - IDCW Payout (9004030),20-Sep-2026 12:56:46,https://www.bseindia.com/xml-data/corpfiling/AttachLive/747dec2c-e682-4cfe-ab20-e9c8e979fa93.pdf,SBIMF Fortnightly Portfolio 15092026,2026-09-20T08:44:54.054425+00:00,Other,MEDIUM
2310b2bd173457f6,BSE,SBI Banking & PSU Fund - Direct Plan - Weekly IDCW Payout (9004029),,SBI Banking & PSU Fund - Direct Plan - Weekly IDCW Payout (9004029),20-Sep-2026 12:56:46,https://www.bseindia.com/xml-data/corpfiling/AttachLive/747dec2c-e682-4cfe-ab20-e9c8e979fa93.pdf,SBIMF Fortnightly Portfolio 15092026,2026-09-20T08:44:54.054444+00:00,Other,MEDIUM
0a87ca50963a2832,BSE,SBI PSU Fund - Direct Plan - IDCW Payout (9004028),,SBI PSU Fund - Direct Plan - IDCW Payout (9004028),20-Sep-2026 12:56:46,https://www.bseindia.com/xml-data/corpfiling/AttachLive/747dec2c-e682-4cfe-ab20-e9c8e979fa93.pdf,SBIMF Fortnightly Portfolio 15092026,2026-09-20T08:44:54.054461+00:00,Other,MEDIUM
4de2dfa637992d14,BSE,SBI Short Term Debt Fund - Direct Plan Weekly IDCW Payout (9004027),,SBI Short Term Debt Fund - Direct Plan Weekly IDCW Payout (9004027),20-Sep-2026 12:56:46,https://www.bseindia.com/xml-data/corpfiling/AttachLive/747dec2c-e682-4cfe-ab20-e9c8e979fa93.pdf,SBIMF Fortnightly Portfolio 15092026,2026-09-20T08:44:54.054480+00:00,Other,MEDIUM
c2233e3b68207c13,BSE,SBI Short Term Debt Fund - Direct Plan - Monthly IDCW Payout (9004026),,SBI Short Term Debt Fund - Direct Plan - Monthly IDCW Payout (9004026),20-Sep-2026 12:56:46,https://www.bseindia.com/xml-data/corpfiling/AttachLive/747dec2c-e682-4cfe-ab20-e9c8e979fa93.pdf,SBIMF Fortnightly Portfolio 15092026,2026-09-20T08:44:54.054499+00:00,Other,MEDIUM
749dc11588cab6a4,BSE,SBI Short Term Debt Fund - Direct Plan Fortnightly IDCW Payout (9004025),,SBI Short Term Debt Fund - Direct Plan Fortnightly IDCW Payout (9004025),20-Sep-2026 12:56:46,https://www.bseindia.com/xml-data/corpfiling/AttachLive/747dec2c-e682-4cfe-ab20-e9c8e979fa93.pdf,SBIMF Fortnightly Portfolio 15092026,2026-09-20T08:44:54.054517+00:00,Other,MEDIUM
ede2c0ee92b51b40,BSE,SBI Nifty Next 50 Index Fund - Regular Plan - Growth (9004024),,SBI Nifty Next 50 Index Fund - Regular Plan - Growth (9004024),20-Sep-2026 12:56:46,https://www.bseindia.com/xml-data/corpfiling/AttachLive/747dec2c-e682-4cfe-ab20-e9c8e979fa93.pdf,SBIMF Fortnightly Portfolio 15092026,2026-09-20T08:44:54.054537+00:00,Other,MEDIUM
7e297cf6d0c35923,BSE,SBI Magnum Low Duration Fund - Direct Plan - Weekly IDCW Payout (9004023),,SBI Magnum Low Duration Fund - Direct Plan - Weekly IDCW Payout (9004023),20-Sep-2026 12:56:46,https://www.bseindia.com/xml-data/corpfiling/AttachLive/747dec2c-e682-4cfe-ab20-e9c8e979fa93.pdf,SBIMF Fortnightly Portfolio 15092026,2026-09-20T08:44:54.054556+00:00,Other,MEDIUM
c79ede29e2eed497,BSE,SBI Magnum Low Duration Fund - Direct Plan - Monthly IDCW Payout (9004022),,SBI Magnum Low Duration Fund - Direct Plan - Monthly IDCW Payout (9004022),20-Sep-2026 12:56:46,https://www.bseindia.com/xml-data/corpfiling/AttachLive/747dec2c-e682-4cfe-ab20-e9c8e979fa93.pdf,SBIMF Fortnightly Portfolio 15092026,2026-09-20T08:44:54.054576+00:00,Other,MEDIUM
c129e115a7906ad8,BSE,SBI Magnum Low Duration Fund - Direct Plan - Fortnightly IDCW Payout (9004021),,SBI Magnum Low Duration Fund - Direct Plan - Fortnightly IDCW Payout (9004021),20-Sep-2026 12:56:46,https://www.bseindia.com/xml-data/corpfiling/AttachLive/747dec2c-e682-4cfe-ab20-e9c8e979fa93.pdf,SBIMF Fortnightly Portfolio 15092026,2026-09-20T08:44:54.054595+00:00,Other,MEDIUM
e84738d55f5c38d7,BSE,SBI Infrastructure Fund - Direct Plan - IDCW Payout (9004020),,SBI Infrastructure Fund - Direct Plan - IDCW Payout (9004020),20-Sep-2026 12:56:46,https://www.bseindia.com/xml-data/corpfiling/AttachLive/747dec2c-e682-4cfe-ab20-e9c8e979fa93.pdf,SBIMF Fortnightly Portfolio 15092026,2026-09-20T08:44:54.054612+00:00,Other,MEDIUM
800202f7a970f59b,BSE,SBI Blue Chip Fund - Direct Plan - IDCW Payout (9004019),,SBI Blue Chip Fund - Direct Plan - IDCW Payout (9004019),20-Sep-2026 12:56:46,https://www.bseindia.com/xml-data/corpfiling/AttachLive/747dec2c-e682-4cfe-ab20-e9c8e979fa93.pdf,SBIMF Fortnightly Portfolio 15092026,2026-09-20T08:44:54.054632+00:00,Other,MEDIUM
ed91b7d9999c32fc,BSE,SBI Multi Asset Allocation Fund - Direct Plan - Monthly IDCW Payout (9004018),,SBI Multi Asset Allocation Fund - Direct Plan - Monthly IDCW Payout (9004018),20-Sep-2026 12:56:46,https://www.bseindia.com/xml-data/corpfiling/AttachLive/747dec2c-e682-4cfe-ab20-e9c8e979fa93.pdf,SBIMF Fortnightly Portfolio 15092026,2026-09-20T08:44:54.054651+00:00,Other,MEDIUM
5600d89970d7e74e,BSE,SBI Long Term Advantage Fund - Series VI - Direct - Growth (9004017),,SBI Long Term Advantage Fund - Series VI - Direct - Growth (9004017),20-Sep-2026 12:56:46,https://www.bseindia.com/xml-data/corpfiling/AttachLive/747dec2c-e682-4cfe-ab20-e9c8e979fa93.pdf,SBIMF Fortnightly Portfolio 15092026,2026-09-20T08:44:54.054672+00:00,Other,MEDIUM
66a561625e09ad47,BSE,SBI Long Term Advantage Fund - Series VI - Regular - Growth (9004016),,SBI Long Term Advantage Fund - Series VI - Regular - Growth (9004016),20-Sep-2026 12:56:46,https://www.bseindia.com/xml-data/corpfiling/AttachLive/747dec2c-e682-4cfe-ab20-e9c8e979fa93.pdf,SBIMF Fortnightly Portfolio 15092026,2026-09-20T08:44:54.054690+00:00,Other,MEDIUM
993e99da9d871d5b,BSE,SBI Magnum Constant Maturity Fund - Direct Plan - IDCW Payout (9004015),,SBI Magnum Constant Maturity Fund - Direct Plan - IDCW Payout (9004015),20-Sep-2026 12:56:46,https://www.bseindia.com/xml-data/corpfiling/AttachLive/747dec2c-e682-4cfe-ab20-e9c8e979fa93.pdf,SBIMF Fortnightly Portfolio 15092026,2026-09-20T08:44:54.054708+00:00,Other,MEDIUM
6f6133805625fbbc,BSE,SBI Magnum MidCap Fund - Direct Plan - IDCW Payout (9004014),,SBI Magnum MidCap Fund - Direct Plan - IDCW Payout (9004014),20-Sep-2026 12:56:46,https://www.bseindia.com/xml-data/corpfiling/AttachLive/747dec2c-e682-4cfe-ab20-e9c8e979fa93.pdf,SBIMF Fortnightly Portfolio 15092026,2026-09-20T08:44:54.054726+00:00,Other,MEDIUM
2a2703569538cf86,BSE,SBI Magnum Ultra Short Duration Fund - Direct Plan - Weekly IDCW Payout (9004013),,SBI Magnum Ultra Short Duration Fund - Direct Plan - Weekly IDCW Payout (9004013),20-Sep-2026 12:56:46,https://www.bseindia.com/xml-data/corpfiling/AttachLive/747dec2c-e682-4cfe-ab20-e9c8e979fa93.pdf,SBIMF Fortnightly Portfolio 15092026,2026-09-20T08:44:54.054745+00:00,Other,MEDIUM
0cb3fea8270c7c90,BSE,SBI Conservative Hybrid Fund Direct Quarterly IDCW Payout (9004012),,SBI Conservative Hybrid Fund Direct Quarterly IDCW Payout (9004012),20-Sep-2026 12:56:46,https://www.bseindia.com/xml-data/corpfiling/AttachLive/747dec2c-e682-4cfe-ab20-e9c8e979fa93.pdf,SBIMF Fortnightly Portfolio 15092026,2026-09-20T08:44:54.054763+00:00,Other,MEDIUM
65ee6642b43b60cd,BSE,SBI Equity Savings Fund - Regular Plan - Monthly IDCW (9004011),,SBI Equity Savings Fund - Regular Plan - Monthly IDCW (9004011),20-Sep-2026 12:56:46,https://www.bseindia.com/xml-data/corpfiling/AttachLive/747dec2c-e682-4cfe-ab20-e9c8e979fa93.pdf,SBIMF Fortnightly Portfolio 15092026,2026-09-20T08:44:54.054781+00:00,Other,MEDIUM
3571e066b88e09fc,BSE,SBI Equity Savings Fund -  Direct Plan-Growth (9004010),,SBI Equity Savings Fund - Direct Plan-Growth (9004010),20-Sep-2026 12:56:46,https://www.bseindia.com/xml-data/corpfiling/AttachLive/747dec2c-e682-4cfe-ab20-e9c8e979fa93.pdf,SBIMF Fortnightly Portfolio 15092026,2026-09-20T08:44:54.054798+00:00,Other,MEDIUM
71978117e9cade91,BSE,SBI Banking & Financial Services Fund - Regular Plan-Growth (9004009),,SBI Banking & Financial Services Fund - Regular Plan-Growth (9004009),20-Sep-2026 12:56:46,https://www.bseindia.com/xml-data/corpfiling/AttachLive/747dec2c-e682-4cfe-ab20-e9c8e979fa93.pdf,SBIMF Fortnightly Portfolio 15092026,2026-09-20T08:44:54.054816+00:00,Other,MEDIUM
e61c25698848ab1b,BSE,SBI Long Term Advantage Fund - Series IV - Direct - Growth (9004008),,SBI Long Term Advantage Fund - Series IV - Direct - Growth (9004008),20-Sep-2026 12:56:46,https://www.bseindia.com/xml-data/corpfiling/AttachLive/747dec2c-e682-4cfe-ab20-e9c8e979fa93.pdf,SBIMF Fortnightly Portfolio 15092026,2026-09-20T08:44:54.054834+00:00,Other,MEDIUM
3f72eb4d1b029b52,BSE,SBI Nifty 10 yr Benchmark G-Sec ETF (9004007),,SBI Nifty 10 yr Benchmark G-Sec ETF (9004007),20-Sep-2026 12:56:46,https://www.bseindia.com/xml-data/corpfiling/AttachLive/747dec2c-e682-4cfe-ab20-e9c8e979fa93.pdf,SBIMF Fortnightly Portfolio 15092026,2026-09-20T08:44:54.054850+00:00,Other,MEDIUM
7a3e9ff6c17dc144,BSE,SBI Equity Savings Fund - Direct Plan - Monthly IDCW Payout (9004006),,SBI Equity Savings Fund - Direct Plan - Monthly IDCW Payout (9004006),20-Sep-2026 12:56:46,https://www.bseindia.com/xml-data/corpfiling/AttachLive/747dec2c-e682-4cfe-ab20-e9c8e979fa93.pdf,SBIMF Fortnightly Portfolio 15092026,2026-09-20T08:44:54.054870+00:00,Other,MEDIUM
9a49572762825409,BSE,SBI Long Term Advantage Fund - Series III - Direct - Growth (9004005),,SBI Long Term Advantage Fund - Series III - Direct - Growth (9004005),20-Sep-2026 12:56:46,https://www.bseindia.com/xml-data/corpfiling/AttachLive/747dec2c-e682-4cfe-ab20-e9c8e979fa93.pdf,SBIMF Fortnightly Portfolio 15092026,2026-09-20T08:44:54.054888+00:00,Other,MEDIUM
55a2e0b6b85fef7c,BSE,SBI Balanced Advantage Fund - Regular Plan - IDCW (9004004),,SBI Balanced Advantage Fund - Regular Plan - IDCW (9004004),20-Sep-2026 12:56:46,https://www.bseindia.com/xml-data/corpfiling/AttachLive/747dec2c-e682-4cfe-ab20-e9c8e979fa93.pdf,SBIMF Fortnightly Portfolio 15092026,2026-09-20T08:44:54.054908+00:00,Other,MEDIUM
5cfa18282d054057,BSE,SBI CPSE Bond Plus SDL Sep 2026 50:50 Index Fund  - Regular Plan - IDCW Payout (9004003),,SBI CPSE Bond Plus SDL Sep 2026 50:50 Index Fund - Regular Plan - IDCW Payout (9004003),20-Sep-2026 12:56:46,https://www.bseindia.com/xml-data/corpfiling/AttachLive/747dec2c-e682-4cfe-ab20-e9c8e979fa93.pdf,SBIMF Fortnightly Portfolio 15092026,2026-09-20T08:44:54.054928+00:00,Other,MEDIUM
b2bb0ea53fba375d,BSE,SBI CPSE Bond Plus SDL Sep 2026 50:50 Index Fund  - Direct Plan - IDCW (9004002),,SBI CPSE Bond Plus SDL Sep 2026 50:50 Index Fund - Direct Plan - IDCW (9004002),20-Sep-2026 12:56:46,https://www.bseindia.com/xml-data/corpfiling/AttachLive/747dec2c-e682-4cfe-ab20-e9c8e979fa93.pdf,SBIMF Fortnightly Portfolio 15092026,2026-09-20T08:44:54.054948+00:00,Other,MEDIUM
6a65e6c4664669a4,BSE,SBI Nifty Next 50 ETF (9004001),,SBI Nifty Next 50 ETF (9004001),20-Sep-2026 12:56:46,https://www.bseindia.com/xml-data/corpfiling/AttachLive/747dec2c-e682-4cfe-ab20-e9c8e979fa93.pdf,SBIMF Fortnightly Portfolio 15092026,2026-09-20T08:44:54.054963+00:00,Other,MEDIUM
c9756303bb8f8da5,BSE,SBI Long Term Advantage Fund - Series II - Direct - Growth (9004000),,SBI Long Term Advantage Fund - Series II - Direct - Growth (9004000),20-Sep-2026 12:56:46,https://www.bseindia.com/xml-data/corpfiling/AttachLive/747dec2c-e682-4cfe-ab20-e9c8e979fa93.pdf,SBIMF Fortnightly Portfolio 15092026,2026-09-20T08:44:54.054981+00:00,Other,MEDIUM
f7faa4a9cd99a548,BSE,SBI Equity Savings Fund - Direct Plan - Monthly IDCW (9003999),,SBI Equity Savings Fund - Direct Plan - Monthly IDCW (9003999),20-Sep-2026 12:56:46,https://www.bseindia.com/xml-data/corpfiling/AttachLive/747dec2c-e682-4cfe-ab20-e9c8e979fa93.pdf,SBIMF Fortnightly Portfolio 15092026,2026-09-20T08:44:54.054998+00:00,Other,MEDIUM
039039bebb4745a0,BSE,SBI Fixed Maturity Plan (FMP) - Series 50 (1843 Days) Regular Plan - IDCW (9003998),,SBI Fixed Maturity Plan (FMP) - Series 50 (1843 Days) Regular Plan - IDCW (9003998),20-Sep-2026 12:56:46,https://www.bseindia.com/xml-data/corpfiling/AttachLive/747dec2c-e682-4cfe-ab20-e9c8e979fa93.pdf,SBIMF Fortnightly Portfolio 15092026,2026-09-20T08:44:54.055018+00:00,Other,MEDIUM
560ff63de6589a57,BSE,SBI Nifty India Consumption Index Fund - Direct Plan - IDCW Payout (9003997),,SBI Nifty India Consumption Index Fund - Direct Plan - IDCW Payout (9003997),20-Sep-2026 12:56:46,https://www.bseindia.com/xml-data/corpfiling/AttachLive/747dec2c-e682-4cfe-ab20-e9c8e979fa93.pdf,SBIMF Fortnightly Portfolio 15092026,2026-09-20T08:44:54.055037+00:00,Other,MEDIUM
7bd20ba2b014a62f,BSE,SBI Equity Savings Fund - Direct Plan - Quarterly IDCW Payout (9003996),,SBI Equity Savings Fund - Direct Plan - Quarterly IDCW Payout (9003996),20-Sep-2026 12:56:46,https://www.bseindia.com/xml-data/corpfiling/AttachLive/747dec2c-e682-4cfe-ab20-e9c8e979fa93.pdf,SBIMF Fortnightly Portfolio 15092026,2026-09-20T08:44:54.055056+00:00,Other,MEDIUM
d474e5c806db4e40,BSE,SBI Fixed Maturity Plan (FMP) - Series 49 (1823 Days) Regular Plan - IDCW (9003995),,SBI Fixed Maturity Plan (FMP) - Series 49 (1823 Days) Regular Plan - IDCW (9003995),20-Sep-2026 12:56:46,https://www.bseindia.com/xml-data/corpfiling/AttachLive/747dec2c-e682-4cfe-ab20-e9c8e979fa93.pdf,SBIMF Fortnightly Portfolio 15092026,2026-09-20T08:44:54.055075+00:00,Other,MEDIUM
4420442da2c234b4,BSE,SBI Long Term Advantage Fund - Series III - Regular - Growth (9003994),,SBI Long Term Advantage Fund - Series III - Regular - Growth (9003994),20-Sep-2026 12:56:46,https://www.bseindia.com/xml-data/corpfiling/AttachLive/747dec2c-e682-4cfe-ab20-e9c8e979fa93.pdf,SBIMF Fortnightly Portfolio 15092026,2026-09-20T08:44:54.055102+00:00,Other,MEDIUM
d822bfc9ae40eda6,BSE,SBI Fixed Maturity Plan (FMP) - Series 64 (1169 Days) Reg Growth (9003993),,SBI Fixed Maturity Plan (FMP) - Series 64 (1169 Days) Reg Growth (9003993),20-Sep-2026 12:56:46,https://www.bseindia.com/xml-data/corpfiling/AttachLive/747dec2c-e682-4cfe-ab20-e9c8e979fa93.pdf,SBIMF Fortnightly Portfolio 15092026,2026-09-20T08:44:54.055122+00:00,Other,MEDIUM
37a665b0aeab01ab,BSE,SBI Fixed Maturity Plan (FMP) - Series 64 (1169 Days) Regular Plan - IDCW (9003992),,SBI Fixed Maturity Plan (FMP) - Series 64 (1169 Days) Regular Plan - IDCW (9003992),20-Sep-2026 12:56:46,https://www.bseindia.com/xml-data/corpfiling/AttachLive/747dec2c-e682-4cfe-ab20-e9c8e979fa93.pdf,SBIMF Fortnightly Portfolio 15092026,2026-09-20T08:44:54.055142+00:00,Other,MEDIUM
836592a0cb8fd190,BSE,SBI Fixed Maturity Plan (FMP) - Series 47 (1434 Days) Dir Growth (9003991),,SBI Fixed Maturity Plan (FMP) - Series 47 (1434 Days) Dir Growth (9003991),20-Sep-2026 12:56:46,https://www.bseindia.com/xml-data/corpfiling/AttachLive/747dec2c-e682-4cfe-ab20-e9c8e979fa93.pdf,SBIMF Fortnightly Portfolio 15092026,2026-09-20T08:44:54.055161+00:00,Other,MEDIUM
2ad949901932e2ea,BSE,SBI Fixed Maturity Plan (FMP) - Series 47 (1434 Days) Regular Plan - IDCW (9003990),,SBI Fixed Maturity Plan (FMP) - Series 47 (1434 Days) Regular Plan - IDCW (9003990),20-Sep-2026 12:56:46,https://www.bseindia.com/xml-data/corpfiling/AttachLive/747dec2c-e682-4cfe-ab20-e9c8e979fa93.pdf,SBIMF Fortnightly Portfolio 15092026,2026-09-20T08:44:54.055181+00:00,Other,MEDIUM
23fbfe73b418a246,BSE,SBI Nifty India Consumption Index Fund - Regular Plan - IDCW (9003989),,SBI Nifty India Consumption Index Fund - Regular Plan - IDCW (9003989),20-Sep-2026 12:56:46,https://www.bseindia.com/xml-data/corpfiling/AttachLive/747dec2c-e682-4cfe-ab20-e9c8e979fa93.pdf,SBIMF Fortnightly Portfolio 15092026,2026-09-20T08:44:54.055199+00:00,Other,MEDIUM
a9ab8ffb2257db1f,BSE,SBI Balanced Advantage Fund - Direct Plan - IDCW Payout (9003988),,SBI Balanced Advantage Fund - Direct Plan - IDCW Payout (9003988),20-Sep-2026 12:56:46,https://www.bseindia.com/xml-data/corpfiling/AttachLive/747dec2c-e682-4cfe-ab20-e9c8e979fa93.pdf,SBIMF Fortnightly Portfolio 15092026,2026-09-20T08:44:54.055217+00:00,Other,MEDIUM
2170284a703d2c62,BSE,SBI Balanced Advantage Fund - Direct Plan - IDCW (9003987),,SBI Balanced Advantage Fund - Direct Plan - IDCW (9003987),20-Sep-2026 12:56:46,https://www.bseindia.com/xml-data/corpfiling/AttachLive/747dec2c-e682-4cfe-ab20-e9c8e979fa93.pdf,SBIMF Fortnightly Portfolio 15092026,2026-09-20T08:44:54.055233+00:00,Other,MEDIUM
b396d1618e9ea04b,BSE,SBI Nifty 50 ETF (9003986),,SBI Nifty 50 ETF (9003986),20-Sep-2026 12:56:46,https://www.bseindia.com/xml-data/corpfiling/AttachLive/747dec2c-e682-4cfe-ab20-e9c8e979fa93.pdf,SBIMF Fortnightly Portfolio 15092026,2026-09-20T08:44:54.055248+00:00,Other,MEDIUM
c4cbdc8c9c3b0923,BSE,SBI Long Term Advantage Fund - Series V - Regular - Growth (9003985),,SBI Long Term Advantage Fund - Series V - Regular - Growth (9003985),20-Sep-2026 12:56:46,https://www.bseindia.com/xml-data/corpfiling/AttachLive/747dec2c-e682-4cfe-ab20-e9c8e979fa93.pdf,SBIMF Fortnightly Portfolio 15092026,2026-09-20T08:44:54.055266+00:00,Other,MEDIUM
449a9b187693cf1a,BSE,SBI Equity Savings Fund - Regular Plan - Quarterly IDCW Payout (9003984),,SBI Equity Savings Fund - Regular Plan - Quarterly IDCW Payout (9003984),20-Sep-2026 12:56:46,https://www.bseindia.com/xml-data/corpfiling/AttachLive/747dec2c-e682-4cfe-ab20-e9c8e979fa93.pdf,SBIMF Fortnightly Portfolio 15092026,2026-09-20T08:44:54.055284+00:00,Other,MEDIUM
e32a97b583499ac5,BSE,SBI Long Term Advantage Fund - Series VI - Regular Plan - IDCW (9003983),,SBI Long Term Advantage Fund - Series VI - Regular Plan - IDCW (9003983),20-Sep-2026 12:56:46,https://www.bseindia.com/xml-data/corpfiling/AttachLive/747dec2c-e682-4cfe-ab20-e9c8e979fa93.pdf,SBIMF Fortnightly Portfolio 15092026,2026-09-20T08:44:54.055303+00:00,Other,MEDIUM
0b3cbfbc32b18ef7,BSE,SBI Long Term Advantage Fund - Series II - Regular Plan - IDCW (9003982),,SBI Long Term Advantage Fund - Series II - Regular Plan - IDCW (9003982),20-Sep-2026 12:56:46,https://www.bseindia.com/xml-data/corpfiling/AttachLive/747dec2c-e682-4cfe-ab20-e9c8e979fa93.pdf,SBIMF Fortnightly Portfolio 15092026,2026-09-20T08:44:54.055322+00:00,Other,MEDIUM
72e8657f2512f825,BSE,SBI Equity Savings Fund - Regular Plan - Monthly IDCW Payout (9003981),,SBI Equity Savings Fund - Regular Plan - Monthly IDCW Payout (9003981),20-Sep-2026 12:56:46,https://www.bseindia.com/xml-data/corpfiling/AttachLive/747dec2c-e682-4cfe-ab20-e9c8e979fa93.pdf,SBIMF Fortnightly Portfolio 15092026,2026-09-20T08:44:54.055339+00:00,Other,MEDIUM
e0accdf57040883f,BSE,SBI Balanced Advantage Fund - Regular Growth (9003980),,SBI Balanced Advantage Fund - Regular Growth (9003980),20-Sep-2026 12:56:46,https://www.bseindia.com/xml-data/corpfiling/AttachLive/747dec2c-e682-4cfe-ab20-e9c8e979fa93.pdf,SBIMF Fortnightly Portfolio 15092026,2026-09-20T08:44:54.055356+00:00,Other,MEDIUM
8bfedef08fa7d07e,BSE,SBI Equity Savings Fund - Regular Plan-Growth (9003979),,SBI Equity Savings Fund - Regular Plan-Growth (9003979),20-Sep-2026 12:56:46,https://www.bseindia.com/xml-data/corpfiling/AttachLive/747dec2c-e682-4cfe-ab20-e9c8e979fa93.pdf,SBIMF Fortnightly Portfolio 15092026,2026-09-20T08:44:54.055372+00:00,Other,MEDIUM
537c1ec30e1f7fc0,BSE,SBI Nifty Bank ETF (9003978),,SBI Nifty Bank ETF (9003978),20-Sep-2026 12:56:46,https://www.bseindia.com/xml-data/corpfiling/AttachLive/747dec2c-e682-4cfe-ab20-e9c8e979fa93.pdf,SBIMF Fortnightly Portfolio 15092026,2026-09-20T08:44:54.055388+00:00,Other,MEDIUM
23ad5c6f16b93031,BSE,SBI Banking & Financial Services Fund - Regular Plan - IDCW (9003977),,SBI Banking & Financial Services Fund - Regular Plan - IDCW (9003977),20-Sep-2026 12:56:46,https://www.bseindia.com/xml-data/corpfiling/AttachLive/747dec2c-e682-4cfe-ab20-e9c8e979fa93.pdf,SBIMF Fortnightly Portfolio 15092026,2026-09-20T08:44:54.055408+00:00,Other,MEDIUM
d814bad7ec86b9fc,BSE,SBI Gold ETF (9003976),,SBI Gold ETF (9003976),20-Sep-2026 12:56:46,https://www.bseindia.com/xml-data/corpfiling/AttachLive/747dec2c-e682-4cfe-ab20-e9c8e979fa93.pdf,SBIMF Fortnightly Portfolio 15092026,2026-09-20T08:44:54.055422+00:00,Other,MEDIUM
fd481fd07c515c6c,BSE,SBI Fixed Maturity Plan (FMP) - Series 50 (1843 Days) Reg Growth (9003975),,SBI Fixed Maturity Plan (FMP) - Series 50 (1843 Days) Reg Growth (9003975),20-Sep-2026 12:56:46,https://www.bseindia.com/xml-data/corpfiling/AttachLive/747dec2c-e682-4cfe-ab20-e9c8e979fa93.pdf,SBIMF Fortnightly Portfolio 15092026,2026-09-20T08:44:54.055443+00:00,Other,MEDIUM
fe9c607ed74dc3b7,BSE,SBI Small Cap Fund - Regular Plan - IDCW Payout (9003974),,SBI Small Cap Fund - Regular Plan - IDCW Payout (9003974),20-Sep-2026 12:56:46,https://www.bseindia.com/xml-data/corpfiling/AttachLive/747dec2c-e682-4cfe-ab20-e9c8e979fa93.pdf,SBIMF Fortnightly Portfolio 15092026,2026-09-20T08:44:54.055463+00:00,Other,MEDIUM
63150fec4e8457d6,BSE,SBI Magnum Income Fund - Regular Plan - Quarterly IDCW (9003973),,SBI Magnum Income Fund - Regular Plan - Quarterly IDCW (9003973),20-Sep-2026 12:56:46,https://www.bseindia.com/xml-data/corpfiling/AttachLive/747dec2c-e682-4cfe-ab20-e9c8e979fa93.pdf,SBIMF Fortnightly Portfolio 15092026,2026-09-20T08:44:54.055482+00:00,Other,MEDIUM
a568df4f24e40619,BSE,SBI Small Cap Fund - Direct Plan - IDCW Payout (9003972),,SBI Small Cap Fund - Direct Plan - IDCW Payout (9003972),20-Sep-2026 12:56:46,https://www.bseindia.com/xml-data/corpfiling/AttachLive/747dec2c-e682-4cfe-ab20-e9c8e979fa93.pdf,SBIMF Fortnightly Portfolio 15092026,2026-09-20T08:44:54.055501+00:00,Other,MEDIUM
9dd4b51323e5df9d,BSE,SBI Small Cap Fund Direct Growth (9003971),,SBI Small Cap Fund Direct Growth (9003971),20-Sep-2026 12:56:46,https://www.bseindia.com/xml-data/corpfiling/AttachLive/747dec2c-e682-4cfe-ab20-e9c8e979fa93.pdf,SBIMF Fortnightly Portfolio 15092026,2026-09-20T08:44:54.055518+00:00,Other,MEDIUM
91598ac90415769c,BSE,SBI Small Cap Fund - Direct Plan - IDCW (9003970),,SBI Small Cap Fund - Direct Plan - IDCW (9003970),20-Sep-2026 12:56:46,https://www.bseindia.com/xml-data/corpfiling/AttachLive/747dec2c-e682-4cfe-ab20-e9c8e979fa93.pdf,SBIMF Fortnightly Portfolio 15092026,2026-09-20T08:44:54.055535+00:00,Other,MEDIUM
8e11430fa42ca3a0,BSE,SBI Small Cap Fund Regular Growth (9003969),,SBI Small Cap Fund Regular Growth (9003969),20-Sep-2026 12:56:45,https://www.bseindia.com/xml-data/corpfiling/AttachLive/747dec2c-e682-4cfe-ab20-e9c8e979fa93.pdf,SBIMF Fortnightly Portfolio 15092026,2026-09-20T08:44:54.055551+00:00,Other,MEDIUM
3c3de2206d8a487c,BSE,SBI Banking & PSU Fund - Direct Plan - Monthly IDCW (9003968),,SBI Banking & PSU Fund - Direct Plan - Monthly IDCW (9003968),20-Sep-2026 12:56:45,https://www.bseindia.com/xml-data/corpfiling/AttachLive/747dec2c-e682-4cfe-ab20-e9c8e979fa93.pdf,SBIMF Fortnightly Portfolio 15092026,2026-09-20T08:44:54.055570+00:00,Other,MEDIUM
cc02be18131aa6f5,BSE,SBI Banking & PSU Fund Regular Growth (9003967),,SBI Banking & PSU Fund Regular Growth (9003967),20-Sep-2026 12:56:45,https://www.bseindia.com/xml-data/corpfiling/AttachLive/747dec2c-e682-4cfe-ab20-e9c8e979fa93.pdf,SBIMF Fortnightly Portfolio 15092026,2026-09-20T08:44:54.055588+00:00,Other,MEDIUM
c0d7a3f82f8a0ece,BSE,SBI Banking & PSU Fund - Regular Plan - Weekly IDCW (9003966),,SBI Banking & PSU Fund - Regular Plan - Weekly IDCW (9003966),20-Sep-2026 12:56:45,https://www.bseindia.com/xml-data/corpfiling/AttachLive/747dec2c-e682-4cfe-ab20-e9c8e979fa93.pdf,SBIMF Fortnightly Portfolio 15092026,2026-09-20T08:44:54.055617+00:00,Other,MEDIUM
1b4ebaf2647a2449,BSE,SBI Banking & PSU Fund Direct Growth (9003965),,SBI Banking & PSU Fund Direct Growth (9003965),20-Sep-2026 12:56:45,https://www.bseindia.com/xml-data/corpfiling/AttachLive/747dec2c-e682-4cfe-ab20-e9c8e979fa93.pdf,SBIMF Fortnightly Portfolio 15092026,2026-09-20T08:44:54.055634+00:00,Other,MEDIUM
adc2b08648d4b50c,BSE,SBI Banking & PSU Fund - Regular Plan - Monthly IDCW Payout (9003964),,SBI Banking & PSU Fund - Regular Plan - Monthly IDCW Payout (9003964),20-Sep-2026 12:56:45,https://www.bseindia.com/xml-data/corpfiling/AttachLive/747dec2c-e682-4cfe-ab20-e9c8e979fa93.pdf,SBIMF Fortnightly Portfolio 15092026,2026-09-20T08:44:54.055653+00:00,Other,MEDIUM
0509d8303cc0c5a6,BSE,SBI Banking & PSU Fund - Direct Plan - Weekly IDCW (9003963),,SBI Banking & PSU Fund - Direct Plan - Weekly IDCW (9003963),20-Sep-2026 12:56:45,https://www.bseindia.com/xml-data/corpfiling/AttachLive/747dec2c-e682-4cfe-ab20-e9c8e979fa93.pdf,SBIMF Fortnightly Portfolio 15092026,2026-09-20T08:44:54.055671+00:00,Other,MEDIUM
8e770695d3aa8d49,BSE,SBI Banking & PSU Fund - Regular Plan - Monthly IDCW (9003962),,SBI Banking & PSU Fund - Regular Plan - Monthly IDCW (9003962),20-Sep-2026 12:56:45,https://www.bseindia.com/xml-data/corpfiling/AttachLive/747dec2c-e682-4cfe-ab20-e9c8e979fa93.pdf,SBIMF Fortnightly Portfolio 15092026,2026-09-20T08:44:54.055689+00:00,Other,MEDIUM
698a9b01dc8c45f3,BSE,SBI Banking & PSU Fund - Regular Plan - Daily IDCW (9003961),,SBI Banking & PSU Fund - Regular Plan - Daily IDCW (9003961),20-Sep-2026 12:56:45,https://www.bseindia.com/xml-data/corpfiling/AttachLive/747dec2c-e682-4cfe-ab20-e9c8e979fa93.pdf,SBIMF Fortnightly Portfolio 15092026,2026-09-20T08:44:54.055707+00:00,Other,MEDIUM
4b087d6dea7e28cb,BSE,SBI Banking & PSU Fund - Direct Plan - Daily IDCW (9003960),,SBI Banking & PSU Fund - Direct Plan - Daily IDCW (9003960),20-Sep-2026 12:56:45,https://www.bseindia.com/xml-data/corpfiling/AttachLive/747dec2c-e682-4cfe-ab20-e9c8e979fa93.pdf,SBIMF Fortnightly Portfolio 15092026,2026-09-20T08:44:54.055725+00:00,Other,MEDIUM
5904f6776badadab,BSE,SBI Small Cap Fund - Regular Plan - IDCW (9003959),,SBI Small Cap Fund - Regular Plan - IDCW (9003959),20-Sep-2026 12:56:45,https://www.bseindia.com/xml-data/corpfiling/AttachLive/747dec2c-e682-4cfe-ab20-e9c8e979fa93.pdf,SBIMF Fortnightly Portfolio 15092026,2026-09-20T08:44:54.055743+00:00,Other,MEDIUM
c3512b429a787c31,BSE,SBI Banking & PSU Fund - Direct Plan - Monthly IDCW Payout (9003958),,SBI Banking & PSU Fund - Direct Plan - Monthly IDCW Payout (9003958),20-Sep-2026 12:56:45,https://www.bseindia.com/xml-data/corpfiling/AttachLive/747dec2c-e682-4cfe-ab20-e9c8e979fa93.pdf,SBIMF Fortnightly Portfolio 15092026,2026-09-20T08:44:54.055764+00:00,Other,MEDIUM
c5d3fcb7a56ed0f5,BSE,SBI Fixed Maturity Plan (FMP) - Series 61 (1927 Days) Reg Growth (9003957),,SBI Fixed Maturity Plan (FMP) - Series 61 (1927 Days) Reg Growth (9003957),20-Sep-2026 12:56:45,https://www.bseindia.com/xml-data/corpfiling/AttachLive/747dec2c-e682-4cfe-ab20-e9c8e979fa93.pdf,SBIMF Fortnightly Portfolio 15092026,2026-09-20T08:44:54.055784+00:00,Other,MEDIUM
88998cdb3aa19c3c,BSE,SBI Magnum Income Fund - Direct Plan - Quarterly IDCW (9003956),,SBI Magnum Income Fund - Direct Plan - Quarterly IDCW (9003956),20-Sep-2026 12:56:45,https://www.bseindia.com/xml-data/corpfiling/AttachLive/747dec2c-e682-4cfe-ab20-e9c8e979fa93.pdf,SBIMF Fortnightly Portfolio 15092026,2026-09-20T08:44:54.055802+00:00,Other,MEDIUM
53d7aa56148978e6,BSE,SBI Technology Opportunities Fund Direct Growth (9003955),,SBI Technology Opportunities Fund Direct Growth (9003955),20-Sep-2026 12:56:45,https://www.bseindia.com/xml-data/corpfiling/AttachLive/747dec2c-e682-4cfe-ab20-e9c8e979fa93.pdf,SBIMF Fortnightly Portfolio 15092026,2026-09-20T08:44:54.055819+00:00,Other,MEDIUM
6c505ea1e7967275,BSE,SBI Short Term Debt Fund - Direct Plan Weekly IDCW (9003954),,SBI Short Term Debt Fund - Direct Plan Weekly IDCW (9003954),20-Sep-2026 12:56:45,https://www.bseindia.com/xml-data/corpfiling/AttachLive/747dec2c-e682-4cfe-ab20-e9c8e979fa93.pdf,SBIMF Fortnightly Portfolio 15092026,2026-09-20T08:44:54.055837+00:00,Other,MEDIUM
1b90369349412cec,BSE,SBI Short Term Debt Fund - Direct Plan - Monthly IDCW (9003953),,SBI Short Term Debt Fund - Direct Plan - Monthly IDCW (9003953),20-Sep-2026 12:56:45,https://www.bseindia.com/xml-data/corpfiling/AttachLive/747dec2c-e682-4cfe-ab20-e9c8e979fa93.pdf,SBIMF Fortnightly Portfolio 15092026,2026-09-20T08:44:54.055855+00:00,Other,MEDIUM
fe1d7f42f7a1ffb4,BSE,SBI Short Term Debt Fund - Direct Plan Fortnightly IDCW (9003952),,SBI Short Term Debt Fund - Direct Plan Fortnightly IDCW (9003952),20-Sep-2026 12:56:45,https://www.bseindia.com/xml-data/corpfiling/AttachLive/747dec2c-e682-4cfe-ab20-e9c8e979fa93.pdf,SBIMF Fortnightly Portfolio 15092026,2026-09-20T08:44:54.055875+00:00,Other,MEDIUM
2fdaf00d0941b966,BSE,SBI Short Term Debt Fund - Direct Plan - Growth (9003951),,SBI Short Term Debt Fund - Direct Plan - Growth (9003951),20-Sep-2026 12:56:45,https://www.bseindia.com/xml-data/corpfiling/AttachLive/747dec2c-e682-4cfe-ab20-e9c8e979fa93.pdf,SBIMF Fortnightly Portfolio 15092026,2026-09-20T08:44:54.055892+00:00,Other,MEDIUM
89e563c931f62697,BSE,SBI Magnum Low Duration Fund - Direct Plan - Weekly IDCW (9003950),,SBI Magnum Low Duration Fund - Direct Plan - Weekly IDCW (9003950),20-Sep-2026 12:56:45,https://www.bseindia.com/xml-data/corpfiling/AttachLive/747dec2c-e682-4cfe-ab20-e9c8e979fa93.pdf,SBIMF Fortnightly Portfolio 15092026,2026-09-20T08:44:54.055911+00:00,Other,MEDIUM
1b017521bc7c108e,BSE,SBI Magnum Low Duration Fund Direct Growth (9003949),,SBI Magnum Low Duration Fund Direct Growth (9003949),20-Sep-2026 12:56:45,https://www.bseindia.com/xml-data/corpfiling/AttachLive/747dec2c-e682-4cfe-ab20-e9c8e979fa93.pdf,SBIMF Fortnightly Portfolio 15092026,2026-09-20T08:44:54.055927+00:00,Other,MEDIUM
6e00b326e9f61bd6,BSE,SBI Magnum Low Duration Fund - Direct Plan - Monthly IDCW (9003948),,SBI Magnum Low Duration Fund - Direct Plan - Monthly IDCW (9003948),20-Sep-2026 12:56:45,https://www.bseindia.com/xml-data/corpfiling/AttachLive/747dec2c-e682-4cfe-ab20-e9c8e979fa93.pdf,SBIMF Fortnightly Portfolio 15092026,2026-09-20T08:44:54.055945+00:00,Other,MEDIUM
0b60935cc4e8e71d,BSE,SBI Magnum Low Duration Fund - Direct Plan - Fortnightly IDCW (9003947),,SBI Magnum Low Duration Fund - Direct Plan - Fortnightly IDCW (9003947),20-Sep-2026 12:56:45,https://www.bseindia.com/xml-data/corpfiling/AttachLive/747dec2c-e682-4cfe-ab20-e9c8e979fa93.pdf,SBIMF Fortnightly Portfolio 15092026,2026-09-20T08:44:54.055964+00:00,Other,MEDIUM
89a12f82f031d363,BSE,SBI Magnum Low Duration Fund - Direct Plan - Daily IDCW (9003946),,SBI Magnum Low Duration Fund - Direct Plan - Daily IDCW (9003946),20-Sep-2026 12:56:45,https://www.bseindia.com/xml-data/corpfiling/AttachLive/747dec2c-e682-4cfe-ab20-e9c8e979fa93.pdf,SBIMF Fortnightly Portfolio 15092026,2026-09-20T08:44:54.055983+00:00,Other,MEDIUM
35dd63a8df5a1f75,BSE,SBI Infrastructure Fund - Direct Plan - IDCW (9003945),,SBI Infrastructure Fund - Direct Plan - IDCW (9003945),20-Sep-2026 12:56:45,https://www.bseindia.com/xml-data/corpfiling/AttachLive/747dec2c-e682-4cfe-ab20-e9c8e979fa93.pdf,SBIMF Fortnightly Portfolio 15092026,2026-09-20T08:44:54.056001+00:00,Other,MEDIUM
80c9c36369620c04,BSE,SBI Infrastructure Fund - Direct Plan - Growth (9003944),,SBI Infrastructure Fund - Direct Plan - Growth (9003944),20-Sep-2026 12:56:45,https://www.bseindia.com/xml-data/corpfiling/AttachLive/747dec2c-e682-4cfe-ab20-e9c8e979fa93.pdf,SBIMF Fortnightly Portfolio 15092026,2026-09-20T08:44:54.056020+00:00,Other,MEDIUM
aef73be45e666ea3,BSE,SBI Long Term Advantage Fund - Series II - Regular - Growth (9003943),,SBI Long Term Advantage Fund - Series II - Regular - Growth (9003943),20-Sep-2026 12:56:45,https://www.bseindia.com/xml-data/corpfiling/AttachLive/747dec2c-e682-4cfe-ab20-e9c8e979fa93.pdf,SBIMF Fortnightly Portfolio 15092026,2026-09-20T08:44:54.056040+00:00,Other,MEDIUM
15a139ab171346ca,BSE,SBI Arbitrage Opportunities Fund - Direct Plan - IDCW (9003942),,SBI Arbitrage Opportunities Fund - Direct Plan - IDCW (9003942),20-Sep-2026 12:56:45,https://www.bseindia.com/xml-data/corpfiling/AttachLive/747dec2c-e682-4cfe-ab20-e9c8e979fa93.pdf,SBIMF Fortnightly Portfolio 15092026,2026-09-20T08:44:54.056057+00:00,Other,MEDIUM
ea3cf8bb0bdb04bf,BSE,SBI Arbitrage Opportunities Fund - Direct Plan - Growth (9003941),,SBI Arbitrage Opportunities Fund - Direct Plan - Growth (9003941),20-Sep-2026 12:56:45,https://www.bseindia.com/xml-data/corpfiling/AttachLive/747dec2c-e682-4cfe-ab20-e9c8e979fa93.pdf,SBIMF Fortnightly Portfolio 15092026,2026-09-20T08:44:54.056075+00:00,Other,MEDIUM
9bb494e777b51f58,BSE,SBI Blue Chip Fund - Direct Plan - IDCW (9003940),,SBI Blue Chip Fund - Direct Plan - IDCW (9003940),20-Sep-2026 12:56:45,https://www.bseindia.com/xml-data/corpfiling/AttachLive/747dec2c-e682-4cfe-ab20-e9c8e979fa93.pdf,SBIMF Fortnightly Portfolio 15092026,2026-09-20T08:44:54.056101+00:00,Other,MEDIUM
6d49775d93de8f66,BSE,SBI Blue Chip Fund - Direct Plan - Growth (9003939),,SBI Blue Chip Fund - Direct Plan - Growth (9003939),20-Sep-2026 12:56:45,https://www.bseindia.com/xml-data/corpfiling/AttachLive/747dec2c-e682-4cfe-ab20-e9c8e979fa93.pdf,SBIMF Fortnightly Portfolio 15092026,2026-09-20T08:44:54.056118+00:00,Other,MEDIUM
6b77b0d6449e0202,BSE,SBI Savings Fund - Direct Plan Daily IDCW (9003938),,SBI Savings Fund - Direct Plan Daily IDCW (9003938),20-Sep-2026 12:56:45,https://www.bseindia.com/xml-data/corpfiling/AttachLive/747dec2c-e682-4cfe-ab20-e9c8e979fa93.pdf,SBIMF Fortnightly Portfolio 15092026,2026-09-20T08:44:54.056135+00:00,Other,MEDIUM
553ba9ce38dd47f0,BSE,SBI Savings Fund - Direct Plan - IDCW (9003937),,SBI Savings Fund - Direct Plan - IDCW (9003937),20-Sep-2026 12:56:45,https://www.bseindia.com/xml-data/corpfiling/AttachLive/747dec2c-e682-4cfe-ab20-e9c8e979fa93.pdf,SBIMF Fortnightly Portfolio 15092026,2026-09-20T08:44:54.056158+00:00,Other,MEDIUM
0a327a73c18faaed,BSE,SBI Savings Fund - Direct Plan - Growth (9003936),,SBI Savings Fund - Direct Plan - Growth (9003936),20-Sep-2026 12:56:45,https://www.bseindia.com/xml-data/corpfiling/AttachLive/747dec2c-e682-4cfe-ab20-e9c8e979fa93.pdf,SBIMF Fortnightly Portfolio 15092026,2026-09-20T08:44:54.056175+00:00,Other,MEDIUM
bfc72f99b978fb87,BSE,SBI Savings Fund - Direct Plan Weekly IDCW (9003935),,SBI Savings Fund - Direct Plan Weekly IDCW (9003935),20-Sep-2026 12:56:45,https://www.bseindia.com/xml-data/corpfiling/AttachLive/747dec2c-e682-4cfe-ab20-e9c8e979fa93.pdf,SBIMF Fortnightly Portfolio 15092026,2026-09-20T08:44:54.056191+00:00,Other,MEDIUM
d70cc1a3925e3cca,BSE,SBI Dynamic Bond Fund - Direct Plan - Growth (9003934),,SBI Dynamic Bond Fund - Direct Plan - Growth (9003934),20-Sep-2026 12:56:45,https://www.bseindia.com/xml-data/corpfiling/AttachLive/747dec2c-e682-4cfe-ab20-e9c8e979fa93.pdf,SBIMF Fortnightly Portfolio 15092026,2026-09-20T08:44:54.056208+00:00,Other,MEDIUM
68765c24fe7ef325,BSE,SBI Dynamic Bond Fund - Direct Plan - IDCW (9003933),,SBI Dynamic Bond Fund - Direct Plan - IDCW (9003933),20-Sep-2026 12:56:45,https://www.bseindia.com/xml-data/corpfiling/AttachLive/747dec2c-e682-4cfe-ab20-e9c8e979fa93.pdf,SBIMF Fortnightly Portfolio 15092026,2026-09-20T08:44:54.056225+00:00,Other,MEDIUM
226375bba6556d96,BSE,SBI Liquid Fund - Direct Plan - Weekly IDCW (9003932),,SBI Liquid Fund - Direct Plan - Weekly IDCW (9003932),20-Sep-2026 12:56:45,https://www.bseindia.com/xml-data/corpfiling/AttachLive/747dec2c-e682-4cfe-ab20-e9c8e979fa93.pdf,SBIMF Fortnightly Portfolio 15092026,2026-09-20T08:44:54.056242+00:00,Other,MEDIUM
b6f879c4a8527992,BSE,SBI Contra Fund - Direct Plan - Growth (9003931),,SBI Contra Fund - Direct Plan - Growth (9003931),20-Sep-2026 12:56:45,https://www.bseindia.com/xml-data/corpfiling/AttachLive/747dec2c-e682-4cfe-ab20-e9c8e979fa93.pdf,SBIMF Fortnightly Portfolio 15092026,2026-09-20T08:44:54.056258+00:00,Other,MEDIUM
756a4af1e5ad0c84,BSE,SBI Contra Fund - Direct Plan - IDCW (9003930),,SBI Contra Fund - Direct Plan - IDCW (9003930),20-Sep-2026 12:56:45,https://www.bseindia.com/xml-data/corpfiling/AttachLive/747dec2c-e682-4cfe-ab20-e9c8e979fa93.pdf,SBIMF Fortnightly Portfolio 15092026,2026-09-20T08:44:54.056276+00:00,Other,MEDIUM
07059932518a939e,BSE,SBI Healthcare Opportunities Fund Direct Growth (9003929),,SBI Healthcare Opportunities Fund Direct Growth (9003929),20-Sep-2026 12:56:45,https://www.bseindia.com/xml-data/corpfiling/AttachLive/747dec2c-e682-4cfe-ab20-e9c8e979fa93.pdf,SBIMF Fortnightly Portfolio 15092026,2026-09-20T08:44:54.056293+00:00,Other,MEDIUM
cf41cadfa7a6bf05,BSE,SBI Healthcare Opportunities Fund - Direct Plan - IDCW (9003928),,SBI Healthcare Opportunities Fund - Direct Plan - IDCW (9003928),20-Sep-2026 12:56:45,https://www.bseindia.com/xml-data/corpfiling/AttachLive/747dec2c-e682-4cfe-ab20-e9c8e979fa93.pdf,SBIMF Fortnightly Portfolio 15092026,2026-09-20T08:44:54.056311+00:00,Other,MEDIUM
586e4bc4c217cec9,BSE,SBI Technology Opportunities Fund - Direct Plan - IDCW (9003927),,SBI Technology Opportunities Fund - Direct Plan - IDCW (9003927),20-Sep-2026 12:56:45,https://www.bseindia.com/xml-data/corpfiling/AttachLive/747dec2c-e682-4cfe-ab20-e9c8e979fa93.pdf,SBIMF Fortnightly Portfolio 15092026,2026-09-20T08:44:54.056331+00:00,Other,MEDIUM
63b5ece9f6d7b81d,BSE,SBI Consumption Opportunities Fund - Direct Plan - IDCW (9003926),,SBI Consumption Opportunities Fund - Direct Plan - IDCW (9003926),20-Sep-2026 12:56:45,https://www.bseindia.com/xml-data/corpfiling/AttachLive/747dec2c-e682-4cfe-ab20-e9c8e979fa93.pdf,SBIMF Fortnightly Portfolio 15092026,2026-09-20T08:44:54.056348+00:00,Other,MEDIUM
5390014baa81775f,BSE,SBI Liquid Fund - Direct Fortnightly IDCW (9003925),,SBI Liquid Fund - Direct Fortnightly IDCW (9003925),20-Sep-2026 12:56:45,https://www.bseindia.com/xml-data/corpfiling/AttachLive/747dec2c-e682-4cfe-ab20-e9c8e979fa93.pdf,SBIMF Fortnightly Portfolio 15092026,2026-09-20T08:44:54.056365+00:00,Other,MEDIUM
49296b820b693e0c,BSE,SBI Liquid Fund - Direct Plan - Daily IDCW (9003924),,SBI Liquid Fund - Direct Plan - Daily IDCW (9003924),20-Sep-2026 12:56:45,https://www.bseindia.com/xml-data/corpfiling/AttachLive/747dec2c-e682-4cfe-ab20-e9c8e979fa93.pdf,SBIMF Fortnightly Portfolio 15092026,2026-09-20T08:44:54.056381+00:00,Other,MEDIUM
7c979a80603fae44,BSE,SBI Liquid Fund Direct Growth (9003923),,SBI Liquid Fund Direct Growth (9003923),20-Sep-2026 12:56:45,https://www.bseindia.com/xml-data/corpfiling/AttachLive/747dec2c-e682-4cfe-ab20-e9c8e979fa93.pdf,SBIMF Fortnightly Portfolio 15092026,2026-09-20T08:44:54.056397+00:00,Other,MEDIUM
b13cf863cfd26b80,BSE,SBI Magnum Medium Duration Fund Direct Growth (9003922),,SBI Magnum Medium Duration Fund Direct Growth (9003922),20-Sep-2026 12:56:45,https://www.bseindia.com/xml-data/corpfiling/AttachLive/747dec2c-e682-4cfe-ab20-e9c8e979fa93.pdf,SBIMF Fortnightly Portfolio 15092026,2026-09-20T08:44:54.056414+00:00,Other,MEDIUM
ab91fe3904a667fb,BSE,SBI Magnum Medium Duration Fund - Direct Plan - IDCW (9003921),,SBI Magnum Medium Duration Fund - Direct Plan - IDCW (9003921),20-Sep-2026 12:56:45,https://www.bseindia.com/xml-data/corpfiling/AttachLive/747dec2c-e682-4cfe-ab20-e9c8e979fa93.pdf,SBIMF Fortnightly Portfolio 15092026,2026-09-20T08:44:54.056431+00:00,Other,MEDIUM
697d194e57fb267b,BSE,SBI Overnight Fund Direct Growth (9003920),,SBI Overnight Fund Direct Growth (9003920),20-Sep-2026 12:56:45,https://www.bseindia.com/xml-data/corpfiling/AttachLive/747dec2c-e682-4cfe-ab20-e9c8e979fa93.pdf,SBIMF Fortnightly Portfolio 15092026,2026-09-20T08:44:54.056447+00:00,Other,MEDIUM
972a6e71df46f1d6,BSE,SBI Overnight Fund - Direct Plan - Daily IDCW (9003919),,SBI Overnight Fund - Direct Plan - Daily IDCW (9003919),20-Sep-2026 12:56:45,https://www.bseindia.com/xml-data/corpfiling/AttachLive/747dec2c-e682-4cfe-ab20-e9c8e979fa93.pdf,SBIMF Fortnightly Portfolio 15092026,2026-09-20T08:44:54.056466+00:00,Other,MEDIUM
fbe9be2d4981e43f,BSE,SBI Overnight Fund - Direct Plan - Weekly IDCW (9003918),,SBI Overnight Fund - Direct Plan - Weekly IDCW (9003918),20-Sep-2026 12:56:45,https://www.bseindia.com/xml-data/corpfiling/AttachLive/747dec2c-e682-4cfe-ab20-e9c8e979fa93.pdf,SBIMF Fortnightly Portfolio 15092026,2026-09-20T08:44:54.056483+00:00,Other,MEDIUM
f0d2ff480528c057,BSE,SBI Magnum Children's Benefit Fund - Savings Plan Direct Growth (9003917),,SBI Magnum Children's Benefit Fund - Savings Plan Direct Growth (9003917),20-Sep-2026 12:56:45,https://www.bseindia.com/xml-data/corpfiling/AttachLive/747dec2c-e682-4cfe-ab20-e9c8e979fa93.pdf,SBIMF Fortnightly Portfolio 15092026,2026-09-20T08:44:54.056502+00:00,Other,MEDIUM
a62eff9f0b143731,BSE,SBI  Nifty Index Fund - Direct Plan - Growth (9003916),,SBI Nifty Index Fund - Direct Plan - Growth (9003916),20-Sep-2026 12:56:45,https://www.bseindia.com/xml-data/corpfiling/AttachLive/747dec2c-e682-4cfe-ab20-e9c8e979fa93.pdf,SBIMF Fortnightly Portfolio 15092026,2026-09-20T08:44:54.056519+00:00,Other,MEDIUM
2ecf83f54de8c5d8,BSE,SBI Nifty Index Fund - Direct Plan - IDCW (9003915),,SBI Nifty Index Fund - Direct Plan - IDCW (9003915),20-Sep-2026 12:56:45,https://www.bseindia.com/xml-data/corpfiling/AttachLive/747dec2c-e682-4cfe-ab20-e9c8e979fa93.pdf,SBIMF Fortnightly Portfolio 15092026,2026-09-20T08:44:54.056536+00:00,Other,MEDIUM
320ce41602992737,BSE,SBI Magnum Income Fund - Direct Plan - IDCW (9003914),,SBI Magnum Income Fund - Direct Plan - IDCW (9003914),20-Sep-2026 12:56:45,https://www.bseindia.com/xml-data/corpfiling/AttachLive/747dec2c-e682-4cfe-ab20-e9c8e979fa93.pdf,SBIMF Fortnightly Portfolio 15092026,2026-09-20T08:44:54.056553+00:00,Other,MEDIUM
4b8579d9b0254e30,BSE,SBI Magnum Income Fund - Direct Plan - Bonus (9003913),,SBI Magnum Income Fund - Direct Plan - Bonus (9003913),20-Sep-2026 12:56:45,https://www.bseindia.com/xml-data/corpfiling/AttachLive/747dec2c-e682-4cfe-ab20-e9c8e979fa93.pdf,SBIMF Fortnightly Portfolio 15092026,2026-09-20T08:44:54.056569+00:00,Other,MEDIUM
73eefb1731dd81dc,BSE,SBI Magnum Income Fund - Direct Plan - Growth (9003912),,SBI Magnum Income Fund - Direct Plan - Growth (9003912),20-Sep-2026 12:56:45,https://www.bseindia.com/xml-data/corpfiling/AttachLive/747dec2c-e682-4cfe-ab20-e9c8e979fa93.pdf,SBIMF Fortnightly Portfolio 15092026,2026-09-20T08:44:54.056586+00:00,Other,MEDIUM
329e9949341cd0d4,BSE,SBI Equity Hybrid Fund - Direct Plan - IDCW (9003911),,SBI Equity Hybrid Fund - Direct Plan - IDCW (9003911),20-Sep-2026 12:56:45,https://www.bseindia.com/xml-data/corpfiling/AttachLive/747dec2c-e682-4cfe-ab20-e9c8e979fa93.pdf,SBIMF Fortnightly Portfolio 15092026,2026-09-20T08:44:54.056603+00:00,Other,MEDIUM
1a7333079469e84d,BSE,SBI Equity Hybrid Fund Direct Growth (9003910),,SBI Equity Hybrid Fund Direct Growth (9003910),20-Sep-2026 12:56:45,https://www.bseindia.com/xml-data/corpfiling/AttachLive/747dec2c-e682-4cfe-ab20-e9c8e979fa93.pdf,SBIMF Fortnightly Portfolio 15092026,2026-09-20T08:44:54.056619+00:00,Other,MEDIUM
c71b372cb46cceb8,BSE,SBI Magnum Global Fund - Direct Plan - IDCW (9003909),,SBI Magnum Global Fund - Direct Plan - IDCW (9003909),20-Sep-2026 12:56:45,https://www.bseindia.com/xml-data/corpfiling/AttachLive/747dec2c-e682-4cfe-ab20-e9c8e979fa93.pdf,SBIMF Fortnightly Portfolio 15092026,2026-09-20T08:44:54.056635+00:00,Other,MEDIUM
b0ae88c6cc3877ca,BSE,SBI Magnum Global Fund - Direct Plan - Growth (9003908),,SBI Magnum Global Fund - Direct Plan - Growth (9003908),20-Sep-2026 12:56:45,https://www.bseindia.com/xml-data/corpfiling/AttachLive/747dec2c-e682-4cfe-ab20-e9c8e979fa93.pdf,SBIMF Fortnightly Portfolio 15092026,2026-09-20T08:44:54.056652+00:00,Other,MEDIUM
25bc447fa2ade481,BSE,SBI Consumption Opportunities Fund Direct Growth (9003907),,SBI Consumption Opportunities Fund Direct Growth (9003907),20-Sep-2026 12:56:45,https://www.bseindia.com/xml-data/corpfiling/AttachLive/747dec2c-e682-4cfe-ab20-e9c8e979fa93.pdf,SBIMF Fortnightly Portfolio 15092026,2026-09-20T08:44:54.056672+00:00,Other,MEDIUM
7fdfa63dcbbd9c00,BSE,SBI Focused Equity Fund Direct Growth (9003906),,SBI Focused Equity Fund Direct Growth (9003906),20-Sep-2026 12:56:45,https://www.bseindia.com/xml-data/corpfiling/AttachLive/747dec2c-e682-4cfe-ab20-e9c8e979fa93.pdf,SBIMF Fortnightly Portfolio 15092026,2026-09-20T08:44:54.056688+00:00,Other,MEDIUM
86afe3c00a9afbb4,BSE,SBI Focused Equity Fund - Direct Plan - IDCW Payout (9003905),,SBI Focused Equity Fund - Direct Plan - IDCW Payout (9003905),20-Sep-2026 12:56:45,https://www.bseindia.com/xml-data/corpfiling/AttachLive/747dec2c-e682-4cfe-ab20-e9c8e979fa93.pdf,SBIMF Fortnightly Portfolio 15092026,2026-09-20T08:44:54.056709+00:00,Other,MEDIUM
75434cd37e07ce8c,BSE,SBI Focused Equity Fund - Direct Plan - IDCW (9003904),,SBI Focused Equity Fund - Direct Plan - IDCW (9003904),20-Sep-2026 12:56:45,https://www.bseindia.com/xml-data/corpfiling/AttachLive/747dec2c-e682-4cfe-ab20-e9c8e979fa93.pdf,SBIMF Fortnightly Portfolio 15092026,2026-09-20T08:44:54.056726+00:00,Other,MEDIUM
c408845127e493c4,BSE,SBI Long Term Equity Fund - Direct Plan - Growth (9003903),,SBI Long Term Equity Fund - Direct Plan - Growth (9003903),20-Sep-2026 12:56:45,https://www.bseindia.com/xml-data/corpfiling/AttachLive/747dec2c-e682-4cfe-ab20-e9c8e979fa93.pdf,SBIMF Fortnightly Portfolio 15092026,2026-09-20T08:44:54.056744+00:00,Other,MEDIUM
6fdbfcf80a42a051,BSE,SBI Long Term Equity Fund - Direct Plan - IDCW (9003902),,SBI Long Term Equity Fund - Direct Plan - IDCW (9003902),20-Sep-2026 12:56:45,https://www.bseindia.com/xml-data/corpfiling/AttachLive/747dec2c-e682-4cfe-ab20-e9c8e979fa93.pdf,SBIMF Fortnightly Portfolio 15092026,2026-09-20T08:44:54.056761+00:00,Other,MEDIUM
daca85acfd5b7ade,BSE,SBI Large & Midcap Fund - Direct Plan - IDCW (9003901),,SBI Large & Midcap Fund - Direct Plan - IDCW (9003901),20-Sep-2026 12:56:45,https://www.bseindia.com/xml-data/corpfiling/AttachLive/747dec2c-e682-4cfe-ab20-e9c8e979fa93.pdf,SBIMF Fortnightly Portfolio 15092026,2026-09-20T08:44:54.056779+00:00,Other,MEDIUM
c4afa5c301d6fe27,BSE,SBI Large & Midcap Fund Direct Growth (9003900),,SBI Large & Midcap Fund Direct Growth (9003900),20-Sep-2026 12:56:45,https://www.bseindia.com/xml-data/corpfiling/AttachLive/747dec2c-e682-4cfe-ab20-e9c8e979fa93.pdf,SBIMF Fortnightly Portfolio 15092026,2026-09-20T08:44:54.056796+00:00,Other,MEDIUM
e6d3764f42e96c80,BSE,SBI ESG Exclusionary Strategy Fund Direct Growth (9003899),,SBI ESG Exclusionary Strategy Fund Direct Growth (9003899),20-Sep-2026 12:56:45,https://www.bseindia.com/xml-data/corpfiling/AttachLive/747dec2c-e682-4cfe-ab20-e9c8e979fa93.pdf,SBIMF Fortnightly Portfolio 15092026,2026-09-20T08:44:54.056813+00:00,Other,MEDIUM
05a1c174a165b9ae,BSE,SBI ESG Exclusionary Strategy Fund Direct Plan - IDCW (9003898),,SBI ESG Exclusionary Strategy Fund Direct Plan - IDCW (9003898),20-Sep-2026 12:56:45,https://www.bseindia.com/xml-data/corpfiling/AttachLive/747dec2c-e682-4cfe-ab20-e9c8e979fa93.pdf,SBIMF Fortnightly Portfolio 15092026,2026-09-20T08:44:54.056831+00:00,Other,MEDIUM
5475fb3cf9d3ed08,BSE,SBI Technology Opportunities Fund Regular Growth (9003897),,SBI Technology Opportunities Fund Regular Growth (9003897),20-Sep-2026 12:56:45,https://www.bseindia.com/xml-data/corpfiling/AttachLive/747dec2c-e682-4cfe-ab20-e9c8e979fa93.pdf,SBIMF Fortnightly Portfolio 15092026,2026-09-20T08:44:54.056848+00:00,Other,MEDIUM
206b4a50b3a6caac,BSE,SBI Consumption Opportunities Fund Regular Growth (9003896),,SBI Consumption Opportunities Fund Regular Growth (9003896),20-Sep-2026 12:56:45,https://www.bseindia.com/xml-data/corpfiling/AttachLive/747dec2c-e682-4cfe-ab20-e9c8e979fa93.pdf,SBIMF Fortnightly Portfolio 15092026,2026-09-20T08:44:54.056865+00:00,Other,MEDIUM
af31423af7932a67,BSE,SBI Gold Fund - Direct Plan - IDCW (9003895),,SBI Gold Fund - Direct Plan - IDCW (9003895),20-Sep-2026 12:56:45,https://www.bseindia.com/xml-data/corpfiling/AttachLive/747dec2c-e682-4cfe-ab20-e9c8e979fa93.pdf,SBIMF Fortnightly Portfolio 15092026,2026-09-20T08:44:54.056883+00:00,Other,MEDIUM
f4273636d31be8df,BSE,SBI Gold Fund - Direct Plan - Growth (9003894),,SBI Gold Fund - Direct Plan - Growth (9003894),20-Sep-2026 12:56:45,https://www.bseindia.com/xml-data/corpfiling/AttachLive/747dec2c-e682-4cfe-ab20-e9c8e979fa93.pdf,SBIMF Fortnightly Portfolio 15092026,2026-09-20T08:44:54.056899+00:00,Other,MEDIUM
a334ae5a01601e28,BSE,SBI Multi Asset Allocation Fund - Direct Plan - Monthly IDCW (9003893),,SBI Multi Asset Allocation Fund - Direct Plan - Monthly IDCW (9003893),20-Sep-2026 12:56:44,https://www.bseindia.com/xml-data/corpfiling/AttachLive/747dec2c-e682-4cfe-ab20-e9c8e979fa93.pdf,SBIMF Fortnightly Portfolio 15092026,2026-09-20T08:44:54.056918+00:00,Other,MEDIUM
acf457312c001b6f,BSE,SBI Multi Asset Allocation Fund - Direct Plan - Annual IDCW (9003892),,SBI Multi Asset Allocation Fund - Direct Plan - Annual IDCW (9003892),20-Sep-2026 12:56:44,https://www.bseindia.com/xml-data/corpfiling/AttachLive/747dec2c-e682-4cfe-ab20-e9c8e979fa93.pdf,SBIMF Fortnightly Portfolio 15092026,2026-09-20T08:44:54.056936+00:00,Other,MEDIUM
b10295214c686c77,BSE,SBI Multi Asset Allocation Fund - Direct Plan - Quarterly IDCW (9003891),,SBI Multi Asset Allocation Fund - Direct Plan - Quarterly IDCW (9003891),20-Sep-2026 12:56:44,https://www.bseindia.com/xml-data/corpfiling/AttachLive/747dec2c-e682-4cfe-ab20-e9c8e979fa93.pdf,SBIMF Fortnightly Portfolio 15092026,2026-09-20T08:44:54.056954+00:00,Other,MEDIUM
1c6a09e169bf0295,BSE,SBI Multi Asset Allocation Fund Direct Growth (9003890),,SBI Multi Asset Allocation Fund Direct Growth (9003890),20-Sep-2026 12:56:44,https://www.bseindia.com/xml-data/corpfiling/AttachLive/747dec2c-e682-4cfe-ab20-e9c8e979fa93.pdf,SBIMF Fortnightly Portfolio 15092026,2026-09-20T08:44:54.056971+00:00,Other,MEDIUM
a40ae1501d1cc3b8,BSE,SBI Flexicap Fund - Direct Plan - Growth (9003889),,SBI Flexicap Fund - Direct Plan - Growth (9003889),20-Sep-2026 12:56:44,https://www.bseindia.com/xml-data/corpfiling/AttachLive/747dec2c-e682-4cfe-ab20-e9c8e979fa93.pdf,SBIMF Fortnightly Portfolio 15092026,2026-09-20T08:44:54.056987+00:00,Other,MEDIUM
74286cac74783b9e,BSE,SBI Flexicap Fund - Direct Plan - IDCW (9003888),,SBI Flexicap Fund - Direct Plan - IDCW (9003888),20-Sep-2026 12:56:44,https://www.bseindia.com/xml-data/corpfiling/AttachLive/747dec2c-e682-4cfe-ab20-e9c8e979fa93.pdf,SBIMF Fortnightly Portfolio 15092026,2026-09-20T08:44:54.057004+00:00,Other,MEDIUM
0a2ac798b7827f80,BSE,SBI Magnum Gilt Fund - Direct Plan - IDCW (9003887),,SBI Magnum Gilt Fund - Direct Plan - IDCW (9003887),20-Sep-2026 12:56:44,https://www.bseindia.com/xml-data/corpfiling/AttachLive/747dec2c-e682-4cfe-ab20-e9c8e979fa93.pdf,SBIMF Fortnightly Portfolio 15092026,2026-09-20T08:44:54.057023+00:00,Other,MEDIUM
2d678d3111a7c3ce,BSE,SBI Magnum Gilt Fund Direct Growth (9003886),,SBI Magnum Gilt Fund Direct Growth (9003886),20-Sep-2026 12:56:44,https://www.bseindia.com/xml-data/corpfiling/AttachLive/747dec2c-e682-4cfe-ab20-e9c8e979fa93.pdf,SBIMF Fortnightly Portfolio 15092026,2026-09-20T08:44:54.057039+00:00,Other,MEDIUM
90cca54111f3af08,BSE,SBI Magnum Comma Fund - Direct Plan - Growth (9003885),,SBI Magnum Comma Fund - Direct Plan - Growth (9003885),20-Sep-2026 12:56:44,https://www.bseindia.com/xml-data/corpfiling/AttachLive/747dec2c-e682-4cfe-ab20-e9c8e979fa93.pdf,SBIMF Fortnightly Portfolio 15092026,2026-09-20T08:44:54.057056+00:00,Other,MEDIUM
39a49362226e7e85,BSE,SBI Magnum Comma Fund - Direct Plan - IDCW (9003884),,SBI Magnum Comma Fund - Direct Plan - IDCW (9003884),20-Sep-2026 12:56:44,https://www.bseindia.com/xml-data/corpfiling/AttachLive/747dec2c-e682-4cfe-ab20-e9c8e979fa93.pdf,SBIMF Fortnightly Portfolio 15092026,2026-09-20T08:44:54.057072+00:00,Other,MEDIUM
1db48946c82ca1f7,BSE,SBI Magnum Constant Maturity Fund - Direct Plan - IDCW (9003883),,SBI Magnum Constant Maturity Fund - Direct Plan - IDCW (9003883),20-Sep-2026 12:56:44,https://www.bseindia.com/xml-data/corpfiling/AttachLive/747dec2c-e682-4cfe-ab20-e9c8e979fa93.pdf,SBIMF Fortnightly Portfolio 15092026,2026-09-20T08:44:54.057103+00:00,Other,MEDIUM
225ea07651e6b3d7,BSE,SBI Magnum Constant Maturity Fund Direct Growth (9003882),,SBI Magnum Constant Maturity Fund Direct Growth (9003882),20-Sep-2026 12:56:44,https://www.bseindia.com/xml-data/corpfiling/AttachLive/747dec2c-e682-4cfe-ab20-e9c8e979fa93.pdf,SBIMF Fortnightly Portfolio 15092026,2026-09-20T08:44:54.057120+00:00,Other,MEDIUM
cf64bf3723a720db,BSE,SBI Magnum MidCap Fund - Direct Plan - Growth  (9003881),,SBI Magnum MidCap Fund - Direct Plan - Growth (9003881),20-Sep-2026 12:56:44,https://www.bseindia.com/xml-data/corpfiling/AttachLive/747dec2c-e682-4cfe-ab20-e9c8e979fa93.pdf,SBIMF Fortnightly Portfolio 15092026,2026-09-20T08:44:54.057137+00:00,Other,MEDIUM
b90e28d3eaae2e4d,BSE,SBI Magnum MidCap Fund - Direct Plan - IDCW (9003880),,SBI Magnum MidCap Fund - Direct Plan - IDCW (9003880),20-Sep-2026 12:56:44,https://www.bseindia.com/xml-data/corpfiling/AttachLive/747dec2c-e682-4cfe-ab20-e9c8e979fa93.pdf,SBIMF Fortnightly Portfolio 15092026,2026-09-20T08:44:54.057154+00:00,Other,MEDIUM
c31bf9b6aae2915b,BSE,SBI Magnum Ultra Short Duration Fund Direct Growth (9003879),,SBI Magnum Ultra Short Duration Fund Direct Growth (9003879),20-Sep-2026 12:56:44,https://www.bseindia.com/xml-data/corpfiling/AttachLive/747dec2c-e682-4cfe-ab20-e9c8e979fa93.pdf,SBIMF Fortnightly Portfolio 15092026,2026-09-20T08:44:54.057176+00:00,Other,MEDIUM
c85d220f1034581e,BSE,SBI Magnum Ultra Short Duration Fund - Direct Plan - Weekly IDCW (9003878),,SBI Magnum Ultra Short Duration Fund - Direct Plan - Weekly IDCW (9003878),20-Sep-2026 12:56:44,https://www.bseindia.com/xml-data/corpfiling/AttachLive/747dec2c-e682-4cfe-ab20-e9c8e979fa93.pdf,SBIMF Fortnightly Portfolio 15092026,2026-09-20T08:44:54.057195+00:00,Other,MEDIUM
3458ae44d72aa6ed,BSE,SBI Magnum Ultra Short Duration Fund - Direct Plan - Daily IDCW (9003877),,SBI Magnum Ultra Short Duration Fund - Direct Plan - Daily IDCW (9003877),20-Sep-2026 12:56:44,https://www.bseindia.com/xml-data/corpfiling/AttachLive/747dec2c-e682-4cfe-ab20-e9c8e979fa93.pdf,SBIMF Fortnightly Portfolio 15092026,2026-09-20T08:44:54.057214+00:00,Other,MEDIUM
762c5bfe92b195fd,BSE,SBI Conservative Hybrid Fund Direct Growth (9003876),,SBI Conservative Hybrid Fund Direct Growth (9003876),20-Sep-2026 12:56:44,https://www.bseindia.com/xml-data/corpfiling/AttachLive/747dec2c-e682-4cfe-ab20-e9c8e979fa93.pdf,SBIMF Fortnightly Portfolio 15092026,2026-09-20T08:44:54.057231+00:00,Other,MEDIUM
55bd5c36e5182c4d,BSE,SBI Conservative Hybrid Fund Direct Quarterly IDCW (9003875),,SBI Conservative Hybrid Fund Direct Quarterly IDCW (9003875),20-Sep-2026 12:56:44,https://www.bseindia.com/xml-data/corpfiling/AttachLive/747dec2c-e682-4cfe-ab20-e9c8e979fa93.pdf,SBIMF Fortnightly Portfolio 15092026,2026-09-20T08:44:54.057248+00:00,Other,MEDIUM
65eb50f522f5f8bc,BSE,SBI Conservative Hybrid Fund Direct Monthly IDCW (9003874),,SBI Conservative Hybrid Fund Direct Monthly IDCW (9003874),20-Sep-2026 12:56:44,https://www.bseindia.com/xml-data/corpfiling/AttachLive/747dec2c-e682-4cfe-ab20-e9c8e979fa93.pdf,SBIMF Fortnightly Portfolio 15092026,2026-09-20T08:44:54.057266+00:00,Other,MEDIUM
e7ddec9ee000e74d,BSE,SBI Conservative Hybrid Fund Direct Annual IDCW (9003873),,SBI Conservative Hybrid Fund Direct Annual IDCW (9003873),20-Sep-2026 12:56:44,https://www.bseindia.com/xml-data/corpfiling/AttachLive/747dec2c-e682-4cfe-ab20-e9c8e979fa93.pdf,SBIMF Fortnightly Portfolio 15092026,2026-09-20T08:44:54.057282+00:00,Other,MEDIUM
280aed89162739e8,BSE,SBI Credit Risk Fund - Direct Plan - Daily IDCW (9003872),,SBI Credit Risk Fund - Direct Plan - Daily IDCW (9003872),20-Sep-2026 12:56:44,https://www.bseindia.com/xml-data/corpfiling/AttachLive/747dec2c-e682-4cfe-ab20-e9c8e979fa93.pdf,SBIMF Fortnightly Portfolio 15092026,2026-09-20T08:44:54.057299+00:00,Other,MEDIUM
6d81f5ade751953e,BSE,SBI Credit Risk Fund - Direct Plan - IDCW (9003871),,SBI Credit Risk Fund - Direct Plan - IDCW (9003871),20-Sep-2026 12:56:44,https://www.bseindia.com/xml-data/corpfiling/AttachLive/747dec2c-e682-4cfe-ab20-e9c8e979fa93.pdf,SBIMF Fortnightly Portfolio 15092026,2026-09-20T08:44:54.057316+00:00,Other,MEDIUM
4ea4ac2510ebb1d8,BSE,SBI Credit Risk Fund Direct Growth (9003870),,SBI Credit Risk Fund Direct Growth (9003870),20-Sep-2026 12:56:44,https://www.bseindia.com/xml-data/corpfiling/AttachLive/747dec2c-e682-4cfe-ab20-e9c8e979fa93.pdf,SBIMF Fortnightly Portfolio 15092026,2026-09-20T08:44:54.057332+00:00,Other,MEDIUM
bd7c275da23f5372,BSE,SBI PSU Fund - Direct Plan - Growth (9003869),,SBI PSU Fund - Direct Plan - Growth (9003869),20-Sep-2026 12:56:44,https://www.bseindia.com/xml-data/corpfiling/AttachLive/747dec2c-e682-4cfe-ab20-e9c8e979fa93.pdf,SBIMF Fortnightly Portfolio 15092026,2026-09-20T08:44:54.057348+00:00,Other,MEDIUM
6d423b4d3472fa10,BSE,SBI PSU Fund - Direct Plan - IDCW (9003868),,SBI PSU Fund - Direct Plan - IDCW (9003868),20-Sep-2026 12:56:44,https://www.bseindia.com/xml-data/corpfiling/AttachLive/747dec2c-e682-4cfe-ab20-e9c8e979fa93.pdf,SBIMF Fortnightly Portfolio 15092026,2026-09-20T08:44:54.057367+00:00,Other,MEDIUM
20ebe29c82352a6d,BSE,SBI Credit Risk Fund - Regular Plan - Daily IDCW (9003867),,SBI Credit Risk Fund - Regular Plan - Daily IDCW (9003867),20-Sep-2026 12:56:44,https://www.bseindia.com/xml-data/corpfiling/AttachLive/747dec2c-e682-4cfe-ab20-e9c8e979fa93.pdf,SBIMF Fortnightly Portfolio 15092026,2026-09-20T08:44:54.057386+00:00,Other,MEDIUM
36950fe3daa5a7ad,BSE,SBI Dividend Yield Fund - Regular Plan - IDCW Payout (9003866),,SBI Dividend Yield Fund - Regular Plan - IDCW Payout (9003866),20-Sep-2026 12:56:44,https://www.bseindia.com/xml-data/corpfiling/AttachLive/747dec2c-e682-4cfe-ab20-e9c8e979fa93.pdf,SBIMF Fortnightly Portfolio 15092026,2026-09-20T08:44:54.057404+00:00,Other,MEDIUM
02ee7599fb2bcfe6,BSE,SBI Long Duration Fund - Regular Plan - IDCW Payout (9003865),,SBI Long Duration Fund - Regular Plan - IDCW Payout (9003865),20-Sep-2026 12:56:44,https://www.bseindia.com/xml-data/corpfiling/AttachLive/747dec2c-e682-4cfe-ab20-e9c8e979fa93.pdf,SBIMF Fortnightly Portfolio 15092026,2026-09-20T08:44:54.057422+00:00,Other,MEDIUM
69e9a7cb6fd1a4f5,BSE,SBI Magnum Low Duration Fund - Regular Plan - Weekly IDCW (9003864),,SBI Magnum Low Duration Fund - Regular Plan - Weekly IDCW (9003864),20-Sep-2026 12:56:44,https://www.bseindia.com/xml-data/corpfiling/AttachLive/747dec2c-e682-4cfe-ab20-e9c8e979fa93.pdf,SBIMF Fortnightly Portfolio 15092026,2026-09-20T08:44:54.057440+00:00,Other,MEDIUM
3df9a137c738fa5b,BSE,SBI Magnum Low Duration Fund Regular Growth (9003863),,SBI Magnum Low Duration Fund Regular Growth (9003863),20-Sep-2026 12:56:44,https://www.bseindia.com/xml-data/corpfiling/AttachLive/747dec2c-e682-4cfe-ab20-e9c8e979fa93.pdf,SBIMF Fortnightly Portfolio 15092026,2026-09-20T08:44:54.057459+00:00,Other,MEDIUM
df7abd9f214129cf,BSE,SBI Magnum Low Duration Fund - Institutional Monthly IDCW Payout (9003862),,SBI Magnum Low Duration Fund - Institutional Monthly IDCW Payout (9003862),20-Sep-2026 12:56:44,https://www.bseindia.com/xml-data/corpfiling/AttachLive/747dec2c-e682-4cfe-ab20-e9c8e979fa93.pdf,SBIMF Fortnightly Portfolio 15092026,2026-09-20T08:44:54.057478+00:00,Other,MEDIUM
e0887d49bdf6574b,BSE,SBI Magnum Low Duration Fund - Regular Plan - Fornightly IDCW Payout (9003861),,SBI Magnum Low Duration Fund - Regular Plan - Fornightly IDCW Payout (9003861),20-Sep-2026 12:56:44,https://www.bseindia.com/xml-data/corpfiling/AttachLive/747dec2c-e682-4cfe-ab20-e9c8e979fa93.pdf,SBIMF Fortnightly Portfolio 15092026,2026-09-20T08:44:54.057499+00:00,Other,MEDIUM
f39b5540a98bdcae,BSE,SBI Energy Opportunities Fund - Regular Plan - IDCW (9003860),,SBI Energy Opportunities Fund - Regular Plan - IDCW (9003860),20-Sep-2026 12:56:44,https://www.bseindia.com/xml-data/corpfiling/AttachLive/747dec2c-e682-4cfe-ab20-e9c8e979fa93.pdf,SBIMF Fortnightly Portfolio 15092026,2026-09-20T08:44:54.057520+00:00,Other,MEDIUM
6e8a7927ca96b00f,BSE,SBI Liquid Fund - Regular Plan - Weekly IDCW (9003859),,SBI Liquid Fund - Regular Plan - Weekly IDCW (9003859),20-Sep-2026 12:56:44,https://www.bseindia.com/xml-data/corpfiling/AttachLive/747dec2c-e682-4cfe-ab20-e9c8e979fa93.pdf,SBIMF Fortnightly Portfolio 15092026,2026-09-20T08:44:54.057537+00:00,Other,MEDIUM
0de1f0c6ff552bea,BSE,SBI Liquid Fund Institutional Growth (9003858),,SBI Liquid Fund Institutional Growth (9003858),20-Sep-2026 12:56:44,https://www.bseindia.com/xml-data/corpfiling/AttachLive/747dec2c-e682-4cfe-ab20-e9c8e979fa93.pdf,SBIMF Fortnightly Portfolio 15092026,2026-09-20T08:44:54.057553+00:00,Other,MEDIUM
9a822144c08eaaaa,BSE,SBI Magnum Ultra Short Duration Fund Regular Growth (9003857),,SBI Magnum Ultra Short Duration Fund Regular Growth (9003857),20-Sep-2026 12:56:44,https://www.bseindia.com/xml-data/corpfiling/AttachLive/747dec2c-e682-4cfe-ab20-e9c8e979fa93.pdf,SBIMF Fortnightly Portfolio 15092026,2026-09-20T08:44:54.057572+00:00,Other,MEDIUM
fc92d53d646471a5,BSE,SBI Magnum Children's Benefit Fund- Investment Plan Regular Growth (9003856),,SBI Magnum Children's Benefit Fund- Investment Plan Regular Growth (9003856),20-Sep-2026 12:56:44,https://www.bseindia.com/xml-data/corpfiling/AttachLive/747dec2c-e682-4cfe-ab20-e9c8e979fa93.pdf,SBIMF Fortnightly Portfolio 15092026,2026-09-20T08:44:54.057591+00:00,Other,MEDIUM
d7b0101a262703a3,BSE,SBI Magnum Low Duration Fund - Regular Plan - Monthly IDCW Payout (9003855),,SBI Magnum Low Duration Fund - Regular Plan - Monthly IDCW Payout (9003855),20-Sep-2026 12:56:44,https://www.bseindia.com/xml-data/corpfiling/AttachLive/747dec2c-e682-4cfe-ab20-e9c8e979fa93.pdf,SBIMF Fortnightly Portfolio 15092026,2026-09-20T08:44:54.057610+00:00,Other,MEDIUM
aa2ba591536d1e0e,BSE,SBI Magnum Low Duration Fund - Regular Plan - Monthly IDCW (9003854),,SBI Magnum Low Duration Fund - Regular Plan - Monthly IDCW (9003854),20-Sep-2026 12:56:44,https://www.bseindia.com/xml-data/corpfiling/AttachLive/747dec2c-e682-4cfe-ab20-e9c8e979fa93.pdf,SBIMF Fortnightly Portfolio 15092026,2026-09-20T08:44:54.057628+00:00,Other,MEDIUM
78db5e326525b769,BSE,SBI Liquid Fund - Regular Plan - Fortnightly IDCW (9003853),,SBI Liquid Fund - Regular Plan - Fortnightly IDCW (9003853),20-Sep-2026 12:56:44,https://www.bseindia.com/xml-data/corpfiling/AttachLive/747dec2c-e682-4cfe-ab20-e9c8e979fa93.pdf,SBIMF Fortnightly Portfolio 15092026,2026-09-20T08:44:54.057645+00:00,Other,MEDIUM
9c6afa79533c5fcf,BSE,SBI Liquid Fund - Regular Plan - Daily IDCW (9003852),,SBI Liquid Fund - Regular Plan - Daily IDCW (9003852),20-Sep-2026 12:56:44,https://www.bseindia.com/xml-data/corpfiling/AttachLive/747dec2c-e682-4cfe-ab20-e9c8e979fa93.pdf,SBIMF Fortnightly Portfolio 15092026,2026-09-20T08:44:54.057662+00:00,Other,MEDIUM
54b708586b5b4221,BSE,SBI Magnum Ultra Short Duration Fund - Regular Plan - Weekly IDCW (9003851),,SBI Magnum Ultra Short Duration Fund - Regular Plan - Weekly IDCW (9003851),20-Sep-2026 12:56:44,https://www.bseindia.com/xml-data/corpfiling/AttachLive/747dec2c-e682-4cfe-ab20-e9c8e979fa93.pdf,SBIMF Fortnightly Portfolio 15092026,2026-09-20T08:44:54.057680+00:00,Other,MEDIUM
06d2771412cb77cd,BSE,SBI Fixed Maturity Plan (FMP) - Series 61 (1927 Days) Dir Growth (9003850),,SBI Fixed Maturity Plan (FMP) - Series 61 (1927 Days) Dir Growth (9003850),20-Sep-2026 12:56:44,https://www.bseindia.com/xml-data/corpfiling/AttachLive/747dec2c-e682-4cfe-ab20-e9c8e979fa93.pdf,SBIMF Fortnightly Portfolio 15092026,2026-09-20T08:44:54.057700+00:00,Other,MEDIUM
3039c1d978656483,BSE,SBI Magnum Low Duration Fund - Institutional Fortnightly IDCW (9003849),,SBI Magnum Low Duration Fund - Institutional Fortnightly IDCW (9003849),20-Sep-2026 12:56:44,https://www.bseindia.com/xml-data/corpfiling/AttachLive/747dec2c-e682-4cfe-ab20-e9c8e979fa93.pdf,SBIMF Fortnightly Portfolio 15092026,2026-09-20T08:44:54.057718+00:00,Other,MEDIUM
30d1408e6cffd3ca,BSE,SBI Liquid Fund - Institutional Daily IDCW (9003848),,SBI Liquid Fund - Institutional Daily IDCW (9003848),20-Sep-2026 12:56:44,https://www.bseindia.com/xml-data/corpfiling/AttachLive/747dec2c-e682-4cfe-ab20-e9c8e979fa93.pdf,SBIMF Fortnightly Portfolio 15092026,2026-09-20T08:44:54.057737+00:00,Other,MEDIUM
ef33adc2e9136fe9,BSE,SBI Overnight Fund Regular Growth (9003847),,SBI Overnight Fund Regular Growth (9003847),20-Sep-2026 12:56:44,https://www.bseindia.com/xml-data/corpfiling/AttachLive/747dec2c-e682-4cfe-ab20-e9c8e979fa93.pdf,SBIMF Fortnightly Portfolio 15092026,2026-09-20T08:44:54.057753+00:00,Other,MEDIUM
4c1c4ba567373c4c,BSE,SBI Magnum Ultra Short Duration Fund - Regular Plan - Daily IDCW (9003846),,SBI Magnum Ultra Short Duration Fund - Regular Plan - Daily IDCW (9003846),20-Sep-2026 12:56:44,https://www.bseindia.com/xml-data/corpfiling/AttachLive/747dec2c-e682-4cfe-ab20-e9c8e979fa93.pdf,SBIMF Fortnightly Portfolio 15092026,2026-09-20T08:44:54.057771+00:00,Other,MEDIUM
3349e6da5d7b335f,BSE,SBI Magnum Low Duration Fund - Regular Plan - Fornightly IDCW (9003845),,SBI Magnum Low Duration Fund - Regular Plan - Fornightly IDCW (9003845),20-Sep-2026 12:56:44,https://www.bseindia.com/xml-data/corpfiling/AttachLive/747dec2c-e682-4cfe-ab20-e9c8e979fa93.pdf,SBIMF Fortnightly Portfolio 15092026,2026-09-20T08:44:54.057790+00:00,Other,MEDIUM
136e8fc5e457c2f3,BSE,SBI Magnum Low Duration Fund - Regular Plan - Daily IDCW (9003844),,SBI Magnum Low Duration Fund - Regular Plan - Daily IDCW (9003844),20-Sep-2026 12:56:44,https://www.bseindia.com/xml-data/corpfiling/AttachLive/747dec2c-e682-4cfe-ab20-e9c8e979fa93.pdf,SBIMF Fortnightly Portfolio 15092026,2026-09-20T08:44:54.057807+00:00,Other,MEDIUM
94f9fc7a9c1effac,BSE,SBI Magnum Low Duration Fund - Institutional Monthly IDCW (9003843),,SBI Magnum Low Duration Fund - Institutional Monthly IDCW (9003843),20-Sep-2026 12:56:44,https://www.bseindia.com/xml-data/corpfiling/AttachLive/747dec2c-e682-4cfe-ab20-e9c8e979fa93.pdf,SBIMF Fortnightly Portfolio 15092026,2026-09-20T08:44:54.057825+00:00,Other,MEDIUM
4befdc33c37a457c,BSE,SBI Liquid Fund Regular Growth (9003842),,SBI Liquid Fund Regular Growth (9003842),20-Sep-2026 12:56:44,https://www.bseindia.com/xml-data/corpfiling/AttachLive/747dec2c-e682-4cfe-ab20-e9c8e979fa93.pdf,SBIMF Fortnightly Portfolio 15092026,2026-09-20T08:44:54.057841+00:00,Other,MEDIUM
5ce9e01cc6b33b1f,BSE,SBI Overnight Fund - Regular Plan - Daily IDCW (9003841),,SBI Overnight Fund - Regular Plan - Daily IDCW (9003841),20-Sep-2026 12:56:44,https://www.bseindia.com/xml-data/corpfiling/AttachLive/747dec2c-e682-4cfe-ab20-e9c8e979fa93.pdf,SBIMF Fortnightly Portfolio 15092026,2026-09-20T08:44:54.057858+00:00,Other,MEDIUM
b14c10298d7f66dd,BSE,SBI Magnum Low Duration Fund - Institutional Weekly IDCW (9003840),,SBI Magnum Low Duration Fund - Institutional Weekly IDCW (9003840),20-Sep-2026 12:56:44,https://www.bseindia.com/xml-data/corpfiling/AttachLive/747dec2c-e682-4cfe-ab20-e9c8e979fa93.pdf,SBIMF Fortnightly Portfolio 15092026,2026-09-20T08:44:54.057876+00:00,Other,MEDIUM
1a8cf6a4afd05208,BSE,SBI Magnum Low Duration Fund - Institutional Daily IDCW (9003839),,SBI Magnum Low Duration Fund - Institutional Daily IDCW (9003839),20-Sep-2026 12:56:44,https://www.bseindia.com/xml-data/corpfiling/AttachLive/747dec2c-e682-4cfe-ab20-e9c8e979fa93.pdf,SBIMF Fortnightly Portfolio 15092026,2026-09-20T08:44:54.057894+00:00,Other,MEDIUM
a5d3bca07005f535,BSE,SBI Magnum Low Duration Fund - Institutional Fortnightly IDCW Payout (9003838),,SBI Magnum Low Duration Fund - Institutional Fortnightly IDCW Payout (9003838),20-Sep-2026 12:56:44,https://www.bseindia.com/xml-data/corpfiling/AttachLive/747dec2c-e682-4cfe-ab20-e9c8e979fa93.pdf,SBIMF Fortnightly Portfolio 15092026,2026-09-20T08:44:54.057915+00:00,Other,MEDIUM
eeac8dca476314b1,BSE,SBI Liquid Fund - Institutional Weekly IDCW (9003837),,SBI Liquid Fund - Institutional Weekly IDCW (9003837),20-Sep-2026 12:56:44,https://www.bseindia.com/xml-data/corpfiling/AttachLive/747dec2c-e682-4cfe-ab20-e9c8e979fa93.pdf,SBIMF Fortnightly Portfolio 15092026,2026-09-20T08:44:54.057932+00:00,Other,MEDIUM
38a0a2f5d1d30e18,BSE,SBI Floating Rate DEBT Fund Regular Plan Growth (9003836),,SBI Floating Rate DEBT Fund Regular Plan Growth (9003836),20-Sep-2026 12:56:44,https://www.bseindia.com/xml-data/corpfiling/AttachLive/747dec2c-e682-4cfe-ab20-e9c8e979fa93.pdf,SBIMF Fortnightly Portfolio 15092026,2026-09-20T08:44:54.057949+00:00,Order Win,HIGH
0c1d4ea8ba3b7626,BSE,SBI Magnum Low Duration Fund Institutional Growth (9003835),,SBI Magnum Low Duration Fund Institutional Growth (9003835),20-Sep-2026 12:56:44,https://www.bseindia.com/xml-data/corpfiling/AttachLive/747dec2c-e682-4cfe-ab20-e9c8e979fa93.pdf,SBIMF Fortnightly Portfolio 15092026,2026-09-20T08:44:54.057966+00:00,Other,MEDIUM
50f42306e3623f88,BSE,SBI Liquid Fund - Institutional Fortnightly IDCW (9003834),,SBI Liquid Fund - Institutional Fortnightly IDCW (9003834),20-Sep-2026 12:56:44,https://www.bseindia.com/xml-data/corpfiling/AttachLive/747dec2c-e682-4cfe-ab20-e9c8e979fa93.pdf,SBIMF Fortnightly Portfolio 15092026,2026-09-20T08:44:54.057983+00:00,Other,MEDIUM
aa91849732a17c40,BSE,SBI Overnight Fund - Regular Plan - Weekly IDCW (9003833),,SBI Overnight Fund - Regular Plan - Weekly IDCW (9003833),20-Sep-2026 12:56:44,https://www.bseindia.com/xml-data/corpfiling/AttachLive/747dec2c-e682-4cfe-ab20-e9c8e979fa93.pdf,SBIMF Fortnightly Portfolio 15092026,2026-09-20T08:44:54.058000+00:00,Other,MEDIUM
ebb99f5f2c53aa18,BSE,SBI Fixed Maturity Plan (FMP) - Series 61 (1927 Days) Direct Plan - IDCW (9003832),,SBI Fixed Maturity Plan (FMP) - Series 61 (1927 Days) Direct Plan - IDCW (9003832),20-Sep-2026 12:56:44,https://www.bseindia.com/xml-data/corpfiling/AttachLive/747dec2c-e682-4cfe-ab20-e9c8e979fa93.pdf,SBIMF Fortnightly Portfolio 15092026,2026-09-20T08:44:54.058020+00:00,Other,MEDIUM
f825e4e8529cf369,BSE,SBI-SHF- Ultra Short Term Fund - Retail PLAN - Monthly IDCW Payout (9003831),,SBI-SHF- Ultra Short Term Fund - Retail PLAN - Monthly IDCW Payout (9003831),20-Sep-2026 12:56:44,https://www.bseindia.com/xml-data/corpfiling/AttachLive/747dec2c-e682-4cfe-ab20-e9c8e979fa93.pdf,SBIMF Fortnightly Portfolio 15092026,2026-09-20T08:44:54.058039+00:00,Other,MEDIUM
66e67287cde837a2,BSE,SBI Gold Fund - Regular Plan - IDCW Payout (9003830),,SBI Gold Fund - Regular Plan - IDCW Payout (9003830),20-Sep-2026 12:56:44,https://www.bseindia.com/xml-data/corpfiling/AttachLive/747dec2c-e682-4cfe-ab20-e9c8e979fa93.pdf,SBIMF Fortnightly Portfolio 15092026,2026-09-20T08:44:54.058057+00:00,Other,MEDIUM
afd9d6770736460c,BSE,SBI SHDF-Short Term-Retail Plan-Fortnightly IDCW Payout (9003829),,SBI SHDF-Short Term-Retail Plan-Fortnightly IDCW Payout (9003829),20-Sep-2026 12:56:44,https://www.bseindia.com/xml-data/corpfiling/AttachLive/747dec2c-e682-4cfe-ab20-e9c8e979fa93.pdf,SBIMF Fortnightly Portfolio 15092026,2026-09-20T08:44:54.058074+00:00,Other,MEDIUM
6626e8f1c4681a04,BSE,SBI Short Term Debt Fund - Regular Plan Fortnightly IDCW Payout (9003828),,SBI Short Term Debt Fund - Regular Plan Fortnightly IDCW Payout (9003828),20-Sep-2026 12:56:43,https://www.bseindia.com/xml-data/corpfiling/AttachLive/747dec2c-e682-4cfe-ab20-e9c8e979fa93.pdf,SBIMF Fortnightly Portfolio 15092026,2026-09-20T08:44:54.058102+00:00,Other,MEDIUM
376a2e61fd1ec597,BSE,SBI Short Term Debt Fund - Regular Plan - Monthly IDCW Payout (9003827),,SBI Short Term Debt Fund - Regular Plan - Monthly IDCW Payout (9003827),20-Sep-2026 12:56:43,https://www.bseindia.com/xml-data/corpfiling/AttachLive/747dec2c-e682-4cfe-ab20-e9c8e979fa93.pdf,SBIMF Fortnightly Portfolio 15092026,2026-09-20T08:44:54.058121+00:00,Other,MEDIUM
cd8fd996341a9d93,BSE,SBI-SHF- Ultra Short Term - Institutional PLAN - Monthly IDCW Payout (9003826),,SBI-SHF- Ultra Short Term - Institutional PLAN - Monthly IDCW Payout (9003826),20-Sep-2026 12:56:43,https://www.bseindia.com/xml-data/corpfiling/AttachLive/747dec2c-e682-4cfe-ab20-e9c8e979fa93.pdf,SBIMF Fortnightly Portfolio 15092026,2026-09-20T08:44:54.058142+00:00,Other,MEDIUM
e2da99dbbdd21fde,BSE,SBI-SHF- Ultra Short Term Fund -  Retail PLAN - Fortnightly IDCW Payout (9003825),,SBI-SHF- Ultra Short Term Fund - Retail PLAN - Fortnightly IDCW Payout (9003825),20-Sep-2026 12:56:43,https://www.bseindia.com/xml-data/corpfiling/AttachLive/747dec2c-e682-4cfe-ab20-e9c8e979fa93.pdf,SBIMF Fortnightly Portfolio 15092026,2026-09-20T08:44:54.058161+00:00,Other,MEDIUM
bf282c64015734ac,BSE,SBI-SHF- Ultra Short Term Fund - Institutional PLAN - Fortnightly IDCW Payout (9003824),,SBI-SHF- Ultra Short Term Fund - Institutional PLAN - Fortnightly IDCW Payout (9003824),20-Sep-2026 12:56:43,https://www.bseindia.com/xml-data/corpfiling/AttachLive/747dec2c-e682-4cfe-ab20-e9c8e979fa93.pdf,SBIMF Fortnightly Portfolio 15092026,2026-09-20T08:44:54.058182+00:00,Other,MEDIUM
0c45a8ddb7e1b14d,BSE,SBI SHDF-Short Term-Retail Plan-Monthly IDCW Payout (9003823),,SBI SHDF-Short Term-Retail Plan-Monthly IDCW Payout (9003823),20-Sep-2026 12:56:43,https://www.bseindia.com/xml-data/corpfiling/AttachLive/747dec2c-e682-4cfe-ab20-e9c8e979fa93.pdf,SBIMF Fortnightly Portfolio 15092026,2026-09-20T08:44:54.058199+00:00,Other,MEDIUM
e1772f99eb5f3724,BSE,SBI Gold Fund - Regular Plan - IDCW (9003822),,SBI Gold Fund - Regular Plan - IDCW (9003822),20-Sep-2026 12:56:43,https://www.bseindia.com/xml-data/corpfiling/AttachLive/747dec2c-e682-4cfe-ab20-e9c8e979fa93.pdf,SBIMF Fortnightly Portfolio 15092026,2026-09-20T08:44:54.058217+00:00,Other,MEDIUM
42f9353d5cf17069,BSE,SBI Gold Fund - Regular Plan - Growth (9003821),,SBI Gold Fund - Regular Plan - Growth (9003821),20-Sep-2026 12:56:43,https://www.bseindia.com/xml-data/corpfiling/AttachLive/747dec2c-e682-4cfe-ab20-e9c8e979fa93.pdf,SBIMF Fortnightly Portfolio 15092026,2026-09-20T08:44:54.058233+00:00,Other,MEDIUM
af4b6ef69709733b,BSE,SBI Long Duration Fund - Regular Plan - IDCW (9003820),,SBI Long Duration Fund - Regular Plan - IDCW (9003820),20-Sep-2026 12:56:43,https://www.bseindia.com/xml-data/corpfiling/AttachLive/747dec2c-e682-4cfe-ab20-e9c8e979fa93.pdf,SBIMF Fortnightly Portfolio 15092026,2026-09-20T08:44:54.058250+00:00,Other,MEDIUM
5cb3b89c2cac223c,BSE,SBI Magnum Gilt Fund - Long Term IDCW PF Regular Payout (9003819),,SBI Magnum Gilt Fund - Long Term IDCW PF Regular Payout (9003819),20-Sep-2026 12:56:43,https://www.bseindia.com/xml-data/corpfiling/AttachLive/747dec2c-e682-4cfe-ab20-e9c8e979fa93.pdf,SBIMF Fortnightly Portfolio 15092026,2026-09-20T08:44:54.058269+00:00,Other,MEDIUM
5999581fb7cf3b62,BSE,SBI Magnum Gilt Fund - Long Term IDCW PF Fix 3 Years Payout (9003818),,SBI Magnum Gilt Fund - Long Term IDCW PF Fix 3 Years Payout (9003818),20-Sep-2026 12:56:43,https://www.bseindia.com/xml-data/corpfiling/AttachLive/747dec2c-e682-4cfe-ab20-e9c8e979fa93.pdf,SBIMF Fortnightly Portfolio 15092026,2026-09-20T08:44:54.058288+00:00,Other,MEDIUM
c69940e08ad63bb5,BSE,SBI Fixed Maturity Plan (FMP) - Series 72 (1239 Days) Direct Plan - IDCW (9003817),,SBI Fixed Maturity Plan (FMP) - Series 72 (1239 Days) Direct Plan - IDCW (9003817),20-Sep-2026 12:56:43,https://www.bseindia.com/xml-data/corpfiling/AttachLive/747dec2c-e682-4cfe-ab20-e9c8e979fa93.pdf,SBIMF Fortnightly Portfolio 15092026,2026-09-20T08:44:54.058308+00:00,Other,MEDIUM
e13565f30a65335a,BSE,SBI Nifty India Consumption Index Fund - Direct Plan - IDCW (9003816),,SBI Nifty India Consumption Index Fund - Direct Plan - IDCW (9003816),20-Sep-2026 12:56:43,https://www.bseindia.com/xml-data/corpfiling/AttachLive/747dec2c-e682-4cfe-ab20-e9c8e979fa93.pdf,SBIMF Fortnightly Portfolio 15092026,2026-09-20T08:44:54.058329+00:00,Other,MEDIUM
9b81a9077e114590,BSE,SBI Dividend Yield Fund - Regular Plan - Growth (9003815),,SBI Dividend Yield Fund - Regular Plan - Growth (9003815),20-Sep-2026 12:56:43,https://www.bseindia.com/xml-data/corpfiling/AttachLive/747dec2c-e682-4cfe-ab20-e9c8e979fa93.pdf,SBIMF Fortnightly Portfolio 15092026,2026-09-20T08:44:54.058346+00:00,Other,MEDIUM
51cf3fce9ad3ea4f,BSE,SBI Multi Asset Allocation Fund - Regular Plan - Monthly IDCW Payout (9003814),,SBI Multi Asset Allocation Fund - Regular Plan - Monthly IDCW Payout (9003814),20-Sep-2026 12:56:43,https://www.bseindia.com/xml-data/corpfiling/AttachLive/747dec2c-e682-4cfe-ab20-e9c8e979fa93.pdf,SBIMF Fortnightly Portfolio 15092026,2026-09-20T08:44:54.058365+00:00,Other,MEDIUM
7538adf58bf41e5f,BSE,SBI Magnum Medium Duration Fund - Regular Plan - IDCW Payout (9003813),,SBI Magnum Medium Duration Fund - Regular Plan - IDCW Payout (9003813),20-Sep-2026 12:56:43,https://www.bseindia.com/xml-data/corpfiling/AttachLive/747dec2c-e682-4cfe-ab20-e9c8e979fa93.pdf,SBIMF Fortnightly Portfolio 15092026,2026-09-20T08:44:54.058383+00:00,Other,MEDIUM
106b4e4aefc5ca4b,BSE,SBI Focused Equity Fund - Regular Plan - IDCW Payout (9003812),,SBI Focused Equity Fund - Regular Plan - IDCW Payout (9003812),20-Sep-2026 12:56:43,https://www.bseindia.com/xml-data/corpfiling/AttachLive/747dec2c-e682-4cfe-ab20-e9c8e979fa93.pdf,SBIMF Fortnightly Portfolio 15092026,2026-09-20T08:44:54.058400+00:00,Other,MEDIUM
0e6e5eb37ae211b2,BSE,SBI Savings Fund - Regular Plan - IDCW Payout (9003811),,SBI Savings Fund - Regular Plan - IDCW Payout (9003811),20-Sep-2026 12:56:43,https://www.bseindia.com/xml-data/corpfiling/AttachLive/747dec2c-e682-4cfe-ab20-e9c8e979fa93.pdf,SBIMF Fortnightly Portfolio 15092026,2026-09-20T08:44:54.058417+00:00,Other,MEDIUM
e9d6b7511eba0438,BSE,SBI PSU Fund - Regular Plan - IDCW Payout (9003810),,SBI PSU Fund - Regular Plan - IDCW Payout (9003810),20-Sep-2026 12:56:43,https://www.bseindia.com/xml-data/corpfiling/AttachLive/747dec2c-e682-4cfe-ab20-e9c8e979fa93.pdf,SBIMF Fortnightly Portfolio 15092026,2026-09-20T08:44:54.058434+00:00,Other,MEDIUM
b652994ca5465239,BSE,SBI Dynamic Bond Fund - Regular Plan - IDCW Payout (9003809),,SBI Dynamic Bond Fund - Regular Plan - IDCW Payout (9003809),20-Sep-2026 12:56:43,https://www.bseindia.com/xml-data/corpfiling/AttachLive/747dec2c-e682-4cfe-ab20-e9c8e979fa93.pdf,SBIMF Fortnightly Portfolio 15092026,2026-09-20T08:44:54.058453+00:00,Other,MEDIUM
d3d415abd22ee78b,BSE,SBI Fixed Maturity Plan (FMP) - Series 72 (1239 Days) Regular Plan - IDCW (9003808),,SBI Fixed Maturity Plan (FMP) - Series 72 (1239 Days) Regular Plan - IDCW (9003808),20-Sep-2026 12:56:43,https://www.bseindia.com/xml-data/corpfiling/AttachLive/747dec2c-e682-4cfe-ab20-e9c8e979fa93.pdf,SBIMF Fortnightly Portfolio 15092026,2026-09-20T08:44:54.058474+00:00,Other,MEDIUM
53c588da59155e3e,BSE,SBI Arbitrage Opportunities Fund - Regular Plan - IDCW Payout (9003807),,SBI Arbitrage Opportunities Fund - Regular Plan - IDCW Payout (9003807),20-Sep-2026 12:56:43,https://www.bseindia.com/xml-data/corpfiling/AttachLive/747dec2c-e682-4cfe-ab20-e9c8e979fa93.pdf,SBIMF Fortnightly Portfolio 15092026,2026-09-20T08:44:54.058492+00:00,Other,MEDIUM
db9a932f18ea8ba6,BSE,SBI Long Term Equity Fund - Regular Plan - IDCW Payout (9003806),,SBI Long Term Equity Fund - Regular Plan - IDCW Payout (9003806),20-Sep-2026 12:56:43,https://www.bseindia.com/xml-data/corpfiling/AttachLive/747dec2c-e682-4cfe-ab20-e9c8e979fa93.pdf,SBIMF Fortnightly Portfolio 15092026,2026-09-20T08:44:54.058511+00:00,Other,MEDIUM
d75eca3547a6ec45,BSE,SBI Contra Fund - Regular Plan - IDCW Payout (9003805),,SBI Contra Fund - Regular Plan - IDCW Payout (9003805),20-Sep-2026 12:56:43,https://www.bseindia.com/xml-data/corpfiling/AttachLive/747dec2c-e682-4cfe-ab20-e9c8e979fa93.pdf,SBIMF Fortnightly Portfolio 15092026,2026-09-20T08:44:54.058528+00:00,Other,MEDIUM
95a4a58bca02ac06,BSE,SBI Flexicap Fund - Regular Plan - IDCW Payout (9003804),,SBI Flexicap Fund - Regular Plan - IDCW Payout (9003804),20-Sep-2026 12:56:43,https://www.bseindia.com/xml-data/corpfiling/AttachLive/747dec2c-e682-4cfe-ab20-e9c8e979fa93.pdf,SBIMF Fortnightly Portfolio 15092026,2026-09-20T08:44:54.058545+00:00,Other,MEDIUM
3fd0543abe02f807,BSE,SBI Conservative Hybrid Fund Regular Annual IDCW Payout (9003803),,SBI Conservative Hybrid Fund Regular Annual IDCW Payout (9003803),20-Sep-2026 12:56:43,https://www.bseindia.com/xml-data/corpfiling/AttachLive/747dec2c-e682-4cfe-ab20-e9c8e979fa93.pdf,SBIMF Fortnightly Portfolio 15092026,2026-09-20T08:44:54.058563+00:00,Other,MEDIUM
4bfea24f0f0dc20e,BSE,SBI Infrastructure Fund - Regular Plan - IDCW Payout (9003802),,SBI Infrastructure Fund - Regular Plan - IDCW Payout (9003802),20-Sep-2026 12:56:43,https://www.bseindia.com/xml-data/corpfiling/AttachLive/747dec2c-e682-4cfe-ab20-e9c8e979fa93.pdf,SBIMF Fortnightly Portfolio 15092026,2026-09-20T08:44:54.058580+00:00,Other,MEDIUM
05cd4ac9b5e6d42b,BSE,SBI Blue Chip Fund - Regular Plan - IDCW Payout (9003801),,SBI Blue Chip Fund - Regular Plan - IDCW Payout (9003801),20-Sep-2026 12:56:43,https://www.bseindia.com/xml-data/corpfiling/AttachLive/747dec2c-e682-4cfe-ab20-e9c8e979fa93.pdf,SBIMF Fortnightly Portfolio 15092026,2026-09-20T08:44:54.058597+00:00,Other,MEDIUM
f9a8165a9de218be,BSE,SBI Multi Asset Allocation Fund - Regular Plan - Quarterly IDCW Payout (9003800),,SBI Multi Asset Allocation Fund - Regular Plan - Quarterly IDCW Payout (9003800),20-Sep-2026 12:56:43,https://www.bseindia.com/xml-data/corpfiling/AttachLive/747dec2c-e682-4cfe-ab20-e9c8e979fa93.pdf,SBIMF Fortnightly Portfolio 15092026,2026-09-20T08:44:54.058616+00:00,Other,MEDIUM
3d3d768e757ca0a9,BSE,SBI Magnum MidCap Fund - Regular Plan - IDCW Payout (9003799),,SBI Magnum MidCap Fund - Regular Plan - IDCW Payout (9003799),20-Sep-2026 12:56:43,https://www.bseindia.com/xml-data/corpfiling/AttachLive/747dec2c-e682-4cfe-ab20-e9c8e979fa93.pdf,SBIMF Fortnightly Portfolio 15092026,2026-09-20T08:44:54.058633+00:00,Other,MEDIUM
015386082f2added,BSE,SBI Conservative Hybrid Fund Regular Monthly IDCW Payout (9003798),,SBI Conservative Hybrid Fund Regular Monthly IDCW Payout (9003798),20-Sep-2026 12:56:43,https://www.bseindia.com/xml-data/corpfiling/AttachLive/747dec2c-e682-4cfe-ab20-e9c8e979fa93.pdf,SBIMF Fortnightly Portfolio 15092026,2026-09-20T08:44:54.058651+00:00,Other,MEDIUM
0253c5ea987b6895,BSE,SBI Magnum Gilt Fund - Long Term IDCW PF Fix 1 Year Payout (9003797),,SBI Magnum Gilt Fund - Long Term IDCW PF Fix 1 Year Payout (9003797),20-Sep-2026 12:56:43,https://www.bseindia.com/xml-data/corpfiling/AttachLive/747dec2c-e682-4cfe-ab20-e9c8e979fa93.pdf,SBIMF Fortnightly Portfolio 15092026,2026-09-20T08:44:54.058670+00:00,Other,MEDIUM
37f2c4d569e86ade,BSE,SBI Magnum Comma Fund - Regular Plan - IDCW Payout (9003796),,SBI Magnum Comma Fund - Regular Plan - IDCW Payout (9003796),20-Sep-2026 12:56:43,https://www.bseindia.com/xml-data/corpfiling/AttachLive/747dec2c-e682-4cfe-ab20-e9c8e979fa93.pdf,SBIMF Fortnightly Portfolio 15092026,2026-09-20T08:44:54.058687+00:00,Other,MEDIUM
8e8294871b2ed639,BSE,SBI Technology Opportunities Fund - Regular Plan - IDCW Payout (9003795),,SBI Technology Opportunities Fund - Regular Plan - IDCW Payout (9003795),20-Sep-2026 12:56:43,https://www.bseindia.com/xml-data/corpfiling/AttachLive/747dec2c-e682-4cfe-ab20-e9c8e979fa93.pdf,SBIMF Fortnightly Portfolio 15092026,2026-09-20T08:44:54.058705+00:00,Other,MEDIUM
1c6ef36f7d59d712,BSE,SBI Long Term Advantage Fund - Series I - Direct - Growth (9003794),,SBI Long Term Advantage Fund - Series I - Direct - Growth (9003794),20-Sep-2026 12:56:43,https://www.bseindia.com/xml-data/corpfiling/AttachLive/747dec2c-e682-4cfe-ab20-e9c8e979fa93.pdf,SBIMF Fortnightly Portfolio 15092026,2026-09-20T08:44:54.058723+00:00,Other,MEDIUM
8b9652bdb874e286,BSE,SBI Magnum Income Fund - Regular Plan - IDCW Payout (9003793),,SBI Magnum Income Fund - Regular Plan - IDCW Payout (9003793),20-Sep-2026 12:56:43,https://www.bseindia.com/xml-data/corpfiling/AttachLive/747dec2c-e682-4cfe-ab20-e9c8e979fa93.pdf,SBIMF Fortnightly Portfolio 15092026,2026-09-20T08:44:54.058740+00:00,Other,MEDIUM
f28204b825e12fdc,BSE,SBI Large & Midcap Fund - Regular Plan - IDCW Payout (9003792),,SBI Large & Midcap Fund - Regular Plan - IDCW Payout (9003792),20-Sep-2026 12:56:43,https://www.bseindia.com/xml-data/corpfiling/AttachLive/747dec2c-e682-4cfe-ab20-e9c8e979fa93.pdf,SBIMF Fortnightly Portfolio 15092026,2026-09-20T08:44:54.058759+00:00,Other,MEDIUM
0fe9f69191f33ccb,BSE,SBI Magnum Constant Maturity Fund - Regular Plan - IDCW Payout (9003791),,SBI Magnum Constant Maturity Fund - Regular Plan - IDCW Payout (9003791),20-Sep-2026 12:56:43,https://www.bseindia.com/xml-data/corpfiling/AttachLive/747dec2c-e682-4cfe-ab20-e9c8e979fa93.pdf,SBIMF Fortnightly Portfolio 15092026,2026-09-20T08:44:54.058780+00:00,Other,MEDIUM
32119848e22cd5a6,BSE,SBI Multi Asset Allocation Fund - Regular Plan - Annual IDCW Payout (9003790),,SBI Multi Asset Allocation Fund - Regular Plan - Annual IDCW Payout (9003790),20-Sep-2026 12:56:43,https://www.bseindia.com/xml-data/corpfiling/AttachLive/747dec2c-e682-4cfe-ab20-e9c8e979fa93.pdf,SBIMF Fortnightly Portfolio 15092026,2026-09-20T08:44:54.058801+00:00,Other,MEDIUM
1aff41ab5c37d2c6,BSE,SBI Fixed Maturity Plan (FMP)-Series 81 (1157 Days) Regular Plan- IDCW (9003789),,SBI Fixed Maturity Plan (FMP)-Series 81 (1157 Days) Regular Plan- IDCW (9003789),20-Sep-2026 12:56:43,https://www.bseindia.com/xml-data/corpfiling/AttachLive/747dec2c-e682-4cfe-ab20-e9c8e979fa93.pdf,SBIMF Fortnightly Portfolio 15092026,2026-09-20T08:44:54.058821+00:00,Other,MEDIUM
2386144d64938a4b,BSE,SBI Long Duration Fund - Direct Plan - IDCW Payout (9003788),,SBI Long Duration Fund - Direct Plan - IDCW Payout (9003788),20-Sep-2026 12:56:43,https://www.bseindia.com/xml-data/corpfiling/AttachLive/747dec2c-e682-4cfe-ab20-e9c8e979fa93.pdf,SBIMF Fortnightly Portfolio 15092026,2026-09-20T08:44:54.058840+00:00,Other,MEDIUM
9cfadd424beae17e,BSE,SBI Savings Fund - Regular Plan Weekly IDCW Payout (9003787),,SBI Savings Fund - Regular Plan Weekly IDCW Payout (9003787),20-Sep-2026 12:56:43,https://www.bseindia.com/xml-data/corpfiling/AttachLive/747dec2c-e682-4cfe-ab20-e9c8e979fa93.pdf,SBIMF Fortnightly Portfolio 15092026,2026-09-20T08:44:54.058858+00:00,Other,MEDIUM
a293f0e2f788ac0b,BSE,SBI Equity Hybrid Fund - Regular Plan - IDCW Payout (9003786),,SBI Equity Hybrid Fund - Regular Plan - IDCW Payout (9003786),20-Sep-2026 12:56:43,https://www.bseindia.com/xml-data/corpfiling/AttachLive/747dec2c-e682-4cfe-ab20-e9c8e979fa93.pdf,SBIMF Fortnightly Portfolio 15092026,2026-09-20T08:44:54.058875+00:00,Other,MEDIUM
629810876aac0e48,BSE,SBI Magnum Gilt Fund - Long Term IDCW PF Fix 2 Years Payout (9003785),,SBI Magnum Gilt Fund - Long Term IDCW PF Fix 2 Years Payout (9003785),20-Sep-2026 12:56:43,https://www.bseindia.com/xml-data/corpfiling/AttachLive/747dec2c-e682-4cfe-ab20-e9c8e979fa93.pdf,SBIMF Fortnightly Portfolio 15092026,2026-09-20T08:44:54.058893+00:00,Other,MEDIUM
def2534ee610fd4d,BSE,SBI Magnum Gilt Fund - Regular Plan - IDCW Payout (9003784),,SBI Magnum Gilt Fund - Regular Plan - IDCW Payout (9003784),20-Sep-2026 12:56:43,https://www.bseindia.com/xml-data/corpfiling/AttachLive/747dec2c-e682-4cfe-ab20-e9c8e979fa93.pdf,SBIMF Fortnightly Portfolio 15092026,2026-09-20T08:44:54.058910+00:00,Other,MEDIUM
a76d3b3d8cf44f84,BSE,SBI PSU Fund - Regular Plan - Growth (9003783),,SBI PSU Fund - Regular Plan - Growth (9003783),20-Sep-2026 12:56:43,https://www.bseindia.com/xml-data/corpfiling/AttachLive/747dec2c-e682-4cfe-ab20-e9c8e979fa93.pdf,SBIMF Fortnightly Portfolio 15092026,2026-09-20T08:44:54.058926+00:00,Other,MEDIUM
74f0f538944f5b2f,BSE,SBI PSU Fund - Regular Plan - IDCW (9003782),,SBI PSU Fund - Regular Plan - IDCW (9003782),20-Sep-2026 12:56:43,https://www.bseindia.com/xml-data/corpfiling/AttachLive/747dec2c-e682-4cfe-ab20-e9c8e979fa93.pdf,SBIMF Fortnightly Portfolio 15092026,2026-09-20T08:44:54.058942+00:00,Other,MEDIUM
26339c55cf314400,BSE,SBI - ETF Gold Scheme (9003781),,SBI - ETF Gold Scheme (9003781),20-Sep-2026 12:56:43,https://www.bseindia.com/xml-data/corpfiling/AttachLive/747dec2c-e682-4cfe-ab20-e9c8e979fa93.pdf,SBIMF Fortnightly Portfolio 15092026,2026-09-20T08:44:54.058957+00:00,Other,MEDIUM
01015b40b37d1400,BSE,SBI - Magnum Insta Cash Fund Liquid Floater Plan -  Daily IDCW (9003780),,SBI - Magnum Insta Cash Fund Liquid Floater Plan - Daily IDCW (9003780),20-Sep-2026 12:56:43,https://www.bseindia.com/xml-data/corpfiling/AttachLive/747dec2c-e682-4cfe-ab20-e9c8e979fa93.pdf,SBIMF Fortnightly Portfolio 15092026,2026-09-20T08:44:54.058977+00:00,Order Win,HIGH
8f41f9615a2f14f9,BSE,SBI Fixed Maturity Plan (FMP)- Series 74 (1243 Days) Direct Growth (9003779),,SBI Fixed Maturity Plan (FMP)- Series 74 (1243 Days) Direct Growth (9003779),20-Sep-2026 12:56:43,https://www.bseindia.com/xml-data/corpfiling/AttachLive/747dec2c-e682-4cfe-ab20-e9c8e979fa93.pdf,SBIMF Fortnightly Portfolio 15092026,2026-09-20T08:44:54.058996+00:00,Other,MEDIUM
7451c6074d1b737e,BSE,SBI Fixed Maturity Plan (FMP)-Series 74 (1243 Days)- Regular Plan- IDCW-Payout (9003778),,SBI Fixed Maturity Plan (FMP)-Series 74 (1243 Days)- Regular Plan- IDCW-Payout (9003778),20-Sep-2026 12:56:43,https://www.bseindia.com/xml-data/corpfiling/AttachLive/747dec2c-e682-4cfe-ab20-e9c8e979fa93.pdf,SBIMF Fortnightly Portfolio 15092026,2026-09-20T08:44:54.059017+00:00,Other,MEDIUM
23c3cda9fae9cbfb,BSE,SBI Fixed Maturity Plan (FMP) - Series 72 (1239 Days) Reg Growth (9003777),,SBI Fixed Maturity Plan (FMP) - Series 72 (1239 Days) Reg Growth (9003777),20-Sep-2026 12:56:43,https://www.bseindia.com/xml-data/corpfiling/AttachLive/747dec2c-e682-4cfe-ab20-e9c8e979fa93.pdf,SBIMF Fortnightly Portfolio 15092026,2026-09-20T08:44:54.059036+00:00,Other,MEDIUM
6fb2e04db679503b,BSE,SBI Long Term Equity Fund - Regular Plan - Growth (9003776),,SBI Long Term Equity Fund - Regular Plan - Growth (9003776),20-Sep-2026 12:56:43,https://www.bseindia.com/xml-data/corpfiling/AttachLive/747dec2c-e682-4cfe-ab20-e9c8e979fa93.pdf,SBIMF Fortnightly Portfolio 15092026,2026-09-20T08:44:54.059053+00:00,Other,MEDIUM
e3c35877f51bb677,BSE,SBI Premier Liquid Fund - Super Institutional- Growth (9003775),,SBI Premier Liquid Fund - Super Institutional- Growth (9003775),20-Sep-2026 12:56:43,https://www.bseindia.com/xml-data/corpfiling/AttachLive/747dec2c-e682-4cfe-ab20-e9c8e979fa93.pdf,SBIMF Fortnightly Portfolio 15092026,2026-09-20T08:44:54.059071+00:00,Other,MEDIUM
ba78fcbd5653d09f,BSE,SBI - Magnum Insta Cash Fund - Daily IDCW (9003774),,SBI - Magnum Insta Cash Fund - Daily IDCW (9003774),20-Sep-2026 12:56:43,https://www.bseindia.com/xml-data/corpfiling/AttachLive/747dec2c-e682-4cfe-ab20-e9c8e979fa93.pdf,SBIMF Fortnightly Portfolio 15092026,2026-09-20T08:44:54.059096+00:00,Other,MEDIUM
a14cfac669dd7bf6,BSE,SBI-SHF- Ultra Short Term - Retail PLAN - Weekly IDCW (9003773),,SBI-SHF- Ultra Short Term - Retail PLAN - Weekly IDCW (9003773),20-Sep-2026 12:56:43,https://www.bseindia.com/xml-data/corpfiling/AttachLive/747dec2c-e682-4cfe-ab20-e9c8e979fa93.pdf,SBIMF Fortnightly Portfolio 15092026,2026-09-20T08:44:54.059114+00:00,Other,MEDIUM
3e9dc9646d9b0bb7,BSE,SBI-SHF- Ultra Short Term Fund - Retail PLAN - Daily IDCW (9003772),,SBI-SHF- Ultra Short Term Fund - Retail PLAN - Daily IDCW (9003772),20-Sep-2026 12:56:43,https://www.bseindia.com/xml-data/corpfiling/AttachLive/747dec2c-e682-4cfe-ab20-e9c8e979fa93.pdf,SBIMF Fortnightly Portfolio 15092026,2026-09-20T08:44:54.059133+00:00,Other,MEDIUM
3cafce8f02abcc35,BSE,SBI-SHF- Ultra Short Term Fund - Retail PLAN - Growth (9003771),,SBI-SHF- Ultra Short Term Fund - Retail PLAN - Growth (9003771),20-Sep-2026 12:56:43,https://www.bseindia.com/xml-data/corpfiling/AttachLive/747dec2c-e682-4cfe-ab20-e9c8e979fa93.pdf,SBIMF Fortnightly Portfolio 15092026,2026-09-20T08:44:54.059153+00:00,Other,MEDIUM
45d0ff50c30bad6c,BSE,SBI Infrastructure Fund - Regular Plan - IDCW (9003770),,SBI Infrastructure Fund - Regular Plan - IDCW (9003770),20-Sep-2026 12:56:42,https://www.bseindia.com/xml-data/corpfiling/AttachLive/747dec2c-e682-4cfe-ab20-e9c8e979fa93.pdf,SBIMF Fortnightly Portfolio 15092026,2026-09-20T08:44:54.059170+00:00,Other,MEDIUM
2ddf3346b4c93166,BSE,SBI Energy Opportunities Fund- Direct Plan - IDCW (9003769),,SBI Energy Opportunities Fund- Direct Plan - IDCW (9003769),20-Sep-2026 12:56:42,https://www.bseindia.com/xml-data/corpfiling/AttachLive/747dec2c-e682-4cfe-ab20-e9c8e979fa93.pdf,SBIMF Fortnightly Portfolio 15092026,2026-09-20T08:44:54.059188+00:00,Other,MEDIUM
8d21f4b5380d0746,BSE,SBI Infrastructure Fund - Regular Plan - Growth (9003768),,SBI Infrastructure Fund - Regular Plan - Growth (9003768),20-Sep-2026 12:56:42,https://www.bseindia.com/xml-data/corpfiling/AttachLive/747dec2c-e682-4cfe-ab20-e9c8e979fa93.pdf,SBIMF Fortnightly Portfolio 15092026,2026-09-20T08:44:54.059205+00:00,Other,MEDIUM
8e067502d7f9b674,BSE,SBI-SHF- Ultra Short Term - Institutional PLAN - Monthly IDCW (9003767),,SBI-SHF- Ultra Short Term - Institutional PLAN - Monthly IDCW (9003767),20-Sep-2026 12:56:42,https://www.bseindia.com/xml-data/corpfiling/AttachLive/747dec2c-e682-4cfe-ab20-e9c8e979fa93.pdf,SBIMF Fortnightly Portfolio 15092026,2026-09-20T08:44:54.059223+00:00,Other,MEDIUM
9dd3d8c975c4b794,BSE,SBI-SHF- Ultra Short Term Fund - Institutional PLAN - Fortnightly IDCW (9003766),,SBI-SHF- Ultra Short Term Fund - Institutional PLAN - Fortnightly IDCW (9003766),20-Sep-2026 12:56:42,https://www.bseindia.com/xml-data/corpfiling/AttachLive/747dec2c-e682-4cfe-ab20-e9c8e979fa93.pdf,SBIMF Fortnightly Portfolio 15092026,2026-09-20T08:44:54.059244+00:00,Other,MEDIUM
b4264b9a7969f7a5,BSE,SBI - SHF- Ultra Short Term Fund - Institutional PLAN -Weekly IDCW (9003765),,SBI - SHF- Ultra Short Term Fund - Institutional PLAN -Weekly IDCW (9003765),20-Sep-2026 12:56:42,https://www.bseindia.com/xml-data/corpfiling/AttachLive/747dec2c-e682-4cfe-ab20-e9c8e979fa93.pdf,SBIMF Fortnightly Portfolio 15092026,2026-09-20T08:44:54.059264+00:00,Other,MEDIUM
d83c9ec941869825,BSE,SBI Premier Liquid Fund - Super Institutional - Daily IDCW (9003764),,SBI Premier Liquid Fund - Super Institutional - Daily IDCW (9003764),20-Sep-2026 12:56:42,https://www.bseindia.com/xml-data/corpfiling/AttachLive/747dec2c-e682-4cfe-ab20-e9c8e979fa93.pdf,SBIMF Fortnightly Portfolio 15092026,2026-09-20T08:44:54.059282+00:00,Other,MEDIUM
cfa80d4ca72b1e2a,BSE,SBI-SHF- Ultra Short Term Fund - Institutional PLAN - Daily IDCW (9003763),,SBI-SHF- Ultra Short Term Fund - Institutional PLAN - Daily IDCW (9003763),20-Sep-2026 12:56:42,https://www.bseindia.com/xml-data/corpfiling/AttachLive/747dec2c-e682-4cfe-ab20-e9c8e979fa93.pdf,SBIMF Fortnightly Portfolio 15092026,2026-09-20T08:44:54.059300+00:00,Other,MEDIUM
56de09be9e0028b1,BSE,SBI-SHF- Ultra Short Term Fund - Institutional PLAN - Growth (9003762),,SBI-SHF- Ultra Short Term Fund - Institutional PLAN - Growth (9003762),20-Sep-2026 12:56:42,https://www.bseindia.com/xml-data/corpfiling/AttachLive/747dec2c-e682-4cfe-ab20-e9c8e979fa93.pdf,SBIMF Fortnightly Portfolio 15092026,2026-09-20T08:44:54.059318+00:00,Other,MEDIUM
58bef37ddc53006a,BSE,SBI-SHF- Ultra Short Term Fund - Retail PLAN - Monthly IDCW (9003761),,SBI-SHF- Ultra Short Term Fund - Retail PLAN - Monthly IDCW (9003761),20-Sep-2026 12:56:42,https://www.bseindia.com/xml-data/corpfiling/AttachLive/747dec2c-e682-4cfe-ab20-e9c8e979fa93.pdf,SBIMF Fortnightly Portfolio 15092026,2026-09-20T08:44:54.059337+00:00,Other,MEDIUM
5844ee24762729f5,BSE,SBI-SHF- Ultra Short Term Fund -  Retail PLAN - Fortnightly IDCW (9003760),,SBI-SHF- Ultra Short Term Fund - Retail PLAN - Fortnightly IDCW (9003760),20-Sep-2026 12:56:42,https://www.bseindia.com/xml-data/corpfiling/AttachLive/747dec2c-e682-4cfe-ab20-e9c8e979fa93.pdf,SBIMF Fortnightly Portfolio 15092026,2026-09-20T08:44:54.059355+00:00,Other,MEDIUM
74191797c496cb30,BSE,SBI Short Term Debt Fund - Regular Plan - Monthly IDCW (9003759),,SBI Short Term Debt Fund - Regular Plan - Monthly IDCW (9003759),20-Sep-2026 12:56:42,https://www.bseindia.com/xml-data/corpfiling/AttachLive/747dec2c-e682-4cfe-ab20-e9c8e979fa93.pdf,SBIMF Fortnightly Portfolio 15092026,2026-09-20T08:44:54.059373+00:00,Other,MEDIUM
5e8246db27efdf59,BSE,SBI Short Term Debt Fund - Regular Plan Fortnightly IDCW (9003758),,SBI Short Term Debt Fund - Regular Plan Fortnightly IDCW (9003758),20-Sep-2026 12:56:42,https://www.bseindia.com/xml-data/corpfiling/AttachLive/747dec2c-e682-4cfe-ab20-e9c8e979fa93.pdf,SBIMF Fortnightly Portfolio 15092026,2026-09-20T08:44:54.059391+00:00,Other,MEDIUM
b7b20b1601e5cfd2,BSE,SBI Short Term Debt Fund - Regular Plan Weekly IDCW (9003757),,SBI Short Term Debt Fund - Regular Plan Weekly IDCW (9003757),20-Sep-2026 12:56:42,https://www.bseindia.com/xml-data/corpfiling/AttachLive/747dec2c-e682-4cfe-ab20-e9c8e979fa93.pdf,SBIMF Fortnightly Portfolio 15092026,2026-09-20T08:44:54.059409+00:00,Other,MEDIUM
3e8d21adfaca1e38,BSE,SBI Short Term Debt Fund - Regular Plan - Growth (9003756),,SBI Short Term Debt Fund - Regular Plan - Growth (9003756),20-Sep-2026 12:56:42,https://www.bseindia.com/xml-data/corpfiling/AttachLive/747dec2c-e682-4cfe-ab20-e9c8e979fa93.pdf,SBIMF Fortnightly Portfolio 15092026,2026-09-20T08:44:54.059429+00:00,Other,MEDIUM
1bac8c2db2a4dafd,BSE,SBI SHDF-Short Term-Retail Plan-Monthly IDCW (9003755),,SBI SHDF-Short Term-Retail Plan-Monthly IDCW (9003755),20-Sep-2026 12:56:42,https://www.bseindia.com/xml-data/corpfiling/AttachLive/747dec2c-e682-4cfe-ab20-e9c8e979fa93.pdf,SBIMF Fortnightly Portfolio 15092026,2026-09-20T08:44:54.059445+00:00,Other,MEDIUM
452547195c9ffee8,BSE,SBI SHDF-Short Term-Retail Plan-Fortnightly IDCW (9003754),,SBI SHDF-Short Term-Retail Plan-Fortnightly IDCW (9003754),20-Sep-2026 12:56:42,https://www.bseindia.com/xml-data/corpfiling/AttachLive/747dec2c-e682-4cfe-ab20-e9c8e979fa93.pdf,SBIMF Fortnightly Portfolio 15092026,2026-09-20T08:44:54.059462+00:00,Other,MEDIUM
2b659dd310c6c9e7,BSE,SBI SHDF-Short Term-Retail Plan-Weekly IDCW (9003753),,SBI SHDF-Short Term-Retail Plan-Weekly IDCW (9003753),20-Sep-2026 12:56:42,https://www.bseindia.com/xml-data/corpfiling/AttachLive/747dec2c-e682-4cfe-ab20-e9c8e979fa93.pdf,SBIMF Fortnightly Portfolio 15092026,2026-09-20T08:44:54.059479+00:00,Other,MEDIUM
f2e94d207066824d,BSE,SBI SHDF-Short Term-Retail Plan-Growth (9003752),,SBI SHDF-Short Term-Retail Plan-Growth (9003752),20-Sep-2026 12:56:42,https://www.bseindia.com/xml-data/corpfiling/AttachLive/747dec2c-e682-4cfe-ab20-e9c8e979fa93.pdf,SBIMF Fortnightly Portfolio 15092026,2026-09-20T08:44:54.059494+00:00,Other,MEDIUM
b011dc3e4be38b34,BSE,SBI ESG Exclusionary Strategy Fund Regular Growth (9003751),,SBI ESG Exclusionary Strategy Fund Regular Growth (9003751),20-Sep-2026 12:56:42,https://www.bseindia.com/xml-data/corpfiling/AttachLive/747dec2c-e682-4cfe-ab20-e9c8e979fa93.pdf,SBIMF Fortnightly Portfolio 15092026,2026-09-20T08:44:54.059512+00:00,Other,MEDIUM
1c683a9407a94487,BSE,SBI Fixed Maturity Plan (FMP)- Series 74 (1243 Days) Direct Plan IDCW (9003750),,SBI Fixed Maturity Plan (FMP)- Series 74 (1243 Days) Direct Plan IDCW (9003750),20-Sep-2026 12:56:42,https://www.bseindia.com/xml-data/corpfiling/AttachLive/747dec2c-e682-4cfe-ab20-e9c8e979fa93.pdf,SBIMF Fortnightly Portfolio 15092026,2026-09-20T08:44:54.059531+00:00,Other,MEDIUM
1a0536e256be2e4a,BSE,SBI Arbitrage Opportunities Fund - Regular Plan - Growth (9003749),,SBI Arbitrage Opportunities Fund - Regular Plan - Growth (9003749),20-Sep-2026 12:56:42,https://www.bseindia.com/xml-data/corpfiling/AttachLive/747dec2c-e682-4cfe-ab20-e9c8e979fa93.pdf,SBIMF Fortnightly Portfolio 15092026,2026-09-20T08:44:54.059549+00:00,Other,MEDIUM
56d305ade453afce,BSE,SBI Arbitrage Opportunities Fund - Regular Plan - IDCW (9003748),,SBI Arbitrage Opportunities Fund - Regular Plan - IDCW (9003748),20-Sep-2026 12:56:42,https://www.bseindia.com/xml-data/corpfiling/AttachLive/747dec2c-e682-4cfe-ab20-e9c8e979fa93.pdf,SBIMF Fortnightly Portfolio 15092026,2026-09-20T08:44:54.059567+00:00,Other,MEDIUM
1f4a1388f85130b6,BSE,SBI ESG Exclusionary Strategy Fund Regular Plan - IDCW Payout (9003747),,SBI ESG Exclusionary Strategy Fund Regular Plan - IDCW Payout (9003747),20-Sep-2026 12:56:42,https://www.bseindia.com/xml-data/corpfiling/AttachLive/747dec2c-e682-4cfe-ab20-e9c8e979fa93.pdf,SBIMF Fortnightly Portfolio 15092026,2026-09-20T08:44:54.059585+00:00,Other,MEDIUM
3993fe323a05885f,BSE,SBI Fixed Maturity Plan (FMP)-Series 81 (1157 Days) Regular Growth (9003746),,SBI Fixed Maturity Plan (FMP)-Series 81 (1157 Days) Regular Growth (9003746),20-Sep-2026 12:56:42,https://www.bseindia.com/xml-data/corpfiling/AttachLive/747dec2c-e682-4cfe-ab20-e9c8e979fa93.pdf,SBIMF Fortnightly Portfolio 15092026,2026-09-20T08:44:54.059606+00:00,Other,MEDIUM
0bde3dd55978028d,BSE,SBI Credit Risk Fund - Regular Plan - IDCW Payout (9003745),,SBI Credit Risk Fund - Regular Plan - IDCW Payout (9003745),20-Sep-2026 12:56:42,https://www.bseindia.com/xml-data/corpfiling/AttachLive/747dec2c-e682-4cfe-ab20-e9c8e979fa93.pdf,SBIMF Fortnightly Portfolio 15092026,2026-09-20T08:44:54.059624+00:00,Other,MEDIUM
8ff4bd80e6ebc97a,BSE,SBI Healthcare Opportunities Fund - Regular Plan - IDCW Payout (9003744),,SBI Healthcare Opportunities Fund - Regular Plan - IDCW Payout (9003744),20-Sep-2026 12:56:42,https://www.bseindia.com/xml-data/corpfiling/AttachLive/747dec2c-e682-4cfe-ab20-e9c8e979fa93.pdf,SBIMF Fortnightly Portfolio 15092026,2026-09-20T08:44:54.059642+00:00,Other,MEDIUM
ca2c83c233a31c0f,BSE,SBI Credit Risk Fund - Regular Plan - IDCW (9003743),,SBI Credit Risk Fund - Regular Plan - IDCW (9003743),20-Sep-2026 12:56:42,https://www.bseindia.com/xml-data/corpfiling/AttachLive/747dec2c-e682-4cfe-ab20-e9c8e979fa93.pdf,SBIMF Fortnightly Portfolio 15092026,2026-09-20T08:44:54.059659+00:00,Other,MEDIUM
6204791dff8391b6,BSE,SBI Savings Fund - Regular Plan - Growth (9003742),,SBI Savings Fund - Regular Plan - Growth (9003742),20-Sep-2026 12:56:42,https://www.bseindia.com/xml-data/corpfiling/AttachLive/747dec2c-e682-4cfe-ab20-e9c8e979fa93.pdf,SBIMF Fortnightly Portfolio 15092026,2026-09-20T08:44:54.059675+00:00,Other,MEDIUM
3aaabf04d9f017fc,BSE,SBI Savings Fund - Regular Plan - IDCW (9003741),,SBI Savings Fund - Regular Plan - IDCW (9003741),20-Sep-2026 12:56:42,https://www.bseindia.com/xml-data/corpfiling/AttachLive/747dec2c-e682-4cfe-ab20-e9c8e979fa93.pdf,SBIMF Fortnightly Portfolio 15092026,2026-09-20T08:44:54.059691+00:00,Other,MEDIUM
3bfb344db5dfaae3,BSE,SBI Magnum Income Fund - Regular Plan - Bonus (9003740),,SBI Magnum Income Fund - Regular Plan - Bonus (9003740),20-Sep-2026 12:56:42,https://www.bseindia.com/xml-data/corpfiling/AttachLive/747dec2c-e682-4cfe-ab20-e9c8e979fa93.pdf,SBIMF Fortnightly Portfolio 15092026,2026-09-20T08:44:54.059708+00:00,Other,MEDIUM
c7c1c867cc8867b1,BSE,SBI Magnum Income Fund - Regular Plan - Growth (9003739),,SBI Magnum Income Fund - Regular Plan - Growth (9003739),20-Sep-2026 12:56:42,https://www.bseindia.com/xml-data/corpfiling/AttachLive/747dec2c-e682-4cfe-ab20-e9c8e979fa93.pdf,SBIMF Fortnightly Portfolio 15092026,2026-09-20T08:44:54.059725+00:00,Other,MEDIUM
9e817e9fb0b1fb0b,BSE,SBI Magnum Income Fund - Regular Plan - IDCW (9003738),,SBI Magnum Income Fund - Regular Plan - IDCW (9003738),20-Sep-2026 12:56:42,https://www.bseindia.com/xml-data/corpfiling/AttachLive/747dec2c-e682-4cfe-ab20-e9c8e979fa93.pdf,SBIMF Fortnightly Portfolio 15092026,2026-09-20T08:44:54.059743+00:00,Other,MEDIUM
9f0a40cc8001d0f6,BSE,SBI  Nifty  Index Fund - Regular Plan - Growth (9003737),,SBI Nifty Index Fund - Regular Plan - Growth (9003737),20-Sep-2026 12:56:42,https://www.bseindia.com/xml-data/corpfiling/AttachLive/747dec2c-e682-4cfe-ab20-e9c8e979fa93.pdf,SBIMF Fortnightly Portfolio 15092026,2026-09-20T08:44:54.059760+00:00,Other,MEDIUM
f5617f26879e832d,BSE,SBI Magnum Constant Maturity Fund Regular Growth (9003736),,SBI Magnum Constant Maturity Fund Regular Growth (9003736),20-Sep-2026 12:56:42,https://www.bseindia.com/xml-data/corpfiling/AttachLive/747dec2c-e682-4cfe-ab20-e9c8e979fa93.pdf,SBIMF Fortnightly Portfolio 15092026,2026-09-20T08:44:54.059777+00:00,Other,MEDIUM
13dbc1792d8cfece,BSE,SBI Magnum Constant Maturity Fund - Regular Plan - IDCW (9003735),,SBI Magnum Constant Maturity Fund - Regular Plan - IDCW (9003735),20-Sep-2026 12:56:42,https://www.bseindia.com/xml-data/corpfiling/AttachLive/747dec2c-e682-4cfe-ab20-e9c8e979fa93.pdf,SBIMF Fortnightly Portfolio 15092026,2026-09-20T08:44:54.059795+00:00,Other,MEDIUM
73e735f4d21443ba,BSE,SBI Flexicap Fund - Regular Plan - Growth (9003734),,SBI Flexicap Fund - Regular Plan - Growth (9003734),20-Sep-2026 12:56:42,https://www.bseindia.com/xml-data/corpfiling/AttachLive/747dec2c-e682-4cfe-ab20-e9c8e979fa93.pdf,SBIMF Fortnightly Portfolio 15092026,2026-09-20T08:44:54.059811+00:00,Other,MEDIUM
ee95db573f90377f,BSE,SBI Consumption Opportunities Fund - Regular Plan - IDCW Payout (9003733),,SBI Consumption Opportunities Fund - Regular Plan - IDCW Payout (9003733),20-Sep-2026 12:56:42,https://www.bseindia.com/xml-data/corpfiling/AttachLive/747dec2c-e682-4cfe-ab20-e9c8e979fa93.pdf,SBIMF Fortnightly Portfolio 15092026,2026-09-20T08:44:54.059829+00:00,Other,MEDIUM
ed45f948b0d7665c,BSE,SBI Contra Fund - Regular Plan - Growth (9003732),,SBI Contra Fund - Regular Plan - Growth (9003732),20-Sep-2026 12:56:42,https://www.bseindia.com/xml-data/corpfiling/AttachLive/747dec2c-e682-4cfe-ab20-e9c8e979fa93.pdf,SBIMF Fortnightly Portfolio 15092026,2026-09-20T08:44:54.059846+00:00,Other,MEDIUM
4359516c33d2356b,BSE,SBI Blue Chip Fund - Regular Plan - IDCW (9003731),,SBI Blue Chip Fund - Regular Plan - IDCW (9003731),20-Sep-2026 12:56:42,https://www.bseindia.com/xml-data/corpfiling/AttachLive/747dec2c-e682-4cfe-ab20-e9c8e979fa93.pdf,SBIMF Fortnightly Portfolio 15092026,2026-09-20T08:44:54.059862+00:00,Other,MEDIUM
9e7c76d673f9b133,BSE,SBI Multi Asset Allocation Fund - Regular Plan - Annual IDCW (9003730),,SBI Multi Asset Allocation Fund - Regular Plan - Annual IDCW (9003730),20-Sep-2026 12:56:42,https://www.bseindia.com/xml-data/corpfiling/AttachLive/747dec2c-e682-4cfe-ab20-e9c8e979fa93.pdf,SBIMF Fortnightly Portfolio 15092026,2026-09-20T08:44:54.059883+00:00,Other,MEDIUM
5987ad59360aa333,BSE,SBI Multi Asset Allocation Fund - Regular Plan - Quarterly IDCW (9003729),,SBI Multi Asset Allocation Fund - Regular Plan - Quarterly IDCW (9003729),20-Sep-2026 12:56:42,https://www.bseindia.com/xml-data/corpfiling/AttachLive/747dec2c-e682-4cfe-ab20-e9c8e979fa93.pdf,SBIMF Fortnightly Portfolio 15092026,2026-09-20T08:44:54.059901+00:00,Other,MEDIUM
5e17f627e667e483,BSE,SBI Multi Asset Allocation Fund - Regular Plan - Monthly IDCW (9003728),,SBI Multi Asset Allocation Fund - Regular Plan - Monthly IDCW (9003728),20-Sep-2026 12:56:42,https://www.bseindia.com/xml-data/corpfiling/AttachLive/747dec2c-e682-4cfe-ab20-e9c8e979fa93.pdf,SBIMF Fortnightly Portfolio 15092026,2026-09-20T08:44:54.059920+00:00,Other,MEDIUM
211d3662b5002e69,BSE,SBI Multi Asset Allocation Fund Regular Growth (9003727),,SBI Multi Asset Allocation Fund Regular Growth (9003727),20-Sep-2026 12:56:42,https://www.bseindia.com/xml-data/corpfiling/AttachLive/747dec2c-e682-4cfe-ab20-e9c8e979fa93.pdf,SBIMF Fortnightly Portfolio 15092026,2026-09-20T08:44:54.059936+00:00,Other,MEDIUM
fa6885de4bfb090d,BSE,SBI Long Term Advantage Fund - Series I - Regular Plan - IDCW (9003726),,SBI Long Term Advantage Fund - Series I - Regular Plan - IDCW (9003726),20-Sep-2026 12:56:42,https://www.bseindia.com/xml-data/corpfiling/AttachLive/747dec2c-e682-4cfe-ab20-e9c8e979fa93.pdf,SBIMF Fortnightly Portfolio 15092026,2026-09-20T08:44:54.059955+00:00,Other,MEDIUM
8de3a30db3b3b213,BSE,SBI Savings Fund - Regular Plan Daily IDCW (9003725),,SBI Savings Fund - Regular Plan Daily IDCW (9003725),20-Sep-2026 12:56:42,https://www.bseindia.com/xml-data/corpfiling/AttachLive/747dec2c-e682-4cfe-ab20-e9c8e979fa93.pdf,SBIMF Fortnightly Portfolio 15092026,2026-09-20T08:44:54.059972+00:00,Other,MEDIUM
1fd7598a8ff3c888,BSE,SBI Equity Hybrid Fund Regular Growth (9003724),,SBI Equity Hybrid Fund Regular Growth (9003724),20-Sep-2026 12:56:42,https://www.bseindia.com/xml-data/corpfiling/AttachLive/747dec2c-e682-4cfe-ab20-e9c8e979fa93.pdf,SBIMF Fortnightly Portfolio 15092026,2026-09-20T08:44:54.059988+00:00,Other,MEDIUM
a8b34c55ec9e4b6f,BSE,SBI Healthcare Opportunities Fund Regular Growth (9003723),,SBI Healthcare Opportunities Fund Regular Growth (9003723),20-Sep-2026 12:56:42,https://www.bseindia.com/xml-data/corpfiling/AttachLive/747dec2c-e682-4cfe-ab20-e9c8e979fa93.pdf,SBIMF Fortnightly Portfolio 15092026,2026-09-20T08:44:54.060007+00:00,Other,MEDIUM
0412cc8234a54845,BSE,SBI Blue Chip Fund - Regular Plan - Growth (9003722),,SBI Blue Chip Fund - Regular Plan - Growth (9003722),20-Sep-2026 12:56:42,https://www.bseindia.com/xml-data/corpfiling/AttachLive/747dec2c-e682-4cfe-ab20-e9c8e979fa93.pdf,SBIMF Fortnightly Portfolio 15092026,2026-09-20T08:44:54.060024+00:00,Other,MEDIUM
0ff24d904257702d,BSE,SBI Magnum Global Fund - Regular Plan - Growth (9003721),,SBI Magnum Global Fund - Regular Plan - Growth (9003721),20-Sep-2026 12:56:42,https://www.bseindia.com/xml-data/corpfiling/AttachLive/747dec2c-e682-4cfe-ab20-e9c8e979fa93.pdf,SBIMF Fortnightly Portfolio 15092026,2026-09-20T08:44:54.060041+00:00,Other,MEDIUM
06f2bfdc5e90b9c7,BSE,SBI Flexicap Fund - Regular Plan - IDCW (9003720),,SBI Flexicap Fund - Regular Plan - IDCW (9003720),20-Sep-2026 12:56:42,https://www.bseindia.com/xml-data/corpfiling/AttachLive/747dec2c-e682-4cfe-ab20-e9c8e979fa93.pdf,SBIMF Fortnightly Portfolio 15092026,2026-09-20T08:44:54.060058+00:00,Other,MEDIUM
7afd2ffdd954b6a7,BSE,SBI Magnum Comma Fund - Regular Plan - Growth (9003719),,SBI Magnum Comma Fund - Regular Plan - Growth (9003719),20-Sep-2026 12:56:42,https://www.bseindia.com/xml-data/corpfiling/AttachLive/747dec2c-e682-4cfe-ab20-e9c8e979fa93.pdf,SBIMF Fortnightly Portfolio 15092026,2026-09-20T08:44:54.060075+00:00,Other,MEDIUM
bbff15158a337c72,BSE,SBI Premier Liquid Fund - Institutional - Fortnightly IDCW (9003718),,SBI Premier Liquid Fund - Institutional - Fortnightly IDCW (9003718),20-Sep-2026 12:56:42,https://www.bseindia.com/xml-data/corpfiling/AttachLive/747dec2c-e682-4cfe-ab20-e9c8e979fa93.pdf,SBIMF Fortnightly Portfolio 15092026,2026-09-20T08:44:54.060102+00:00,Other,MEDIUM
328472f66e70088d,BSE,SBI Premier Liquid Fund - Institutional -  Weekly IDCW (9003717),,SBI Premier Liquid Fund - Institutional - Weekly IDCW (9003717),20-Sep-2026 12:56:42,https://www.bseindia.com/xml-data/corpfiling/AttachLive/747dec2c-e682-4cfe-ab20-e9c8e979fa93.pdf,SBIMF Fortnightly Portfolio 15092026,2026-09-20T08:44:54.060121+00:00,Other,MEDIUM
5727f5cf33860350,BSE,SBI Savings Fund - Regular Plan Weekly IDCW (9003716),,SBI Savings Fund - Regular Plan Weekly IDCW (9003716),20-Sep-2026 12:56:42,https://www.bseindia.com/xml-data/corpfiling/AttachLive/747dec2c-e682-4cfe-ab20-e9c8e979fa93.pdf,SBIMF Fortnightly Portfolio 15092026,2026-09-20T08:44:54.060138+00:00,Other,MEDIUM
827f4296116260f6,BSE,SBI Large & Midcap Fund - Regular Plan - IDCW (9003715),,SBI Large & Midcap Fund - Regular Plan - IDCW (9003715),20-Sep-2026 12:56:42,https://www.bseindia.com/xml-data/corpfiling/AttachLive/747dec2c-e682-4cfe-ab20-e9c8e979fa93.pdf,SBIMF Fortnightly Portfolio 15092026,2026-09-20T08:44:54.060155+00:00,Other,MEDIUM
112d1f693074aa96,BSE,SBI Magnum Comma Fund - Regular Plan - IDCW (9003714),,SBI Magnum Comma Fund - Regular Plan - IDCW (9003714),20-Sep-2026 12:56:42,https://www.bseindia.com/xml-data/corpfiling/AttachLive/747dec2c-e682-4cfe-ab20-e9c8e979fa93.pdf,SBIMF Fortnightly Portfolio 15092026,2026-09-20T08:44:54.060172+00:00,Other,MEDIUM
e903cbd650cfa6ba,BSE,SBI Large & Midcap Fund Regular Growth (9003713),,SBI Large & Midcap Fund Regular Growth (9003713),20-Sep-2026 12:56:42,https://www.bseindia.com/xml-data/corpfiling/AttachLive/747dec2c-e682-4cfe-ab20-e9c8e979fa93.pdf,SBIMF Fortnightly Portfolio 15092026,2026-09-20T08:44:54.060188+00:00,Other,MEDIUM
0874a96c5892e6aa,BSE,SBI Energy Opportunities Fund- Regular Growth (9003712),,SBI Energy Opportunities Fund- Regular Growth (9003712),20-Sep-2026 12:56:42,https://www.bseindia.com/xml-data/corpfiling/AttachLive/747dec2c-e682-4cfe-ab20-e9c8e979fa93.pdf,SBIMF Fortnightly Portfolio 15092026,2026-09-20T08:44:54.060205+00:00,Other,MEDIUM
04b5f087275119ae,BSE,SBI Fixed Maturity Plan (FMP) - Series 64 (1169 Days) Direct Plan - IDCW (9003711),,SBI Fixed Maturity Plan (FMP) - Series 64 (1169 Days) Direct Plan - IDCW (9003711),20-Sep-2026 12:56:42,https://www.bseindia.com/xml-data/corpfiling/AttachLive/747dec2c-e682-4cfe-ab20-e9c8e979fa93.pdf,SBIMF Fortnightly Portfolio 15092026,2026-09-20T08:44:54.060228+00:00,Other,MEDIUM
a87afb3ebf10a511,BSE,SBI Magnum MidCap Fund - Regular Plan - Growth  (9003710),,SBI Magnum MidCap Fund - Regular Plan - Growth (9003710),20-Sep-2026 12:56:42,https://www.bseindia.com/xml-data/corpfiling/AttachLive/747dec2c-e682-4cfe-ab20-e9c8e979fa93.pdf,SBIMF Fortnightly Portfolio 15092026,2026-09-20T08:44:54.060250+00:00,Other,MEDIUM
409165bbac94215a,BSE,SBI Magnum MidCap Fund - Regular Plan - IDCW (9003709),,SBI Magnum MidCap Fund - Regular Plan - IDCW (9003709),20-Sep-2026 12:56:42,https://www.bseindia.com/xml-data/corpfiling/AttachLive/747dec2c-e682-4cfe-ab20-e9c8e979fa93.pdf,SBIMF Fortnightly Portfolio 15092026,2026-09-20T08:44:54.060267+00:00,Other,MEDIUM
ec03fa706b54e4ee,BSE,SBI - Magnum Insta Cash Fund Liquid Floater Plan - IDCW (9003708),,SBI - Magnum Insta Cash Fund Liquid Floater Plan - IDCW (9003708),20-Sep-2026 12:56:42,https://www.bseindia.com/xml-data/corpfiling/AttachLive/747dec2c-e682-4cfe-ab20-e9c8e979fa93.pdf,SBIMF Fortnightly Portfolio 15092026,2026-09-20T08:44:54.060285+00:00,Order Win,HIGH
ad519baa593eeebc,BSE,SBI - Magnum Insta Cash Fund Liquid Floater Plan - Growth (9003707),,SBI - Magnum Insta Cash Fund Liquid Floater Plan - Growth (9003707),20-Sep-2026 12:56:42,https://www.bseindia.com/xml-data/corpfiling/AttachLive/747dec2c-e682-4cfe-ab20-e9c8e979fa93.pdf,SBIMF Fortnightly Portfolio 15092026,2026-09-20T08:44:54.060303+00:00,Order Win,HIGH
f39bb164ee8c4f03,BSE,SBI Premier Liquid Fund - Institutional - Growth (9003706),,SBI Premier Liquid Fund - Institutional - Growth (9003706),20-Sep-2026 12:56:42,https://www.bseindia.com/xml-data/corpfiling/AttachLive/747dec2c-e682-4cfe-ab20-e9c8e979fa93.pdf,SBIMF Fortnightly Portfolio 15092026,2026-09-20T08:44:54.060320+00:00,Other,MEDIUM
88d0692b0e719a3e,BSE,SBI Premier Liquid Fund - Institutional - Daily IDCW (9003705),,SBI Premier Liquid Fund - Institutional - Daily IDCW (9003705),20-Sep-2026 12:56:42,https://www.bseindia.com/xml-data/corpfiling/AttachLive/747dec2c-e682-4cfe-ab20-e9c8e979fa93.pdf,SBIMF Fortnightly Portfolio 15092026,2026-09-20T08:44:54.060338+00:00,Other,MEDIUM
dbc50488cefe7a05,BSE,SBI Nifty Index Fund - Regular Plan - IDCW Payout (9003704),,SBI Nifty Index Fund - Regular Plan - IDCW Payout (9003704),20-Sep-2026 12:56:42,https://www.bseindia.com/xml-data/corpfiling/AttachLive/747dec2c-e682-4cfe-ab20-e9c8e979fa93.pdf,SBIMF Fortnightly Portfolio 15092026,2026-09-20T08:44:54.060355+00:00,Other,MEDIUM
4a7e5213398b1fa6,BSE,SBI Magnum Global Fund - Regular Plan - IDCW Payout (9003703),,SBI Magnum Global Fund - Regular Plan - IDCW Payout (9003703),20-Sep-2026 12:56:42,https://www.bseindia.com/xml-data/corpfiling/AttachLive/747dec2c-e682-4cfe-ab20-e9c8e979fa93.pdf,SBIMF Fortnightly Portfolio 15092026,2026-09-20T08:44:54.060373+00:00,Other,MEDIUM
fface35f2bbacf08,BSE,SBI Multicap Fund - Direct Plan - IDCW (9003702),,SBI Multicap Fund - Direct Plan - IDCW (9003702),20-Sep-2026 12:56:42,https://www.bseindia.com/xml-data/corpfiling/AttachLive/747dec2c-e682-4cfe-ab20-e9c8e979fa93.pdf,SBIMF Fortnightly Portfolio 15092026,2026-09-20T08:44:54.060390+00:00,Other,MEDIUM
6d5ff744242113df,BSE,SBI Magnum Global Fund - Regular Plan - IDCW (9003701),,SBI Magnum Global Fund - Regular Plan - IDCW (9003701),20-Sep-2026 12:56:42,https://www.bseindia.com/xml-data/corpfiling/AttachLive/747dec2c-e682-4cfe-ab20-e9c8e979fa93.pdf,SBIMF Fortnightly Portfolio 15092026,2026-09-20T08:44:54.060412+00:00,Other,MEDIUM
1e2f6aecdc3286de,BSE,SBI Dynamic Bond Fund - Regular Plan - Growth (9003700),,SBI Dynamic Bond Fund - Regular Plan - Growth (9003700),20-Sep-2026 12:56:42,https://www.bseindia.com/xml-data/corpfiling/AttachLive/747dec2c-e682-4cfe-ab20-e9c8e979fa93.pdf,SBIMF Fortnightly Portfolio 15092026,2026-09-20T08:44:54.060429+00:00,Other,MEDIUM
3d31dc96c8124b2a,BSE,SBI Dynamic Bond Fund - Regular Plan - IDCW (9003699),,SBI Dynamic Bond Fund - Regular Plan - IDCW (9003699),20-Sep-2026 12:56:42,https://www.bseindia.com/xml-data/corpfiling/AttachLive/747dec2c-e682-4cfe-ab20-e9c8e979fa93.pdf,SBIMF Fortnightly Portfolio 15092026,2026-09-20T08:44:54.060445+00:00,Other,MEDIUM
20778ced35c34435,BSE,SBI Nifty Midcap 150 Index Fund - Direct Plan - IDCW Payout (9003698),,SBI Nifty Midcap 150 Index Fund - Direct Plan - IDCW Payout (9003698),20-Sep-2026 12:56:42,https://www.bseindia.com/xml-data/corpfiling/AttachLive/747dec2c-e682-4cfe-ab20-e9c8e979fa93.pdf,SBIMF Fortnightly Portfolio 15092026,2026-09-20T08:44:54.060464+00:00,Other,MEDIUM
622202c3f5eaf3ad,BSE,SBI Magnum Medium Duration Fund - Regular Plan - IDCW (9003697),,SBI Magnum Medium Duration Fund - Regular Plan - IDCW (9003697),20-Sep-2026 12:56:42,https://www.bseindia.com/xml-data/corpfiling/AttachLive/747dec2c-e682-4cfe-ab20-e9c8e979fa93.pdf,SBIMF Fortnightly Portfolio 15092026,2026-09-20T08:44:54.060481+00:00,Other,MEDIUM
9b763ae44180eb84,BSE,SBI Magnum Medium Duration Fund Regular Growth (9003696),,SBI Magnum Medium Duration Fund Regular Growth (9003696),20-Sep-2026 12:56:42,https://www.bseindia.com/xml-data/corpfiling/AttachLive/747dec2c-e682-4cfe-ab20-e9c8e979fa93.pdf,SBIMF Fortnightly Portfolio 15092026,2026-09-20T08:44:54.060498+00:00,Other,MEDIUM
6f9750798d5d5050,BSE,SBI Magnum Gilt Fund Long Term Growth PF Fixed 3 Years (9003695),,SBI Magnum Gilt Fund Long Term Growth PF Fixed 3 Years (9003695),20-Sep-2026 12:56:41,https://www.bseindia.com/xml-data/corpfiling/AttachLive/747dec2c-e682-4cfe-ab20-e9c8e979fa93.pdf,SBIMF Fortnightly Portfolio 15092026,2026-09-20T08:44:54.060517+00:00,Other,MEDIUM
32c38feb82ebd7ad,BSE,SBI Magnum Gilt Fund Long Term Growth PF Fixed 2 Years (9003694),,SBI Magnum Gilt Fund Long Term Growth PF Fixed 2 Years (9003694),20-Sep-2026 12:56:41,https://www.bseindia.com/xml-data/corpfiling/AttachLive/747dec2c-e682-4cfe-ab20-e9c8e979fa93.pdf,SBIMF Fortnightly Portfolio 15092026,2026-09-20T08:44:54.060535+00:00,Other,MEDIUM
ce7b804a74d813c8,BSE,SBI Long Term Equity Fund - Regular Plan - IDCW (9003693),,SBI Long Term Equity Fund - Regular Plan - IDCW (9003693),20-Sep-2026 12:56:41,https://www.bseindia.com/xml-data/corpfiling/AttachLive/747dec2c-e682-4cfe-ab20-e9c8e979fa93.pdf,SBIMF Fortnightly Portfolio 15092026,2026-09-20T08:44:54.060552+00:00,Other,MEDIUM
96f7aad97e14f735,BSE,SBI - Magnum Insta Cash Fund - Cash Option (9003692),,SBI - Magnum Insta Cash Fund - Cash Option (9003692),20-Sep-2026 12:56:41,https://www.bseindia.com/xml-data/corpfiling/AttachLive/747dec2c-e682-4cfe-ab20-e9c8e979fa93.pdf,SBIMF Fortnightly Portfolio 15092026,2026-09-20T08:44:54.060571+00:00,Other,MEDIUM
917044cb25f1b4d0,BSE,SBI CPSE Bond Plus SDL Sep 2026 50:50 Index Fund  - Direct Plan - IDCW Payout (9003691),,SBI CPSE Bond Plus SDL Sep 2026 50:50 Index Fund - Direct Plan - IDCW Payout (9003691),20-Sep-2026 12:56:41,https://www.bseindia.com/xml-data/corpfiling/AttachLive/747dec2c-e682-4cfe-ab20-e9c8e979fa93.pdf,SBIMF Fortnightly Portfolio 15092026,2026-09-20T08:44:54.060592+00:00,Other,MEDIUM
bdf0d11666b23e81,BSE,SBI Nifty Next 50 Index Fund - Regular Plan - IDCW Payout (9003690),,SBI Nifty Next 50 Index Fund - Regular Plan - IDCW Payout (9003690),20-Sep-2026 12:56:41,https://www.bseindia.com/xml-data/corpfiling/AttachLive/747dec2c-e682-4cfe-ab20-e9c8e979fa93.pdf,SBIMF Fortnightly Portfolio 15092026,2026-09-20T08:44:54.060611+00:00,Other,MEDIUM
436675b7a9c8f6a1,BSE,SBI Magnum Children's Benefit Fund - Savings Plan Regular Growth (9003689),,SBI Magnum Children's Benefit Fund - Savings Plan Regular Growth (9003689),20-Sep-2026 12:56:41,https://www.bseindia.com/xml-data/corpfiling/AttachLive/747dec2c-e682-4cfe-ab20-e9c8e979fa93.pdf,SBIMF Fortnightly Portfolio 15092026,2026-09-20T08:44:54.060630+00:00,Other,MEDIUM
2d96198c9e0207c6,BSE,SBI Magnum Gilt Fund - Regular Plan - IDCW (9003688),,SBI Magnum Gilt Fund - Regular Plan - IDCW (9003688),20-Sep-2026 12:56:41,https://www.bseindia.com/xml-data/corpfiling/AttachLive/747dec2c-e682-4cfe-ab20-e9c8e979fa93.pdf,SBIMF Fortnightly Portfolio 15092026,2026-09-20T08:44:54.060647+00:00,Other,MEDIUM
c3ed1ecdf9d2ac0f,BSE,SBI Nifty Index Fund - Regular Plan - IDCW (9003687),,SBI Nifty Index Fund - Regular Plan - IDCW (9003687),20-Sep-2026 12:56:41,https://www.bseindia.com/xml-data/corpfiling/AttachLive/747dec2c-e682-4cfe-ab20-e9c8e979fa93.pdf,SBIMF Fortnightly Portfolio 15092026,2026-09-20T08:44:54.060663+00:00,Other,MEDIUM
c01e36c4dd452533,BSE,SBI Consumption Opportunities Fund - Regular Plan - IDCW (9003686),,SBI Consumption Opportunities Fund - Regular Plan - IDCW (9003686),20-Sep-2026 12:56:41,https://www.bseindia.com/xml-data/corpfiling/AttachLive/747dec2c-e682-4cfe-ab20-e9c8e979fa93.pdf,SBIMF Fortnightly Portfolio 15092026,2026-09-20T08:44:54.060681+00:00,Other,MEDIUM
9c1129752c9f099b,BSE,SBI ESG Exclusionary Strategy Fund Regular Plan - IDCW (9003685),,SBI ESG Exclusionary Strategy Fund Regular Plan - IDCW (9003685),20-Sep-2026 12:56:41,https://www.bseindia.com/xml-data/corpfiling/AttachLive/747dec2c-e682-4cfe-ab20-e9c8e979fa93.pdf,SBIMF Fortnightly Portfolio 15092026,2026-09-20T08:44:54.060698+00:00,Other,MEDIUM
09e040a7ca68c581,BSE,SBI Fixed Maturity Plan (FMP)-Series 81 (1157 Days) Direct Plan- IDCW (9003684),,SBI Fixed Maturity Plan (FMP)-Series 81 (1157 Days) Direct Plan- IDCW (9003684),20-Sep-2026 12:56:41,https://www.bseindia.com/xml-data/corpfiling/AttachLive/747dec2c-e682-4cfe-ab20-e9c8e979fa93.pdf,SBIMF Fortnightly Portfolio 15092026,2026-09-20T08:44:54.060720+00:00,Other,MEDIUM
011979dbd79b877c,BSE,SBI Dividend Yield Fund - Direct Plan - IDCW Payout (9003683),,SBI Dividend Yield Fund - Direct Plan - IDCW Payout (9003683),20-Sep-2026 12:56:41,https://www.bseindia.com/xml-data/corpfiling/AttachLive/747dec2c-e682-4cfe-ab20-e9c8e979fa93.pdf,SBIMF Fortnightly Portfolio 15092026,2026-09-20T08:44:54.060738+00:00,Other,MEDIUM
92f3b424780c810c,BSE,SBI Nifty Consumption ETF (9003682),,SBI Nifty Consumption ETF (9003682),20-Sep-2026 12:56:41,https://www.bseindia.com/xml-data/corpfiling/AttachLive/747dec2c-e682-4cfe-ab20-e9c8e979fa93.pdf,SBIMF Fortnightly Portfolio 15092026,2026-09-20T08:44:54.060753+00:00,Other,MEDIUM
c8c1c40334fa9f82,BSE,SBI Magnum Gilt Fund - Long Term IDCW PF Fix 2 Years (9003681),,SBI Magnum Gilt Fund - Long Term IDCW PF Fix 2 Years (9003681),20-Sep-2026 12:56:41,https://www.bseindia.com/xml-data/corpfiling/AttachLive/747dec2c-e682-4cfe-ab20-e9c8e979fa93.pdf,SBIMF Fortnightly Portfolio 15092026,2026-09-20T08:44:54.060773+00:00,Other,MEDIUM
826e64cd6e65a5cd,BSE,SBI Conservative Hybrid Fund Regular Quarterly IDCW Payout (9003680),,SBI Conservative Hybrid Fund Regular Quarterly IDCW Payout (9003680),20-Sep-2026 12:56:41,https://www.bseindia.com/xml-data/corpfiling/AttachLive/747dec2c-e682-4cfe-ab20-e9c8e979fa93.pdf,SBIMF Fortnightly Portfolio 15092026,2026-09-20T08:44:54.060791+00:00,Other,MEDIUM
54da227a24b5656c,BSE,SBI Magnum Gilt Fund - Long Term IDCW PF Fix 1 Year (9003679),,SBI Magnum Gilt Fund - Long Term IDCW PF Fix 1 Year (9003679),20-Sep-2026 12:56:41,https://www.bseindia.com/xml-data/corpfiling/AttachLive/747dec2c-e682-4cfe-ab20-e9c8e979fa93.pdf,SBIMF Fortnightly Portfolio 15092026,2026-09-20T08:44:54.060809+00:00,Other,MEDIUM
323d1b8205a1fbc9,BSE,SBI BSE Sensex Index Fund-Regular Plan-Growth (9003678),,SBI BSE Sensex Index Fund-Regular Plan-Growth (9003678),20-Sep-2026 12:56:41,https://www.bseindia.com/xml-data/corpfiling/AttachLive/747dec2c-e682-4cfe-ab20-e9c8e979fa93.pdf,SBIMF Fortnightly Portfolio 15092026,2026-09-20T08:44:54.060826+00:00,Other,MEDIUM
ec9ec71185e56330,BSE,SBI BSE Sensex Index Fund-Direct Plan-IDCW Payout (9003677),,SBI BSE Sensex Index Fund-Direct Plan-IDCW Payout (9003677),20-Sep-2026 12:56:41,https://www.bseindia.com/xml-data/corpfiling/AttachLive/747dec2c-e682-4cfe-ab20-e9c8e979fa93.pdf,SBIMF Fortnightly Portfolio 15092026,2026-09-20T08:44:54.060843+00:00,Other,MEDIUM
789d50504e87d36f,BSE,SBI Long Duration Fund - Direct Growth (9003676),,SBI Long Duration Fund - Direct Growth (9003676),20-Sep-2026 12:56:41,https://www.bseindia.com/xml-data/corpfiling/AttachLive/747dec2c-e682-4cfe-ab20-e9c8e979fa93.pdf,SBIMF Fortnightly Portfolio 15092026,2026-09-20T08:44:54.060859+00:00,Other,MEDIUM
7ae13103ab0ccb5e,BSE,SBI Fixed Maturity Plan (FMP) - Series 73 (1226 Days) Reg Growth (9003675),,SBI Fixed Maturity Plan (FMP) - Series 73 (1226 Days) Reg Growth (9003675),20-Sep-2026 12:56:41,https://www.bseindia.com/xml-data/corpfiling/AttachLive/747dec2c-e682-4cfe-ab20-e9c8e979fa93.pdf,SBIMF Fortnightly Portfolio 15092026,2026-09-20T08:44:54.060878+00:00,Other,MEDIUM
26c8fbf1a8a56f21,BSE,SBI Long Term Advantage Fund - Series I - Direct Plan - IDCW (9003674),,SBI Long Term Advantage Fund - Series I - Direct Plan - IDCW (9003674),20-Sep-2026 12:56:41,https://www.bseindia.com/xml-data/corpfiling/AttachLive/747dec2c-e682-4cfe-ab20-e9c8e979fa93.pdf,SBIMF Fortnightly Portfolio 15092026,2026-09-20T08:44:54.060897+00:00,Other,MEDIUM
738513609eec1507,BSE,SBI Long Term Advantage Fund - Series I - Regular - Growth (9003673),,SBI Long Term Advantage Fund - Series I - Regular - Growth (9003673),20-Sep-2026 12:56:41,https://www.bseindia.com/xml-data/corpfiling/AttachLive/747dec2c-e682-4cfe-ab20-e9c8e979fa93.pdf,SBIMF Fortnightly Portfolio 15092026,2026-09-20T08:44:54.060915+00:00,Other,MEDIUM
9e1bcf831aae15e3,BSE,SBI Contra Fund - Regular Plan - IDCW (9003672),,SBI Contra Fund - Regular Plan - IDCW (9003672),20-Sep-2026 12:56:41,https://www.bseindia.com/xml-data/corpfiling/AttachLive/747dec2c-e682-4cfe-ab20-e9c8e979fa93.pdf,SBIMF Fortnightly Portfolio 15092026,2026-09-20T08:44:54.060931+00:00,Other,MEDIUM
ea802e7eefe43c97,BSE,SBI Healthcare Opportunities Fund - Regular Plan - IDCW (9003671),,SBI Healthcare Opportunities Fund - Regular Plan - IDCW (9003671),20-Sep-2026 12:56:41,https://www.bseindia.com/xml-data/corpfiling/AttachLive/747dec2c-e682-4cfe-ab20-e9c8e979fa93.pdf,SBIMF Fortnightly Portfolio 15092026,2026-09-20T08:44:54.060949+00:00,Other,MEDIUM
93b70cfad0d2df72,BSE,SBI Technology Opportunities Fund - Regular Plan - IDCW (9003670),,SBI Technology Opportunities Fund - Regular Plan - IDCW (9003670),20-Sep-2026 12:56:41,https://www.bseindia.com/xml-data/corpfiling/AttachLive/747dec2c-e682-4cfe-ab20-e9c8e979fa93.pdf,SBIMF Fortnightly Portfolio 15092026,2026-09-20T08:44:54.060966+00:00,Other,MEDIUM
24c27bcb2142546c,BSE,SBI - Magnum Insta Cash Fund - IDCW (9003669),,SBI - Magnum Insta Cash Fund - IDCW (9003669),20-Sep-2026 12:56:41,https://www.bseindia.com/xml-data/corpfiling/AttachLive/747dec2c-e682-4cfe-ab20-e9c8e979fa93.pdf,SBIMF Fortnightly Portfolio 15092026,2026-09-20T08:44:54.060983+00:00,Other,MEDIUM
93c879cf0e285e64,BSE,SBI Equity Hybrid Fund - Regular Plan - IDCW (9003668),,SBI Equity Hybrid Fund - Regular Plan - IDCW (9003668),20-Sep-2026 12:56:41,https://www.bseindia.com/xml-data/corpfiling/AttachLive/747dec2c-e682-4cfe-ab20-e9c8e979fa93.pdf,SBIMF Fortnightly Portfolio 15092026,2026-09-20T08:44:54.060999+00:00,Other,MEDIUM
19ab94622aa7af48,BSE,SBI Conservative Hybrid Fund Regular Growth (9003667),,SBI Conservative Hybrid Fund Regular Growth (9003667),20-Sep-2026 12:56:41,https://www.bseindia.com/xml-data/corpfiling/AttachLive/747dec2c-e682-4cfe-ab20-e9c8e979fa93.pdf,SBIMF Fortnightly Portfolio 15092026,2026-09-20T08:44:54.061016+00:00,Other,MEDIUM
4f0f8cc8f1821aac,BSE,SBI Conservative Hybrid Fund Regular Annual IDCW (9003666),,SBI Conservative Hybrid Fund Regular Annual IDCW (9003666),20-Sep-2026 12:56:41,https://www.bseindia.com/xml-data/corpfiling/AttachLive/747dec2c-e682-4cfe-ab20-e9c8e979fa93.pdf,SBIMF Fortnightly Portfolio 15092026,2026-09-20T08:44:54.061033+00:00,Other,MEDIUM
b19da091c608712f,BSE,SBI Conservative Hybrid Fund Regular Quarterly IDCW (9003665),,SBI Conservative Hybrid Fund Regular Quarterly IDCW (9003665),20-Sep-2026 12:56:41,https://www.bseindia.com/xml-data/corpfiling/AttachLive/747dec2c-e682-4cfe-ab20-e9c8e979fa93.pdf,SBIMF Fortnightly Portfolio 15092026,2026-09-20T08:44:54.061050+00:00,Other,MEDIUM
e5a410a2ab388ad3,BSE,SBI Conservative Hybrid Fund Regular Monthly IDCW (9003664),,SBI Conservative Hybrid Fund Regular Monthly IDCW (9003664),20-Sep-2026 12:56:41,https://www.bseindia.com/xml-data/corpfiling/AttachLive/747dec2c-e682-4cfe-ab20-e9c8e979fa93.pdf,SBIMF Fortnightly Portfolio 15092026,2026-09-20T08:44:54.061067+00:00,Other,MEDIUM
a18c5bdd6c229aeb,BSE,SBI Credit Risk Fund Regular Growth (9003663),,SBI Credit Risk Fund Regular Growth (9003663),20-Sep-2026 12:56:41,https://www.bseindia.com/xml-data/corpfiling/AttachLive/747dec2c-e682-4cfe-ab20-e9c8e979fa93.pdf,SBIMF Fortnightly Portfolio 15092026,2026-09-20T08:44:54.061091+00:00,Other,MEDIUM
4369c5408c60dedb,BSE,SBI Magnum Gilt Fund Long Term Growth PF Fixed 1 Year (9003662),,SBI Magnum Gilt Fund Long Term Growth PF Fixed 1 Year (9003662),20-Sep-2026 12:56:41,https://www.bseindia.com/xml-data/corpfiling/AttachLive/747dec2c-e682-4cfe-ab20-e9c8e979fa93.pdf,SBIMF Fortnightly Portfolio 15092026,2026-09-20T08:44:54.061109+00:00,Other,MEDIUM
049cdcac42a69375,BSE,SBI Magnum Gilt Fund Long Term Growth PF Regular (9003661),,SBI Magnum Gilt Fund Long Term Growth PF Regular (9003661),20-Sep-2026 12:56:41,https://www.bseindia.com/xml-data/corpfiling/AttachLive/747dec2c-e682-4cfe-ab20-e9c8e979fa93.pdf,SBIMF Fortnightly Portfolio 15092026,2026-09-20T08:44:54.061126+00:00,Other,MEDIUM
a6df7da16d5c2f0b,BSE,SBI Energy Opportunities Fund - Regular Plan - IDCW Payout (9003660),,SBI Energy Opportunities Fund - Regular Plan - IDCW Payout (9003660),20-Sep-2026 12:56:41,https://www.bseindia.com/xml-data/corpfiling/AttachLive/747dec2c-e682-4cfe-ab20-e9c8e979fa93.pdf,SBIMF Fortnightly Portfolio 15092026,2026-09-20T08:44:54.061144+00:00,Other,MEDIUM
10885359ddd1906e,BSE,SBI Fixed Maturity Plan (FMP) - Series 73 (1226 Days) Direct Plan - IDCW (9003659),,SBI Fixed Maturity Plan (FMP) - Series 73 (1226 Days) Direct Plan - IDCW (9003659),20-Sep-2026 12:56:41,https://www.bseindia.com/xml-data/corpfiling/AttachLive/747dec2c-e682-4cfe-ab20-e9c8e979fa93.pdf,SBIMF Fortnightly Portfolio 15092026,2026-09-20T08:44:54.061183+00:00,Other,MEDIUM
f99c32e73aee3b0a,BSE,SBI Magnum Gilt Fund Regular Growth (9003658),,SBI Magnum Gilt Fund Regular Growth (9003658),20-Sep-2026 12:56:41,https://www.bseindia.com/xml-data/corpfiling/AttachLive/747dec2c-e682-4cfe-ab20-e9c8e979fa93.pdf,SBIMF Fortnightly Portfolio 15092026,2026-09-20T08:44:54.061200+00:00,Other,MEDIUM
f3bd4933c7f1d4ba,BSE,SBI Magnum Gilt Fund - Long Term IDCW PF Fix 3 Years (9003657),,SBI Magnum Gilt Fund - Long Term IDCW PF Fix 3 Years (9003657),20-Sep-2026 12:56:41,https://www.bseindia.com/xml-data/corpfiling/AttachLive/747dec2c-e682-4cfe-ab20-e9c8e979fa93.pdf,SBIMF Fortnightly Portfolio 15092026,2026-09-20T08:44:54.061217+00:00,Other,MEDIUM
1633764ce94bd4a0,BSE,SBI Focused Equity Fund - Regular Plan - IDCW (9003656),,SBI Focused Equity Fund - Regular Plan - IDCW (9003656),20-Sep-2026 12:56:41,https://www.bseindia.com/xml-data/corpfiling/AttachLive/747dec2c-e682-4cfe-ab20-e9c8e979fa93.pdf,SBIMF Fortnightly Portfolio 15092026,2026-09-20T08:44:54.061234+00:00,Other,MEDIUM
7df40d9931e7dd95,BSE,SBI Focused Equity Fund Regular Growth (9003655),,SBI Focused Equity Fund Regular Growth (9003655),20-Sep-2026 12:56:41,https://www.bseindia.com/xml-data/corpfiling/AttachLive/747dec2c-e682-4cfe-ab20-e9c8e979fa93.pdf,SBIMF Fortnightly Portfolio 15092026,2026-09-20T08:44:54.061253+00:00,Other,MEDIUM
fc71d7cd7c665e96,BSE,SBI Nifty Smallcap 250 ETF,544763,SBIMF Fortnightly Portfolio 15092026,20-Sep-2026 12:56:41,https://www.bseindia.com/xml-data/corpfiling/AttachLive/747dec2c-e682-4cfe-ab20-e9c8e979fa93.pdf,SBIMF Fortnightly Portfolio 15092026,2026-09-20T08:44:54.061273+00:00,Other,MEDIUM
d387c86c97972a46,BSE,SBI Nifty200 Value 30 ETF,544762,SBIMF Fortnightly Portfolio 15092026,20-Sep-2026 12:56:41,https://www.bseindia.com/xml-data/corpfiling/AttachLive/747dec2c-e682-4cfe-ab20-e9c8e979fa93.pdf,SBIMF Fortnightly Portfolio 15092026,2026-09-20T08:44:54.061293+00:00,Other,MEDIUM
6d8f386968c751f6,BSE,SBI Nifty Midcap 150 ETF,544745,SBIMF Fortnightly Portfolio 15092026,20-Sep-2026 12:56:41,https://www.bseindia.com/xml-data/corpfiling/AttachLive/747dec2c-e682-4cfe-ab20-e9c8e979fa93.pdf,SBIMF Fortnightly Portfolio 15092026,2026-09-20T08:44:54.061312+00:00,Other,MEDIUM
d9a23594588c1609,BSE,SBI Nifty Midcap 150 Momentum 50 ETF,544722,SBIMF Fortnightly Portfolio 15092026,20-Sep-2026 12:56:41,https://www.bseindia.com/xml-data/corpfiling/AttachLive/747dec2c-e682-4cfe-ab20-e9c8e979fa93.pdf,SBIMF Fortnightly Portfolio 15092026,2026-09-20T08:44:54.061332+00:00,Other,MEDIUM
62096a86b28b296f,BSE,SBI Mutual Fund,544593,SBIMF Fortnightly Portfolio 15092026,20-Sep-2026 12:56:41,https://www.bseindia.com/xml-data/corpfiling/AttachLive/747dec2c-e682-4cfe-ab20-e9c8e979fa93.pdf,SBIMF Fortnightly Portfolio 15092026,2026-09-20T08:44:54.061349+00:00,Other,MEDIUM
7c39df544a01397d,BSE,SBI Mutual Fund,544592,SBIMF Fortnightly Portfolio 15092026,20-Sep-2026 12:56:41,https://www.bseindia.com/xml-data/corpfiling/AttachLive/747dec2c-e682-4cfe-ab20-e9c8e979fa93.pdf,SBIMF Fortnightly Portfolio 15092026,2026-09-20T08:44:54.061365+00:00,Other,MEDIUM
096d6c3154893ec5,BSE,SBI Mutual Fund,544591,SBIMF Fortnightly Portfolio 15092026,20-Sep-2026 12:56:41,https://www.bseindia.com/xml-data/corpfiling/AttachLive/747dec2c-e682-4cfe-ab20-e9c8e979fa93.pdf,SBIMF Fortnightly Portfolio 15092026,2026-09-20T08:44:54.061382+00:00,Other,MEDIUM
6d4c9a5d9cd18f2d,BSE,SBI Mutual Fund,544590,SBIMF Fortnightly Portfolio 15092026,20-Sep-2026 12:56:40,https://www.bseindia.com/xml-data/corpfiling/AttachLive/747dec2c-e682-4cfe-ab20-e9c8e979fa93.pdf,SBIMF Fortnightly Portfolio 15092026,2026-09-20T08:44:54.061398+00:00,Other,MEDIUM
3abb8d4d3f51026f,BSE,SBI Mutual Fund,544589,SBIMF Fortnightly Portfolio 15092026,20-Sep-2026 12:56:40,https://www.bseindia.com/xml-data/corpfiling/AttachLive/747dec2c-e682-4cfe-ab20-e9c8e979fa93.pdf,SBIMF Fortnightly Portfolio 15092026,2026-09-20T08:44:54.061414+00:00,Other,MEDIUM
2deac5aa19dc90cb,BSE,SBI Mutual Fund,544588,SBIMF Fortnightly Portfolio 15092026,20-Sep-2026 12:56:40,https://www.bseindia.com/xml-data/corpfiling/AttachLive/747dec2c-e682-4cfe-ab20-e9c8e979fa93.pdf,SBIMF Fortnightly Portfolio 15092026,2026-09-20T08:44:54.061430+00:00,Other,MEDIUM
3b7629c35864b25a,BSE,SBI NIFTY 1D RATE LIQUID ETF- GROWTH,544478,SBIMF Fortnightly Portfolio 15092026,20-Sep-2026 12:56:40,https://www.bseindia.com/xml-data/corpfiling/AttachLive/747dec2c-e682-4cfe-ab20-e9c8e979fa93.pdf,SBIMF Fortnightly Portfolio 15092026,2026-09-20T08:44:54.061449+00:00,Other,MEDIUM
7791cd916d58bba5,BSE,SBI BSE PSU BANK ETF,544385,SBIMF Fortnightly Portfolio 15092026,20-Sep-2026 12:56:40,https://www.bseindia.com/xml-data/corpfiling/AttachLive/747dec2c-e682-4cfe-ab20-e9c8e979fa93.pdf,SBIMF Fortnightly Portfolio 15092026,2026-09-20T08:44:54.061467+00:00,Other,MEDIUM
11745c364c07a834,BSE,SBI NIFTY50 EQUAL WEIGHT ETF,544215,SBIMF Fortnightly Portfolio 15092026,20-Sep-2026 12:56:40,https://www.bseindia.com/xml-data/corpfiling/AttachLive/747dec2c-e682-4cfe-ab20-e9c8e979fa93.pdf,SBIMF Fortnightly Portfolio 15092026,2026-09-20T08:44:54.061485+00:00,Other,MEDIUM
1d3760ab95a3db5e,BSE,SBI SILVER ETF,544206,SBIMF Fortnightly Portfolio 15092026,20-Sep-2026 12:56:40,https://www.bseindia.com/xml-data/corpfiling/AttachLive/747dec2c-e682-4cfe-ab20-e9c8e979fa93.pdf,SBIMF Fortnightly Portfolio 15092026,2026-09-20T08:44:54.061501+00:00,Other,MEDIUM
ed238a8b180a97f2,BSE,SBI Fixed Maturity Plan (FMP) - Series 92 (91 Days) - Direct Plan - IDCW Payout,544116,SBIMF Fortnightly Portfolio 15092026,20-Sep-2026 12:56:40,https://www.bseindia.com/xml-data/corpfiling/AttachLive/747dec2c-e682-4cfe-ab20-e9c8e979fa93.pdf,SBIMF Fortnightly Portfolio 15092026,2026-09-20T08:44:54.061523+00:00,Other,MEDIUM
751c39aae524734e,BSE,SBI Fixed Maturity Plan (FMP) - Series 92 (91 Days) - Direct Plan - Growth,544115,SBIMF Fortnightly Portfolio 15092026,20-Sep-2026 12:56:40,https://www.bseindia.com/xml-data/corpfiling/AttachLive/747dec2c-e682-4cfe-ab20-e9c8e979fa93.pdf,SBIMF Fortnightly Portfolio 15092026,2026-09-20T08:44:54.061546+00:00,Other,MEDIUM
7dfaa275d5b00ba7,BSE,SBI Fixed Maturity Plan (FMP) - Series 92 (91 Days) - Regular Plan - IDCW Payout,544114,SBIMF Fortnightly Portfolio 15092026,20-Sep-2026 12:56:40,https://www.bseindia.com/xml-data/corpfiling/AttachLive/747dec2c-e682-4cfe-ab20-e9c8e979fa93.pdf,SBIMF Fortnightly Portfolio 15092026,2026-09-20T08:44:54.061568+00:00,Other,MEDIUM
3ce50d0937b5500a,BSE,SBI Fixed Maturity Plan (FMP) - Series 92 (91 Days) - Regular Plan - Growth,544113,SBIMF Fortnightly Portfolio 15092026,20-Sep-2026 12:56:40,https://www.bseindia.com/xml-data/corpfiling/AttachLive/747dec2c-e682-4cfe-ab20-e9c8e979fa93.pdf,SBIMF Fortnightly Portfolio 15092026,2026-09-20T08:44:54.061590+00:00,Other,MEDIUM
018f595f25e04a27,BSE,SBI Fixed Maturity Plan (FMP) - Series 91 (90 Days) - Direct Plan - IDCW Payout,544078,SBIMF Fortnightly Portfolio 15092026,20-Sep-2026 12:56:40,https://www.bseindia.com/xml-data/corpfiling/AttachLive/747dec2c-e682-4cfe-ab20-e9c8e979fa93.pdf,SBIMF Fortnightly Portfolio 15092026,2026-09-20T08:44:54.061614+00:00,Other,MEDIUM
cc78f6a9027409f2,BSE,SBI Fixed Maturity Plan (FMP) - Series 91 (90 Days) - Direct Plan - Growth,544077,SBIMF Fortnightly Portfolio 15092026,20-Sep-2026 12:56:40,https://www.bseindia.com/xml-data/corpfiling/AttachLive/747dec2c-e682-4cfe-ab20-e9c8e979fa93.pdf,SBIMF Fortnightly Portfolio 15092026,2026-09-20T08:44:54.061636+00:00,Other,MEDIUM
3521714685b4c11d,BSE,SBI Fixed Maturity Plan (FMP) - Series 91 (90 Days) - Regular Plan - IDCW Payout,544076,SBIMF Fortnightly Portfolio 15092026,20-Sep-2026 12:56:40,https://www.bseindia.com/xml-data/corpfiling/AttachLive/747dec2c-e682-4cfe-ab20-e9c8e979fa93.pdf,SBIMF Fortnightly Portfolio 15092026,2026-09-20T08:44:54.061657+00:00,Other,MEDIUM
9a2e4c0f9f9b495b,BSE,SBI Fixed Maturity Plan (FMP) - Series 91 (90 Days)- Regular Plan - Growth,544075,SBIMF Fortnightly Portfolio 15092026,20-Sep-2026 12:56:40,https://www.bseindia.com/xml-data/corpfiling/AttachLive/747dec2c-e682-4cfe-ab20-e9c8e979fa93.pdf,SBIMF Fortnightly Portfolio 15092026,2026-09-20T08:44:54.061679+00:00,Other,MEDIUM
bf86cf4f80d29fde,BSE,SBI NIFTY 1D Rate ETF,544010,SBIMF Fortnightly Portfolio 15092026,20-Sep-2026 12:56:40,https://www.bseindia.com/xml-data/corpfiling/AttachLive/747dec2c-e682-4cfe-ab20-e9c8e979fa93.pdf,SBIMF Fortnightly Portfolio 15092026,2026-09-20T08:44:54.061700+00:00,Other,MEDIUM
14fbbfb7ade67bf4,BSE,SBI Fixed Maturity Plan (FMP) - Series 81 (1157 Days) - Direct Plan - IDCW Payout,543886,SBIMF Fortnightly Portfolio 15092026,20-Sep-2026 12:56:40,https://www.bseindia.com/xml-data/corpfiling/AttachLive/747dec2c-e682-4cfe-ab20-e9c8e979fa93.pdf,SBIMF Fortnightly Portfolio 15092026,2026-09-20T08:44:54.061722+00:00,Other,MEDIUM
7c1706f6bba89c9c,BSE,SBI Fixed Maturity Plan (FMP) - Series 81 (1157 Days) - Direct Plan - Growth,543885,SBIMF Fortnightly Portfolio 15092026,20-Sep-2026 12:56:40,https://www.bseindia.com/xml-data/corpfiling/AttachLive/747dec2c-e682-4cfe-ab20-e9c8e979fa93.pdf,SBIMF Fortnightly Portfolio 15092026,2026-09-20T08:44:54.061743+00:00,Other,MEDIUM
9ec23ddfa99839a9,BSE,SBI Fixed Maturity Plan (FMP) - Series 81 (1157 Days) - Regular Plan - IDCW Payout,543884,SBIMF Fortnightly Portfolio 15092026,20-Sep-2026 12:56:40,https://www.bseindia.com/xml-data/corpfiling/AttachLive/747dec2c-e682-4cfe-ab20-e9c8e979fa93.pdf,SBIMF Fortnightly Portfolio 15092026,2026-09-20T08:44:54.061765+00:00,Other,MEDIUM
3aaa514c9d3e0599,BSE,SBI Fixed Maturity Plan (FMP) - Series 81 (1157 Days) - Regular Plan - Growth,543883,SBIMF Fortnightly Portfolio 15092026,20-Sep-2026 12:56:40,https://www.bseindia.com/xml-data/corpfiling/AttachLive/747dec2c-e682-4cfe-ab20-e9c8e979fa93.pdf,SBIMF Fortnightly Portfolio 15092026,2026-09-20T08:44:54.061787+00:00,Other,MEDIUM
bf66f23c8ade9605,BSE,SBI Fixed Maturity Plan (FMP) - Series 82 (91 Days) - Direct Plan - IDCW Payout,543868,SBIMF Fortnightly Portfolio 15092026,20-Sep-2026 12:56:40,https://www.bseindia.com/xml-data/corpfiling/AttachLive/747dec2c-e682-4cfe-ab20-e9c8e979fa93.pdf,SBIMF Fortnightly Portfolio 15092026,2026-09-20T08:44:54.061809+00:00,Other,MEDIUM
67cd240ddef775e6,BSE,SBI Fixed Maturity Plan (FMP) - Series 82 (91 Days) -  Direct Plan - Growth,543867,SBIMF Fortnightly Portfolio 15092026,20-Sep-2026 12:56:40,https://www.bseindia.com/xml-data/corpfiling/AttachLive/747dec2c-e682-4cfe-ab20-e9c8e979fa93.pdf,SBIMF Fortnightly Portfolio 15092026,2026-09-20T08:44:54.061832+00:00,Other,MEDIUM
b8b9f2eae96da7d9,BSE,SBI Fixed Maturity Plan (FMP) - Series 82 (91 Days) - Regular Plan - IDCW Payout,543866,SBIMF Fortnightly Portfolio 15092026,20-Sep-2026 12:56:40,https://www.bseindia.com/xml-data/corpfiling/AttachLive/747dec2c-e682-4cfe-ab20-e9c8e979fa93.pdf,SBIMF Fortnightly Portfolio 15092026,2026-09-20T08:44:54.061854+00:00,Other,MEDIUM
bd3f8f0c9850dc93,BSE,SBI Fixed Maturity Plan (FMP) - Series 82 (91 Days)- Regular Plan - Growth,543865,SBIMF Fortnightly Portfolio 15092026,20-Sep-2026 12:56:40,https://www.bseindia.com/xml-data/corpfiling/AttachLive/747dec2c-e682-4cfe-ab20-e9c8e979fa93.pdf,SBIMF Fortnightly Portfolio 15092026,2026-09-20T08:44:54.061876+00:00,Other,MEDIUM
3142f7422ea8adc8,BSE,SBI Fixed Maturity Plan (FMP) - Series 80 (366 Days) - Direct Plan - IDCW Payout,543847,SBIMF Fortnightly Portfolio 15092026,20-Sep-2026 12:56:40,https://www.bseindia.com/xml-data/corpfiling/AttachLive/747dec2c-e682-4cfe-ab20-e9c8e979fa93.pdf,SBIMF Fortnightly Portfolio 15092026,2026-09-20T08:44:54.061898+00:00,Other,MEDIUM
edae0abaa657baad,BSE,SBI Fixed Maturity Plan (FMP) - Series 80 (366 Days) - Direct Plan - Growth,543846,SBIMF Fortnightly Portfolio 15092026,20-Sep-2026 12:56:40,https://www.bseindia.com/xml-data/corpfiling/AttachLive/747dec2c-e682-4cfe-ab20-e9c8e979fa93.pdf,SBIMF Fortnightly Portfolio 15092026,2026-09-20T08:44:54.061920+00:00,Other,MEDIUM
2a3294ee6c3919fe,BSE,SBI Fixed Maturity Plan (FMP) - Series 80 (366 Days) - Regular Plan - IDCW Payout,543845,SBIMF Fortnightly Portfolio 15092026,20-Sep-2026 12:56:40,https://www.bseindia.com/xml-data/corpfiling/AttachLive/747dec2c-e682-4cfe-ab20-e9c8e979fa93.pdf,SBIMF Fortnightly Portfolio 15092026,2026-09-20T08:44:54.061942+00:00,Other,MEDIUM
b45f8a94362a1c70,BSE,SBI Fixed Maturity Plan (FMP) - Series 80 (366 Days) - Regular Plan - Growth,543844,SBIMF Fortnightly Portfolio 15092026,20-Sep-2026 12:56:40,https://www.bseindia.com/xml-data/corpfiling/AttachLive/747dec2c-e682-4cfe-ab20-e9c8e979fa93.pdf,SBIMF Fortnightly Portfolio 15092026,2026-09-20T08:44:54.061963+00:00,Other,MEDIUM
6a519e422fba54ac,BSE,SBI Fixed Maturity Plan (FMP) - Series 79 (1130 Days) - Direct Plan - IDCW Payout,543827,SBIMF Fortnightly Portfolio 15092026,20-Sep-2026 12:56:40,https://www.bseindia.com/xml-data/corpfiling/AttachLive/747dec2c-e682-4cfe-ab20-e9c8e979fa93.pdf,SBIMF Fortnightly Portfolio 15092026,2026-09-20T08:44:54.061985+00:00,Other,MEDIUM
6148c7dbe87f2f8a,BSE,SBI Fixed Maturity Plan (FMP) - Series 79 (1130 Days) - Direct Plan - Growth,543826,SBIMF Fortnightly Portfolio 15092026,20-Sep-2026 12:56:40,https://www.bseindia.com/xml-data/corpfiling/AttachLive/747dec2c-e682-4cfe-ab20-e9c8e979fa93.pdf,SBIMF Fortnightly Portfolio 15092026,2026-09-20T08:44:54.062006+00:00,Other,MEDIUM
d13afdb2c8edc74c,BSE,SBI Fixed Maturity Plan (FMP) - Series 79 (1130 Days) - Regular Plan - IDCW Payout,543825,SBIMF Fortnightly Portfolio 15092026,20-Sep-2026 12:56:40,https://www.bseindia.com/xml-data/corpfiling/AttachLive/747dec2c-e682-4cfe-ab20-e9c8e979fa93.pdf,SBIMF Fortnightly Portfolio 15092026,2026-09-20T08:44:54.062028+00:00,Other,MEDIUM
6ad93149581d0d6d,BSE,SBI Fixed Maturity Plan (FMP) - Series 79 (1130 Days) - Regular Plan - Growth,543824,SBIMF Fortnightly Portfolio 15092026,20-Sep-2026 12:56:40,https://www.bseindia.com/xml-data/corpfiling/AttachLive/747dec2c-e682-4cfe-ab20-e9c8e979fa93.pdf,SBIMF Fortnightly Portfolio 15092026,2026-09-20T08:44:54.062050+00:00,Other,MEDIUM
76fe2902284d6b0f,BSE,SBI Fixed Maturity Plan (FMP) - Series 78 (1170 Days) - Direct Plan - IDCW Payout,543786,SBIMF Fortnightly Portfolio 15092026,20-Sep-2026 12:56:40,https://www.bseindia.com/xml-data/corpfiling/AttachLive/747dec2c-e682-4cfe-ab20-e9c8e979fa93.pdf,SBIMF Fortnightly Portfolio 15092026,2026-09-20T08:44:54.062072+00:00,Other,MEDIUM
ebcb7ea7c11599d2,BSE,SBI Fixed Maturity Plan (FMP) - Series 78 (1170 Days) - Direct Plan - Growth,543785,SBIMF Fortnightly Portfolio 15092026,20-Sep-2026 12:56:40,https://www.bseindia.com/xml-data/corpfiling/AttachLive/747dec2c-e682-4cfe-ab20-e9c8e979fa93.pdf,SBIMF Fortnightly Portfolio 15092026,2026-09-20T08:44:54.062102+00:00,Other,MEDIUM
344e4425f4511664,BSE,SBI Fixed Maturity Plan (FMP) - Series 78 (1170 Days) - Regular Plan - IDCW Payout,543784,SBIMF Fortnightly Portfolio 15092026,20-Sep-2026 12:56:40,https://www.bseindia.com/xml-data/corpfiling/AttachLive/747dec2c-e682-4cfe-ab20-e9c8e979fa93.pdf,SBIMF Fortnightly Portfolio 15092026,2026-09-20T08:44:54.062127+00:00,Other,MEDIUM
87b3cf4f1f9cf7a2,BSE,SBI Fixed Maturity Plan (FMP) - Series 78 (1170 Days) - Regular Plan - Growth,543783,SBIMF Fortnightly Portfolio 15092026,20-Sep-2026 12:56:40,https://www.bseindia.com/xml-data/corpfiling/AttachLive/747dec2c-e682-4cfe-ab20-e9c8e979fa93.pdf,SBIMF Fortnightly Portfolio 15092026,2026-09-20T08:44:54.062148+00:00,Other,MEDIUM
bc1cafba87326b7c,BSE,SBI Fixed Maturity Plan (FMP) - Series 77 (366 Days) - Direct Plan - IDCW Payout,543780,SBIMF Fortnightly Portfolio 15092026,20-Sep-2026 12:56:40,https://www.bseindia.com/xml-data/corpfiling/AttachLive/747dec2c-e682-4cfe-ab20-e9c8e979fa93.pdf,SBIMF Fortnightly Portfolio 15092026,2026-09-20T08:44:54.062170+00:00,Other,MEDIUM
7c278ed1e501ea67,BSE,SBI Fixed Maturity Plan (FMP) - Series 77 (366 Days) - Direct Plan - Growth,543779,SBIMF Fortnightly Portfolio 15092026,20-Sep-2026 12:56:40,https://www.bseindia.com/xml-data/corpfiling/AttachLive/747dec2c-e682-4cfe-ab20-e9c8e979fa93.pdf,SBIMF Fortnightly Portfolio 15092026,2026-09-20T08:44:54.062191+00:00,Other,MEDIUM
3b77a935a31d80fe,BSE,SBI Fixed Maturity Plan (FMP) - Series 77 (366 Days) - Regular Plan - IDCW Payout,543778,SBIMF Fortnightly Portfolio 15092026,20-Sep-2026 12:56:40,https://www.bseindia.com/xml-data/corpfiling/AttachLive/747dec2c-e682-4cfe-ab20-e9c8e979fa93.pdf,SBIMF Fortnightly Portfolio 15092026,2026-09-20T08:44:54.062213+00:00,Other,MEDIUM
fb41c318d24c18f2,BSE,SBI Fixed Maturity Plan (FMP) - Series 77 (366 Days) - Regular Plan - Growth,543777,SBIMF Fortnightly Portfolio 15092026,20-Sep-2026 12:56:40,https://www.bseindia.com/xml-data/corpfiling/AttachLive/747dec2c-e682-4cfe-ab20-e9c8e979fa93.pdf,SBIMF Fortnightly Portfolio 15092026,2026-09-20T08:44:54.062234+00:00,Other,MEDIUM
17aeb4ddbef8493e,BSE,SBI Fixed Maturity Plan (FMP) - Series 76 (1221 Days)  - Direct Plan - IDCW Payout,543758,SBIMF Fortnightly Portfolio 15092026,20-Sep-2026 12:56:40,https://www.bseindia.com/xml-data/corpfiling/AttachLive/747dec2c-e682-4cfe-ab20-e9c8e979fa93.pdf,SBIMF Fortnightly Portfolio 15092026,2026-09-20T08:44:54.062256+00:00,Other,MEDIUM
0f92aee77385b856,BSE,SBI Fixed Maturity Plan (FMP) - Series 76 (1221 Days) - Direct Plan - Growth,543757,SBIMF Fortnightly Portfolio 15092026,20-Sep-2026 12:56:40,https://www.bseindia.com/xml-data/corpfiling/AttachLive/747dec2c-e682-4cfe-ab20-e9c8e979fa93.pdf,SBIMF Fortnightly Portfolio 15092026,2026-09-20T08:44:54.062280+00:00,Other,MEDIUM
32ac95845f056602,BSE,SBI Fixed Maturity Plan (FMP) - Series 76 (1221 Days) - Regular Plan - IDCW Payout,543756,SBIMF Fortnightly Portfolio 15092026,20-Sep-2026 12:56:40,https://www.bseindia.com/xml-data/corpfiling/AttachLive/747dec2c-e682-4cfe-ab20-e9c8e979fa93.pdf,SBIMF Fortnightly Portfolio 15092026,2026-09-20T08:44:54.062302+00:00,Other,MEDIUM
ef71ee60f849516a,BSE,SBI Fixed Maturity Plan (FMP) - Series 76 (1221 Days) - Regular Plan - Growth,543755,SBIMF Fortnightly Portfolio 15092026,20-Sep-2026 12:56:40,https://www.bseindia.com/xml-data/corpfiling/AttachLive/747dec2c-e682-4cfe-ab20-e9c8e979fa93.pdf,SBIMF Fortnightly Portfolio 15092026,2026-09-20T08:44:54.062353+00:00,Other,MEDIUM
def2c56db2aab8ee,BSE,SBI Fixed Maturity Plan (FMP) - Series 69 (367 Days) - Direct Plan - IDCW Payout,543649,SBIMF Fortnightly Portfolio 15092026,20-Sep-2026 12:56:40,https://www.bseindia.com/xml-data/corpfiling/AttachLive/747dec2c-e682-4cfe-ab20-e9c8e979fa93.pdf,SBIMF Fortnightly Portfolio 15092026,2026-09-20T08:44:54.062376+00:00,Other,MEDIUM
a9ff6ab996451c00,BSE,SBI Fixed Maturity Plan (FMP) - Series 69 (367 Days) -  Direct Plan - Growth,543648,SBIMF Fortnightly Portfolio 15092026,20-Sep-2026 12:56:40,https://www.bseindia.com/xml-data/corpfiling/AttachLive/747dec2c-e682-4cfe-ab20-e9c8e979fa93.pdf,SBIMF Fortnightly Portfolio 15092026,2026-09-20T08:44:54.062398+00:00,Other,MEDIUM
be2eba8af4d0b133,BSE,SBI Fixed Maturity Plan (FMP) - Series 69 (367 Days) -  Regular Plan - IDCW Payout,543647,SBIMF Fortnightly Portfolio 15092026,20-Sep-2026 12:56:40,https://www.bseindia.com/xml-data/corpfiling/AttachLive/747dec2c-e682-4cfe-ab20-e9c8e979fa93.pdf,SBIMF Fortnightly Portfolio 15092026,2026-09-20T08:44:54.062420+00:00,Other,MEDIUM
58b1bb5477914b2d,BSE,SBI Fixed Maturity Plan (FMP) - Series 69 (367 Days) - Regular Plan - Growth,543646,SBIMF Fortnightly Portfolio 15092026,20-Sep-2026 12:56:40,https://www.bseindia.com/xml-data/corpfiling/AttachLive/747dec2c-e682-4cfe-ab20-e9c8e979fa93.pdf,SBIMF Fortnightly Portfolio 15092026,2026-09-20T08:44:54.062442+00:00,Other,MEDIUM
61cebe12e9a64ff3,BSE,SBI Fixed Maturity Plan (FMP) - Series 68 (1302 Days) - Direct Plan - IDCW Payout,543612,SBIMF Fortnightly Portfolio 15092026,20-Sep-2026 12:56:40,https://www.bseindia.com/xml-data/corpfiling/AttachLive/747dec2c-e682-4cfe-ab20-e9c8e979fa93.pdf,SBIMF Fortnightly Portfolio 15092026,2026-09-20T08:44:54.062467+00:00,Other,MEDIUM
d36ad4886cf93942,BSE,SBI Fixed Maturity Plan (FMP) - Series 68 (1302 Days) - Direct Plan - Growth,543611,SBIMF Fortnightly Portfolio 15092026,20-Sep-2026 12:56:40,https://www.bseindia.com/xml-data/corpfiling/AttachLive/747dec2c-e682-4cfe-ab20-e9c8e979fa93.pdf,SBIMF Fortnightly Portfolio 15092026,2026-09-20T08:44:54.062488+00:00,Other,MEDIUM
f7e7fac7b652fd44,BSE,SBI Fixed Maturity Plan (FMP) - Series 68 (1302 Days) - Regular Plan - IDCW Payout,543610,SBIMF Fortnightly Portfolio 15092026,20-Sep-2026 12:56:40,https://www.bseindia.com/xml-data/corpfiling/AttachLive/747dec2c-e682-4cfe-ab20-e9c8e979fa93.pdf,SBIMF Fortnightly Portfolio 15092026,2026-09-20T08:44:54.062511+00:00,Other,MEDIUM
1cc6ddb61059a760,BSE,SBI Fixed Maturity Plan (FMP) - Series 68 (1302 Days) - Regular Plan - Growth,543609,SBIMF Fortnightly Portfolio 15092026,20-Sep-2026 12:56:40,https://www.bseindia.com/xml-data/corpfiling/AttachLive/747dec2c-e682-4cfe-ab20-e9c8e979fa93.pdf,SBIMF Fortnightly Portfolio 15092026,2026-09-20T08:44:54.062533+00:00,Other,MEDIUM
710723621b783c07,BSE,SBI Fixed Maturity Plan (FMP) - Series 67 (1467 Days) - Direct Plan - IDCW Payout,543567,SBIMF Fortnightly Portfolio 15092026,20-Sep-2026 12:56:40,https://www.bseindia.com/xml-data/corpfiling/AttachLive/747dec2c-e682-4cfe-ab20-e9c8e979fa93.pdf,SBIMF Fortnightly Portfolio 15092026,2026-09-20T08:44:54.062555+00:00,Other,MEDIUM
c5416e06f00af33a,BSE,SBI Fixed Maturity Plan (FMP) - Series 67 (1467 Days) - Direct Plan - Growth,543566,SBIMF Fortnightly Portfolio 15092026,20-Sep-2026 12:56:40,https://www.bseindia.com/xml-data/corpfiling/AttachLive/747dec2c-e682-4cfe-ab20-e9c8e979fa93.pdf,SBIMF Fortnightly Portfolio 15092026,2026-09-20T08:44:54.062577+00:00,Other,MEDIUM
2d7a9d4bdcab539d,BSE,SBI Fixed Maturity Plan (FMP) - Series 67 (1467 Days) - Regular Plan - IDCW Payout,543565,SBIMF Fortnightly Portfolio 15092026,20-Sep-2026 12:56:40,https://www.bseindia.com/xml-data/corpfiling/AttachLive/747dec2c-e682-4cfe-ab20-e9c8e979fa93.pdf,SBIMF Fortnightly Portfolio 15092026,2026-09-20T08:44:54.062601+00:00,Other,MEDIUM
ef0bb54a2412e13d,BSE,SBI Fixed Maturity Plan (FMP) - Series 67 (1467 Days)- Regular Plan - Growth,543564,SBIMF Fortnightly Portfolio 15092026,20-Sep-2026 12:56:40,https://www.bseindia.com/xml-data/corpfiling/AttachLive/747dec2c-e682-4cfe-ab20-e9c8e979fa93.pdf,SBIMF Fortnightly Portfolio 15092026,2026-09-20T08:44:54.062623+00:00,Other,MEDIUM
0ddf594615a3e8dd,BSE,SBI Fixed Maturity Plan (FMP) - Series 66 (1361 Days) - Direct Plan - IDCW Payout,543551,SBIMF Fortnightly Portfolio 15092026,20-Sep-2026 12:56:40,https://www.bseindia.com/xml-data/corpfiling/AttachLive/747dec2c-e682-4cfe-ab20-e9c8e979fa93.pdf,SBIMF Fortnightly Portfolio 15092026,2026-09-20T08:44:54.062645+00:00,Other,MEDIUM
6f435dbf1537f930,BSE,SBI Fixed Maturity Plan (FMP) - Series 66 (1361 Days) -Direct Plan - Growth,543550,SBIMF Fortnightly Portfolio 15092026,20-Sep-2026 12:56:40,https://www.bseindia.com/xml-data/corpfiling/AttachLive/747dec2c-e682-4cfe-ab20-e9c8e979fa93.pdf,SBIMF Fortnightly Portfolio 15092026,2026-09-20T08:44:54.062667+00:00,Other,MEDIUM
c04ef869a4d9ebdd,BSE,SBI Fixed Maturity Plan (FMP) - Series 66 (1361 Days)-Regular Plan - IDCW Payout,543549,SBIMF Fortnightly Portfolio 15092026,20-Sep-2026 12:56:40,https://www.bseindia.com/xml-data/corpfiling/AttachLive/747dec2c-e682-4cfe-ab20-e9c8e979fa93.pdf,SBIMF Fortnightly Portfolio 15092026,2026-09-20T08:44:54.062689+00:00,Other,MEDIUM
db14b5b3f4200782,BSE,SBI Fixed Maturity Plan (FMP) - Series 66 (1361 Days)- Regular Plan - Growth,543548,SBIMF Fortnightly Portfolio 15092026,20-Sep-2026 12:56:40,https://www.bseindia.com/xml-data/corpfiling/AttachLive/747dec2c-e682-4cfe-ab20-e9c8e979fa93.pdf,SBIMF Fortnightly Portfolio 15092026,2026-09-20T08:44:54.062711+00:00,Other,MEDIUM
8b4e468cb7d20e5c,BSE,SBI Fixed Maturity Plan (FMP) - Series 60 (1878 Days) - Direct Plan - IDCW Payout,543469,SBIMF Fortnightly Portfolio 15092026,20-Sep-2026 12:56:40,https://www.bseindia.com/xml-data/corpfiling/AttachLive/747dec2c-e682-4cfe-ab20-e9c8e979fa93.pdf,SBIMF Fortnightly Portfolio 15092026,2026-09-20T08:44:54.062732+00:00,Other,MEDIUM
5cd91592c8b11178,BSE,SBI Fixed Maturity Plan (FMP) - Series 60 (1878 Days)- Direct Plan - Growth,543468,SBIMF Fortnightly Portfolio 15092026,20-Sep-2026 12:56:40,https://www.bseindia.com/xml-data/corpfiling/AttachLive/747dec2c-e682-4cfe-ab20-e9c8e979fa93.pdf,SBIMF Fortnightly Portfolio 15092026,2026-09-20T08:44:54.062754+00:00,Other,MEDIUM
d72830436b1a17fe,BSE,SBI Fixed Maturity Plan (FMP) - Series 60 (1878 Days)- Regular Plan - IDCW Payout,543467,SBIMF Fortnightly Portfolio 15092026,20-Sep-2026 12:56:40,https://www.bseindia.com/xml-data/corpfiling/AttachLive/747dec2c-e682-4cfe-ab20-e9c8e979fa93.pdf,SBIMF Fortnightly Portfolio 15092026,2026-09-20T08:44:54.062776+00:00,Other,MEDIUM
b4af633440ede0dc,BSE,SBI Fixed Maturity Plan (FMP) - Series 60 (1878 Days) – Regular Plan - Growth,543466,SBIMF Fortnightly Portfolio 15092026,20-Sep-2026 12:56:40,https://www.bseindia.com/xml-data/corpfiling/AttachLive/747dec2c-e682-4cfe-ab20-e9c8e979fa93.pdf,SBIMF Fortnightly Portfolio 15092026,2026-09-20T08:44:54.062809+00:00,Other,MEDIUM
0627e4363b2e852d,BSE,SBI Fixed Maturity Plan (FMP) - Series 59 (1618 Days) - Direct Plan - IDCW Payout,543459,SBIMF Fortnightly Portfolio 15092026,20-Sep-2026 12:56:40,https://www.bseindia.com/xml-data/corpfiling/AttachLive/747dec2c-e682-4cfe-ab20-e9c8e979fa93.pdf,SBIMF Fortnightly Portfolio 15092026,2026-09-20T08:44:54.062835+00:00,Other,MEDIUM
fdaa6af03f30e070,BSE,SBI Fixed Maturity Plan (FMP) - Series 59 (1618 Days) - Direct Plan - Growth,543457,SBIMF Fortnightly Portfolio 15092026,20-Sep-2026 12:56:40,https://www.bseindia.com/xml-data/corpfiling/AttachLive/747dec2c-e682-4cfe-ab20-e9c8e979fa93.pdf,SBIMF Fortnightly Portfolio 15092026,2026-09-20T08:44:54.062857+00:00,Other,MEDIUM
34dc42415c0a5fc4,BSE,SBI Fixed Maturity Plan (FMP) - Series 59 (1618 Days)- Regular Plan - IDCW Payout,543456,SBIMF Fortnightly Portfolio 15092026,20-Sep-2026 12:56:40,https://www.bseindia.com/xml-data/corpfiling/AttachLive/747dec2c-e682-4cfe-ab20-e9c8e979fa93.pdf,SBIMF Fortnightly Portfolio 15092026,2026-09-20T08:44:54.062880+00:00,Other,MEDIUM
493dd2687217c991,BSE,SBI Fixed Maturity Plan (FMP) - Series 59 (1618 Days)- Regular Plan - Growth,543455,SBIMF Fortnightly Portfolio 15092026,20-Sep-2026 12:56:40,https://www.bseindia.com/xml-data/corpfiling/AttachLive/747dec2c-e682-4cfe-ab20-e9c8e979fa93.pdf,SBIMF Fortnightly Portfolio 15092026,2026-09-20T08:44:54.062904+00:00,Other,MEDIUM
dd56a6d3f5f819c6,BSE,SBI Fixed Maturity Plan (FMP) - Series 58 (1842 Days) - Direct Plan - IDCW Payout,543448,SBIMF Fortnightly Portfolio 15092026,20-Sep-2026 12:56:40,https://www.bseindia.com/xml-data/corpfiling/AttachLive/747dec2c-e682-4cfe-ab20-e9c8e979fa93.pdf,SBIMF Fortnightly Portfolio 15092026,2026-09-20T08:44:54.062927+00:00,Other,MEDIUM
d79f23b9b205ec82,BSE,SBI Fixed Maturity Plan (FMP) - Series 58 (1842 Days)- Direct Plan - Growth,543447,SBIMF Fortnightly Portfolio 15092026,20-Sep-2026 12:56:40,https://www.bseindia.com/xml-data/corpfiling/AttachLive/747dec2c-e682-4cfe-ab20-e9c8e979fa93.pdf,SBIMF Fortnightly Portfolio 15092026,2026-09-20T08:44:54.062949+00:00,Other,MEDIUM
aa7006bbba1f42d9,BSE,SBI Fixed Maturity Plan (FMP) - Series 58 (1842 Days) - Regular Plan - IDCW Payout,543446,SBIMF Fortnightly Portfolio 15092026,20-Sep-2026 12:56:40,https://www.bseindia.com/xml-data/corpfiling/AttachLive/747dec2c-e682-4cfe-ab20-e9c8e979fa93.pdf,SBIMF Fortnightly Portfolio 15092026,2026-09-20T08:44:54.062971+00:00,Other,MEDIUM
f881e19ef0401588,BSE,SBI Fixed Maturity Plan (FMP) - Series 58 (1842 Days) - Regular Plan - Growth,543445,SBIMF Fortnightly Portfolio 15092026,20-Sep-2026 12:56:40,https://www.bseindia.com/xml-data/corpfiling/AttachLive/747dec2c-e682-4cfe-ab20-e9c8e979fa93.pdf,SBIMF Fortnightly Portfolio 15092026,2026-09-20T08:44:54.062992+00:00,Other,MEDIUM
503afc7e1ca82447,BSE,SBI Fixed Maturity Plan (FMP) - Series 56 (1232 Days) -  Direct Plan - IDCW Payout,543432,SBIMF Fortnightly Portfolio 15092026,20-Sep-2026 12:56:40,https://www.bseindia.com/xml-data/corpfiling/AttachLive/747dec2c-e682-4cfe-ab20-e9c8e979fa93.pdf,SBIMF Fortnightly Portfolio 15092026,2026-09-20T08:44:54.063014+00:00,Other,MEDIUM
7a7f0711e015bf87,BSE,SBI Fixed Maturity Plan (FMP) - Series 56 (1232 Days) - Direct Plan - Growth,543431,SBIMF Fortnightly Portfolio 15092026,20-Sep-2026 12:56:40,https://www.bseindia.com/xml-data/corpfiling/AttachLive/747dec2c-e682-4cfe-ab20-e9c8e979fa93.pdf,SBIMF Fortnightly Portfolio 15092026,2026-09-20T08:44:54.063038+00:00,Other,MEDIUM
0ed9660d5a58028f,BSE,SBI Fixed Maturity Plan (FMP) - Series 56 (1232 Days) - Regular Plan - IDCW Payout,543430,SBIMF Fortnightly Portfolio 15092026,20-Sep-2026 12:56:39,https://www.bseindia.com/xml-data/corpfiling/AttachLive/747dec2c-e682-4cfe-ab20-e9c8e979fa93.pdf,SBIMF Fortnightly Portfolio 15092026,2026-09-20T08:44:54.063060+00:00,Other,MEDIUM
05157badf8cfe620,BSE,SBI Fixed Maturity Plan (FMP) - Series 56 - (1232 Days)- Regular Plan - Growth,543429,SBIMF Fortnightly Portfolio 15092026,20-Sep-2026 12:56:39,https://www.bseindia.com/xml-data/corpfiling/AttachLive/747dec2c-e682-4cfe-ab20-e9c8e979fa93.pdf,SBIMF Fortnightly Portfolio 15092026,2026-09-20T08:44:54.063093+00:00,Other,MEDIUM
94e04cf854ad96f2,BSE,SBI Fixed Maturity Plan (FMP) - Series 57 (1835 Days) - Direct Plan - IDCW Payout,543424,SBIMF Fortnightly Portfolio 15092026,20-Sep-2026 12:56:39,https://www.bseindia.com/xml-data/corpfiling/AttachLive/747dec2c-e682-4cfe-ab20-e9c8e979fa93.pdf,SBIMF Fortnightly Portfolio 15092026,2026-09-20T08:44:54.063118+00:00,Other,MEDIUM
79d8534db570a22c,BSE,SBI Fixed Maturity Plan (FMP) - Series 57 (1835 Days) – Direct Plan - Growth,543423,SBIMF Fortnightly Portfolio 15092026,20-Sep-2026 12:56:39,https://www.bseindia.com/xml-data/corpfiling/AttachLive/747dec2c-e682-4cfe-ab20-e9c8e979fa93.pdf,SBIMF Fortnightly Portfolio 15092026,2026-09-20T08:44:54.063145+00:00,Other,MEDIUM
ebc6344ecf0d4798,BSE,SBI Fixed Maturity Plan (FMP) - Series 57 (1835 Days) - Regular Plan - IDCW Payout,543422,SBIMF Fortnightly Portfolio 15092026,20-Sep-2026 12:56:39,https://www.bseindia.com/xml-data/corpfiling/AttachLive/747dec2c-e682-4cfe-ab20-e9c8e979fa93.pdf,SBIMF Fortnightly Portfolio 15092026,2026-09-20T08:44:54.063167+00:00,Other,MEDIUM
4d282544053eafcb,BSE,SBI Fixed Maturity Plan (FMP) - Series 57 (1835 Days) - Regular Plan - Growth,543421,SBIMF Fortnightly Portfolio 15092026,20-Sep-2026 12:56:39,https://www.bseindia.com/xml-data/corpfiling/AttachLive/747dec2c-e682-4cfe-ab20-e9c8e979fa93.pdf,SBIMF Fortnightly Portfolio 15092026,2026-09-20T08:44:54.063189+00:00,Other,MEDIUM
4ad189571cbc5e91,BSE,SBI Fixed Maturity Plan (FMP) - Series 55 (1849 Days) - Direct Plan - IDCW Payout,543409,SBIMF Fortnightly Portfolio 15092026,20-Sep-2026 12:56:39,https://www.bseindia.com/xml-data/corpfiling/AttachLive/747dec2c-e682-4cfe-ab20-e9c8e979fa93.pdf,SBIMF Fortnightly Portfolio 15092026,2026-09-20T08:44:54.063211+00:00,Other,MEDIUM
9bd08190198b2b9c,BSE,SBI Fixed Maturity Plan (FMP) - Series 55 (1849 Days) - Direct Plan - Growth,543408,SBIMF Fortnightly Portfolio 15092026,20-Sep-2026 12:56:39,https://www.bseindia.com/xml-data/corpfiling/AttachLive/747dec2c-e682-4cfe-ab20-e9c8e979fa93.pdf,SBIMF Fortnightly Portfolio 15092026,2026-09-20T08:44:54.063233+00:00,Other,MEDIUM
6007828303af4ec4,BSE,SBI Fixed Maturity Plan (FMP) - Series 55 (1849 Days) - Regular Plan - IDCW Payout,543407,SBIMF Fortnightly Portfolio 15092026,20-Sep-2026 12:56:39,https://www.bseindia.com/xml-data/corpfiling/AttachLive/747dec2c-e682-4cfe-ab20-e9c8e979fa93.pdf,SBIMF Fortnightly Portfolio 15092026,2026-09-20T08:44:54.063254+00:00,Other,MEDIUM
052dc0b98607a65a,BSE,SBI Fixed Maturity Plan (FMP) - Series 55 (1849 Days) - Regular Plan - Growth,543406,SBIMF Fortnightly Portfolio 15092026,20-Sep-2026 12:56:39,https://www.bseindia.com/xml-data/corpfiling/AttachLive/747dec2c-e682-4cfe-ab20-e9c8e979fa93.pdf,SBIMF Fortnightly Portfolio 15092026,2026-09-20T08:44:54.063276+00:00,Other,MEDIUM
6493eedd46250b82,BSE,SBI Fixed Maturity Plan (FMP) - Series 54 (1842 Days)-Direct Plan-IDCW Payout,543395,SBIMF Fortnightly Portfolio 15092026,20-Sep-2026 12:56:39,https://www.bseindia.com/xml-data/corpfiling/AttachLive/747dec2c-e682-4cfe-ab20-e9c8e979fa93.pdf,SBIMF Fortnightly Portfolio 15092026,2026-09-20T08:44:54.063297+00:00,Other,MEDIUM
d2a1080049c1a7e7,BSE,SBI Fixed Maturity Plan (FMP) - Series 54 (1842 Days) - Direct Plan - Growth,543394,SBIMF Fortnightly Portfolio 15092026,20-Sep-2026 12:56:39,https://www.bseindia.com/xml-data/corpfiling/AttachLive/747dec2c-e682-4cfe-ab20-e9c8e979fa93.pdf,SBIMF Fortnightly Portfolio 15092026,2026-09-20T08:44:54.063319+00:00,Other,MEDIUM
c668ca2f6683ccfa,BSE,SBI Fixed Maturity Plan (FMP) -Series 54 (1842 Days) - Regular Plan  - IDCW Payout,543393,SBIMF Fortnightly Portfolio 15092026,20-Sep-2026 12:56:39,https://www.bseindia.com/xml-data/corpfiling/AttachLive/747dec2c-e682-4cfe-ab20-e9c8e979fa93.pdf,SBIMF Fortnightly Portfolio 15092026,2026-09-20T08:44:54.063341+00:00,Other,MEDIUM
9687233be8ace3b9,BSE,SBI Fixed Maturity Plan (FMP) - Series 54 (1842 Days) - Regular Plan - Growth,543392,SBIMF Fortnightly Portfolio 15092026,20-Sep-2026 12:56:39,https://www.bseindia.com/xml-data/corpfiling/AttachLive/747dec2c-e682-4cfe-ab20-e9c8e979fa93.pdf,SBIMF Fortnightly Portfolio 15092026,2026-09-20T08:44:54.063407+00:00,Other,MEDIUM
2c27269ed1b7bfc2,BSE,SBI Fixed Maturity Plan (FMP) - Series 53 (1839 Days) - Direct Plan - IDCW Payout,543382,SBIMF Fortnightly Portfolio 15092026,20-Sep-2026 12:56:39,https://www.bseindia.com/xml-data/corpfiling/AttachLive/747dec2c-e682-4cfe-ab20-e9c8e979fa93.pdf,SBIMF Fortnightly Portfolio 15092026,2026-09-20T08:44:54.063431+00:00,Other,MEDIUM
76c99261b1ff38d1,BSE,SBI Fixed Maturity Plan (FMP) - Series 53 (1839 Days) - Direct Plan - Growth,543381,SBIMF Fortnightly Portfolio 15092026,20-Sep-2026 12:56:39,https://www.bseindia.com/xml-data/corpfiling/AttachLive/747dec2c-e682-4cfe-ab20-e9c8e979fa93.pdf,SBIMF Fortnightly Portfolio 15092026,2026-09-20T08:44:54.063452+00:00,Other,MEDIUM
361eee9196dfd402,BSE,SBI Fixed Maturity Plan (FMP) - Series 53 (1839 Days)- Regular Plan- IDCW Payout,543380,SBIMF Fortnightly Portfolio 15092026,20-Sep-2026 12:56:39,https://www.bseindia.com/xml-data/corpfiling/AttachLive/747dec2c-e682-4cfe-ab20-e9c8e979fa93.pdf,SBIMF Fortnightly Portfolio 15092026,2026-09-20T08:44:54.063474+00:00,Other,MEDIUM
763e13e1eadd732f,BSE,SBI Fixed Maturity Plan (FMP) - Series 53 (1839 Days)- Regular Plan- Growth,543379,SBIMF Fortnightly Portfolio 15092026,20-Sep-2026 12:56:39,https://www.bseindia.com/xml-data/corpfiling/AttachLive/747dec2c-e682-4cfe-ab20-e9c8e979fa93.pdf,SBIMF Fortnightly Portfolio 15092026,2026-09-20T08:44:54.063495+00:00,Other,MEDIUM
71afbb7bebb9a22a,BSE,SBI-Fixed Maturity Plan - (FMP) - Series 52 - (1848 Days) - Direct Plan - IDCW Payout,543371,SBIMF Fortnightly Portfolio 15092026,20-Sep-2026 12:56:39,https://www.bseindia.com/xml-data/corpfiling/AttachLive/747dec2c-e682-4cfe-ab20-e9c8e979fa93.pdf,SBIMF Fortnightly Portfolio 15092026,2026-09-20T08:44:54.063521+00:00,Other,MEDIUM
747ddae9ea688873,BSE,SBI Fixed Maturity Plan (FMP)-SERIES 52-(1848 Days) - Direct Plan - Growth,543370,SBIMF Fortnightly Portfolio 15092026,20-Sep-2026 12:56:39,https://www.bseindia.com/xml-data/corpfiling/AttachLive/747dec2c-e682-4cfe-ab20-e9c8e979fa93.pdf,SBIMF Fortnightly Portfolio 15092026,2026-09-20T08:44:54.063545+00:00,Other,MEDIUM
387d8551883be9e5,BSE,SBI Fixed Maturity Plan (FMP) -Series 52 (1848 Days) - Regular Plan - IDCW payout,543369,SBIMF Fortnightly Portfolio 15092026,20-Sep-2026 12:56:39,https://www.bseindia.com/xml-data/corpfiling/AttachLive/747dec2c-e682-4cfe-ab20-e9c8e979fa93.pdf,SBIMF Fortnightly Portfolio 15092026,2026-09-20T08:44:54.063567+00:00,Other,MEDIUM
e8324f7b1f4cecb5,BSE,SBI Fixed Maturity Plan (FMP) -Series 52 (1848 Days) - Regular Plan - Growth,543368,SBIMF Fortnightly Portfolio 15092026,20-Sep-2026 12:56:39,https://www.bseindia.com/xml-data/corpfiling/AttachLive/747dec2c-e682-4cfe-ab20-e9c8e979fa93.pdf,SBIMF Fortnightly Portfolio 15092026,2026-09-20T08:44:54.063589+00:00,Other,MEDIUM
2ce5c280ad72035a,BSE,SBI FIXED MATURITY PLAN (FMP) -SERIES 51-(1846 DAYS)- DIRECT PLAN -IDCW PAYOUT,543362,SBIMF Fortnightly Portfolio 15092026,20-Sep-2026 12:56:39,https://www.bseindia.com/xml-data/corpfiling/AttachLive/747dec2c-e682-4cfe-ab20-e9c8e979fa93.pdf,SBIMF Fortnightly Portfolio 15092026,2026-09-20T08:44:54.063611+00:00,Other,MEDIUM
d9704933b62ee989,BSE,SBI FIXED MATURITY PLAN (FMP) -SERIES 51-(1846 DAYS)- DIRECT PLAN -GROWTH,543361,SBIMF Fortnightly Portfolio 15092026,20-Sep-2026 12:56:39,https://www.bseindia.com/xml-data/corpfiling/AttachLive/747dec2c-e682-4cfe-ab20-e9c8e979fa93.pdf,SBIMF Fortnightly Portfolio 15092026,2026-09-20T08:44:54.063632+00:00,Other,MEDIUM
ce8c819f6ee98e75,BSE,SBI FIXED MATURITY PLAN (FMP) -SERIES 51-(1846 DAYS)- REGULAR PLAN -IDCW PAYOUT,543360,SBIMF Fortnightly Portfolio 15092026,20-Sep-2026 12:56:39,https://www.bseindia.com/xml-data/corpfiling/AttachLive/747dec2c-e682-4cfe-ab20-e9c8e979fa93.pdf,SBIMF Fortnightly Portfolio 15092026,2026-09-20T08:44:54.063654+00:00,Other,MEDIUM
899d93d5ee077c3b,BSE,SBI FIXED MATURITY PLAN (FMP) -SERIES 51-(1846 DAYS)- REGULAR PLAN -GROWTH,543359,SBIMF Fortnightly Portfolio 15092026,20-Sep-2026 12:56:39,https://www.bseindia.com/xml-data/corpfiling/AttachLive/747dec2c-e682-4cfe-ab20-e9c8e979fa93.pdf,SBIMF Fortnightly Portfolio 15092026,2026-09-20T08:44:54.063675+00:00,Other,MEDIUM
f90a75b89df0025f,BSE,SBI Fixed Maturity Plan (FMP) - Series 46 (1850 Days) - Direct Plan - IDCW Payout,543316,SBIMF Fortnightly Portfolio 15092026,20-Sep-2026 12:56:39,https://www.bseindia.com/xml-data/corpfiling/AttachLive/747dec2c-e682-4cfe-ab20-e9c8e979fa93.pdf,SBIMF Fortnightly Portfolio 15092026,2026-09-20T08:44:54.063699+00:00,Other,MEDIUM
1a8c8499e641e6fa,BSE,SBI Fixed Maturity Plan (FMP) - Series 46 (1850 Days) - Direct Plan - Growth,543315,SBIMF Fortnightly Portfolio 15092026,20-Sep-2026 12:56:39,https://www.bseindia.com/xml-data/corpfiling/AttachLive/747dec2c-e682-4cfe-ab20-e9c8e979fa93.pdf,SBIMF Fortnightly Portfolio 15092026,2026-09-20T08:44:54.063721+00:00,Other,MEDIUM
130350c84ea782e1,BSE,SBI Fixed Maturity Plan (FMP) - Series 46 (1850 Days) - Regular Plan - IDCW Payout,543314,SBIMF Fortnightly Portfolio 15092026,20-Sep-2026 12:56:39,https://www.bseindia.com/xml-data/corpfiling/AttachLive/747dec2c-e682-4cfe-ab20-e9c8e979fa93.pdf,SBIMF Fortnightly Portfolio 15092026,2026-09-20T08:44:54.063743+00:00,Other,MEDIUM
4354b578d2f77e52,BSE,SBI Fixed Maturity Plan (FMP) - Series 46 (1850 Days) - Regular Plan - Growth,543313,SBIMF Fortnightly Portfolio 15092026,20-Sep-2026 12:56:39,https://www.bseindia.com/xml-data/corpfiling/AttachLive/747dec2c-e682-4cfe-ab20-e9c8e979fa93.pdf,SBIMF Fortnightly Portfolio 15092026,2026-09-20T08:44:54.063765+00:00,Other,MEDIUM
41b8168c11211eaf,BSE,SBI Fixed Maturity Plan (FMP) - Series 45 (1840 Days) - Direct Plan - IDCW Payout,543304,SBIMF Fortnightly Portfolio 15092026,20-Sep-2026 12:56:39,https://www.bseindia.com/xml-data/corpfiling/AttachLive/747dec2c-e682-4cfe-ab20-e9c8e979fa93.pdf,SBIMF Fortnightly Portfolio 15092026,2026-09-20T08:44:54.063789+00:00,Other,MEDIUM
7f7d0a4d349f854b,BSE,SBI Fixed Maturity Plan (FMP) - Series 45 (1840 Days) -  Direct Plan - Growth,543303,SBIMF Fortnightly Portfolio 15092026,20-Sep-2026 12:56:39,https://www.bseindia.com/xml-data/corpfiling/AttachLive/747dec2c-e682-4cfe-ab20-e9c8e979fa93.pdf,SBIMF Fortnightly Portfolio 15092026,2026-09-20T08:44:54.063811+00:00,Other,MEDIUM
274250dbd8b1959d,BSE,SBI Fixed Maturity Plan (FMP) - Series 45 (1840 Days) - Regular Plan - IDCW Payout,543302,SBIMF Fortnightly Portfolio 15092026,20-Sep-2026 12:56:39,https://www.bseindia.com/xml-data/corpfiling/AttachLive/747dec2c-e682-4cfe-ab20-e9c8e979fa93.pdf,SBIMF Fortnightly Portfolio 15092026,2026-09-20T08:44:54.063833+00:00,Other,MEDIUM
67dc6643edcc3053,BSE,SBI Fixed Maturity Plan (FMP) - Series 45 (1840 Days) -  Regular Plan - Growth,543301,SBIMF Fortnightly Portfolio 15092026,20-Sep-2026 12:56:39,https://www.bseindia.com/xml-data/corpfiling/AttachLive/747dec2c-e682-4cfe-ab20-e9c8e979fa93.pdf,SBIMF Fortnightly Portfolio 15092026,2026-09-20T08:44:54.063855+00:00,Other,MEDIUM
13e8a8e653f5494b,BSE,SBI Fixed Maturity Plan (FMP) - Series 44 (1855 Days) - Direct Plan - Dividend Payout,543296,SBIMF Fortnightly Portfolio 15092026,20-Sep-2026 12:56:39,https://www.bseindia.com/xml-data/corpfiling/AttachLive/747dec2c-e682-4cfe-ab20-e9c8e979fa93.pdf,SBIMF Fortnightly Portfolio 15092026,2026-09-20T08:44:54.063879+00:00,Other,MEDIUM
07c5f380821b4148,BSE,SBI Fixed Maturity Plan (FMP) - Series 44 (1855 Days) - Direct Plan - Growth,543295,SBIMF Fortnightly Portfolio 15092026,20-Sep-2026 12:56:39,https://www.bseindia.com/xml-data/corpfiling/AttachLive/747dec2c-e682-4cfe-ab20-e9c8e979fa93.pdf,SBIMF Fortnightly Portfolio 15092026,2026-09-20T08:44:54.063901+00:00,Other,MEDIUM
a696a7bac29e30d0,BSE,SBI Fixed Maturity Plan (FMP) - Series 44 (1855 Days) - Regular Plan - Dividend Payout,543294,SBIMF Fortnightly Portfolio 15092026,20-Sep-2026 12:56:39,https://www.bseindia.com/xml-data/corpfiling/AttachLive/747dec2c-e682-4cfe-ab20-e9c8e979fa93.pdf,SBIMF Fortnightly Portfolio 15092026,2026-09-20T08:44:54.063924+00:00,Other,MEDIUM
431adb997a089a96,BSE,SBI Fixed Maturity Plan (FMP) - Series 44 (1855 Days) - Regular Plan - Growth,543293,SBIMF Fortnightly Portfolio 15092026,20-Sep-2026 12:56:39,https://www.bseindia.com/xml-data/corpfiling/AttachLive/747dec2c-e682-4cfe-ab20-e9c8e979fa93.pdf,SBIMF Fortnightly Portfolio 15092026,2026-09-20T08:44:54.063946+00:00,Other,MEDIUM
84e549746510c531,BSE,SBI Fixed Maturity Plan (FMP) Series 34 (3682 Days) - Direct Plan - Dividend Payout,543206,SBIMF Fortnightly Portfolio 15092026,20-Sep-2026 12:56:39,https://www.bseindia.com/xml-data/corpfiling/AttachLive/747dec2c-e682-4cfe-ab20-e9c8e979fa93.pdf,SBIMF Fortnightly Portfolio 15092026,2026-09-20T08:44:54.063971+00:00,Other,MEDIUM
5cad04c3e328669a,BSE,SBI Fixed Maturity Plan (FMP) Series 34 (3682 Days)-  Direct Plan - Growth,543205,SBIMF Fortnightly Portfolio 15092026,20-Sep-2026 12:56:39,https://www.bseindia.com/xml-data/corpfiling/AttachLive/747dec2c-e682-4cfe-ab20-e9c8e979fa93.pdf,SBIMF Fortnightly Portfolio 15092026,2026-09-20T08:44:54.063993+00:00,Other,MEDIUM
3bd326267fa9da46,BSE,SBI Fixed Maturity Plan (FMP) Series 34 (3682 Days) - Regular Plan - Dividend Payout,543204,SBIMF Fortnightly Portfolio 15092026,20-Sep-2026 12:56:39,https://www.bseindia.com/xml-data/corpfiling/AttachLive/747dec2c-e682-4cfe-ab20-e9c8e979fa93.pdf,SBIMF Fortnightly Portfolio 15092026,2026-09-20T08:44:54.064015+00:00,Other,MEDIUM
c0825626c83f33de,BSE,SBI Fixed Maturity Plan (FMP) - Series 34 (3682 Days)- Regular Plan - Growth,543203,SBIMF Fortnightly Portfolio 15092026,20-Sep-2026 12:56:39,https://www.bseindia.com/xml-data/corpfiling/AttachLive/747dec2c-e682-4cfe-ab20-e9c8e979fa93.pdf,SBIMF Fortnightly Portfolio 15092026,2026-09-20T08:44:54.064037+00:00,Other,MEDIUM
5762bb98cd600a51,BSE,SBI Fixed Maturity Plan (FMP) Series 33 (1128 Days) - Direct Plan - Dividend Payout,543202,SBIMF Fortnightly Portfolio 15092026,20-Sep-2026 12:56:39,https://www.bseindia.com/xml-data/corpfiling/AttachLive/747dec2c-e682-4cfe-ab20-e9c8e979fa93.pdf,SBIMF Fortnightly Portfolio 15092026,2026-09-20T08:44:54.064058+00:00,Other,MEDIUM
998519357f919e79,BSE,SBI Fixed Maturity Plan (FMP) Series 33 (1128 Days)-  Direct Plan - Growth,543201,SBIMF Fortnightly Portfolio 15092026,20-Sep-2026 12:56:39,https://www.bseindia.com/xml-data/corpfiling/AttachLive/747dec2c-e682-4cfe-ab20-e9c8e979fa93.pdf,SBIMF Fortnightly Portfolio 15092026,2026-09-20T08:44:54.064092+00:00,Other,MEDIUM
1b7821182d0d4628,BSE,SBI Fixed Maturity Plan (FMP) Series 33 (1128 Days) - Regular Plan - Dividend Payout,543200,SBIMF Fortnightly Portfolio 15092026,20-Sep-2026 12:56:39,https://www.bseindia.com/xml-data/corpfiling/AttachLive/747dec2c-e682-4cfe-ab20-e9c8e979fa93.pdf,SBIMF Fortnightly Portfolio 15092026,2026-09-20T08:44:54.064115+00:00,Other,MEDIUM
c050d428d237ffd1,BSE,SBI Fixed Maturity Plan (FMP) - Series 33 (1128 Days)- Regular Plan - Growth,543199,SBIMF Fortnightly Portfolio 15092026,20-Sep-2026 12:56:39,https://www.bseindia.com/xml-data/corpfiling/AttachLive/747dec2c-e682-4cfe-ab20-e9c8e979fa93.pdf,SBIMF Fortnightly Portfolio 15092026,2026-09-20T08:44:54.064137+00:00,Other,MEDIUM
29e184c4f6092948,BSE,SBI Fixed Maturity Plan (FMP) Series 32 (1140 Days) -Direct Plan - Dividend Payout,543198,SBIMF Fortnightly Portfolio 15092026,20-Sep-2026 12:56:39,https://www.bseindia.com/xml-data/corpfiling/AttachLive/747dec2c-e682-4cfe-ab20-e9c8e979fa93.pdf,SBIMF Fortnightly Portfolio 15092026,2026-09-20T08:44:54.064159+00:00,Other,MEDIUM
49737b611384fdc2,BSE,SBI Fixed Maturity Plan (FMP) Series 32 (1140 Days)-  Direct Plan - Growth,543197,SBIMF Fortnightly Portfolio 15092026,20-Sep-2026 12:56:39,https://www.bseindia.com/xml-data/corpfiling/AttachLive/747dec2c-e682-4cfe-ab20-e9c8e979fa93.pdf,SBIMF Fortnightly Portfolio 15092026,2026-09-20T08:44:54.064180+00:00,Other,MEDIUM
4969168a1e960360,BSE,SBI Fixed Maturity Plan (FMP) Series 32 (1140 Days) -  Regular Plan - Dividend Payout,543196,SBIMF Fortnightly Portfolio 15092026,20-Sep-2026 12:56:38,https://www.bseindia.com/xml-data/corpfiling/AttachLive/747dec2c-e682-4cfe-ab20-e9c8e979fa93.pdf,SBIMF Fortnightly Portfolio 15092026,2026-09-20T08:44:54.064202+00:00,Other,MEDIUM
431fb80569226108,BSE,SBI Fixed Maturity Plan (FMP) Series 32 (1140 Days) -  Regular Plan - Growth,543195,SBIMF Fortnightly Portfolio 15092026,20-Sep-2026 12:56:38,https://www.bseindia.com/xml-data/corpfiling/AttachLive/747dec2c-e682-4cfe-ab20-e9c8e979fa93.pdf,SBIMF Fortnightly Portfolio 15092026,2026-09-20T08:44:54.064224+00:00,Other,MEDIUM
0e297036432dad5d,BSE,SBI Fixed Maturity Plan (FMP) - Series 31 (1160 Days) - Direct Plan - Dividend Payout,543096,SBIMF Fortnightly Portfolio 15092026,20-Sep-2026 12:56:38,https://www.bseindia.com/xml-data/corpfiling/AttachLive/747dec2c-e682-4cfe-ab20-e9c8e979fa93.pdf,SBIMF Fortnightly Portfolio 15092026,2026-09-20T08:44:54.064246+00:00,Other,MEDIUM
b8d407aeca8be0a6,BSE,SBI Fixed Maturity Plan (FMP) - Series 31 (1160 Days) - Direct Plan - Growth,543095,SBIMF Fortnightly Portfolio 15092026,20-Sep-2026 12:56:38,https://www.bseindia.com/xml-data/corpfiling/AttachLive/747dec2c-e682-4cfe-ab20-e9c8e979fa93.pdf,SBIMF Fortnightly Portfolio 15092026,2026-09-20T08:44:54.064267+00:00,Other,MEDIUM
de3264b5dfd35b72,BSE,SBI Fixed Maturity Plan (FMP) - Series 31 (1160 Days) - Regular Plan - Dividend Payout,543094,SBIMF Fortnightly Portfolio 15092026,20-Sep-2026 12:56:38,https://www.bseindia.com/xml-data/corpfiling/AttachLive/747dec2c-e682-4cfe-ab20-e9c8e979fa93.pdf,SBIMF Fortnightly Portfolio 15092026,2026-09-20T08:44:54.064290+00:00,Other,MEDIUM
d717d05d0d9a72d4,BSE,SBI Fixed Maturity Plan (FMP) - Series 31 (1160 Days) - Regular Plan - Growth,543093,SBIMF Fortnightly Portfolio 15092026,20-Sep-2026 12:56:38,https://www.bseindia.com/xml-data/corpfiling/AttachLive/747dec2c-e682-4cfe-ab20-e9c8e979fa93.pdf,SBIMF Fortnightly Portfolio 15092026,2026-09-20T08:44:54.064311+00:00,Other,MEDIUM
0500de3923e76d52,BSE,SBI Mutual Fund,542861,SBIMF Fortnightly Portfolio 15092026,20-Sep-2026 12:56:38,https://www.bseindia.com/xml-data/corpfiling/AttachLive/747dec2c-e682-4cfe-ab20-e9c8e979fa93.pdf,SBIMF Fortnightly Portfolio 15092026,2026-09-20T08:44:54.064328+00:00,Other,MEDIUM
78993dffa8f71011,BSE,SBI Mutual Fund,542860,SBIMF Fortnightly Portfolio 15092026,20-Sep-2026 12:56:38,https://www.bseindia.com/xml-data/corpfiling/AttachLive/747dec2c-e682-4cfe-ab20-e9c8e979fa93.pdf,SBIMF Fortnightly Portfolio 15092026,2026-09-20T08:44:54.064343+00:00,Other,MEDIUM
4e8336524077d719,BSE,SBI Mutual Fund,542859,SBIMF Fortnightly Portfolio 15092026,20-Sep-2026 12:56:38,https://www.bseindia.com/xml-data/corpfiling/AttachLive/747dec2c-e682-4cfe-ab20-e9c8e979fa93.pdf,SBIMF Fortnightly Portfolio 15092026,2026-09-20T08:44:54.064362+00:00,Other,MEDIUM
80ac830e8d178f6e,BSE,SBI Mutual Fund,542858,SBIMF Fortnightly Portfolio 15092026,20-Sep-2026 12:56:38,https://www.bseindia.com/xml-data/corpfiling/AttachLive/747dec2c-e682-4cfe-ab20-e9c8e979fa93.pdf,SBIMF Fortnightly Portfolio 15092026,2026-09-20T08:44:54.064378+00:00,Other,MEDIUM
8689769196915a02,BSE,SBI Mutual Fund,542856,SBIMF Fortnightly Portfolio 15092026,20-Sep-2026 12:56:38,https://www.bseindia.com/xml-data/corpfiling/AttachLive/747dec2c-e682-4cfe-ab20-e9c8e979fa93.pdf,SBIMF Fortnightly Portfolio 15092026,2026-09-20T08:44:54.064396+00:00,Other,MEDIUM
309326cd4ad73279,BSE,SBI Mutual Fund,542855,SBIMF Fortnightly Portfolio 15092026,20-Sep-2026 12:56:38,https://www.bseindia.com/xml-data/corpfiling/AttachLive/747dec2c-e682-4cfe-ab20-e9c8e979fa93.pdf,SBIMF Fortnightly Portfolio 15092026,2026-09-20T08:44:54.064411+00:00,Other,MEDIUM
efa433c4d282dd14,BSE,SBI Mutual Fund,542854,SBIMF Fortnightly Portfolio 15092026,20-Sep-2026 12:56:38,https://www.bseindia.com/xml-data/corpfiling/AttachLive/747dec2c-e682-4cfe-ab20-e9c8e979fa93.pdf,SBIMF Fortnightly Portfolio 15092026,2026-09-20T08:44:54.064427+00:00,Other,MEDIUM
ed5401cf692ba8d7,BSE,SBI Mutual Fund,542853,SBIMF Fortnightly Portfolio 15092026,20-Sep-2026 12:56:38,https://www.bseindia.com/xml-data/corpfiling/AttachLive/747dec2c-e682-4cfe-ab20-e9c8e979fa93.pdf,SBIMF Fortnightly Portfolio 15092026,2026-09-20T08:44:54.064443+00:00,Other,MEDIUM
dd248b23a898af9d,BSE,SBI Fixed Maturity Plan (FMP) - Series 18 (1108 Days) - Direct Plan  - Dividend Payout Option,542778,SBIMF Fortnightly Portfolio 15092026,20-Sep-2026 12:56:38,https://www.bseindia.com/xml-data/corpfiling/AttachLive/747dec2c-e682-4cfe-ab20-e9c8e979fa93.pdf,SBIMF Fortnightly Portfolio 15092026,2026-09-20T08:44:54.064466+00:00,Other,MEDIUM
92c9128c4c734e74,BSE,SBI Fixed Maturity Plan (FMP) - Series 18 (1108 Days) - Direct Plan  - Growth Option,542777,SBIMF Fortnightly Portfolio 15092026,20-Sep-2026 12:56:38,https://www.bseindia.com/xml-data/corpfiling/AttachLive/747dec2c-e682-4cfe-ab20-e9c8e979fa93.pdf,SBIMF Fortnightly Portfolio 15092026,2026-09-20T08:44:54.064489+00:00,Other,MEDIUM
e1550eeeee4d5298,BSE,SBI Fixed Maturity Plan (FMP) - Series 18 (1108 Days) - Regular Plan  - Dividend Payout Option,542776,SBIMF Fortnightly Portfolio 15092026,20-Sep-2026 12:56:38,https://www.bseindia.com/xml-data/corpfiling/AttachLive/747dec2c-e682-4cfe-ab20-e9c8e979fa93.pdf,SBIMF Fortnightly Portfolio 15092026,2026-09-20T08:44:54.064512+00:00,Other,MEDIUM
0020846c8e8ffce7,BSE,SBI Fixed Maturity Plan (FMP) - Series 18 (1108 Days) - Regular Plan - Growth Option,542775,SBIMF Fortnightly Portfolio 15092026,20-Sep-2026 12:56:38,https://www.bseindia.com/xml-data/corpfiling/AttachLive/747dec2c-e682-4cfe-ab20-e9c8e979fa93.pdf,SBIMF Fortnightly Portfolio 15092026,2026-09-20T08:44:54.064534+00:00,Other,MEDIUM
efc13a79b04e16ba,BSE,SBI Fixed Maturity Plan (FMP) - Series 17 (1116 days) - Direct Plan - Dividend Payout Option,542769,SBIMF Fortnightly Portfolio 15092026,20-Sep-2026 12:56:38,https://www.bseindia.com/xml-data/corpfiling/AttachLive/747dec2c-e682-4cfe-ab20-e9c8e979fa93.pdf,SBIMF Fortnightly Portfolio 15092026,2026-09-20T08:44:54.064557+00:00,Other,MEDIUM
6c6ce2a2e882ec7e,BSE,SBI Fixed Maturity Plan (FMP) - Series 17 (1116 days) - Direct Plan - Growth Option,542768,SBIMF Fortnightly Portfolio 15092026,20-Sep-2026 12:56:38,https://www.bseindia.com/xml-data/corpfiling/AttachLive/747dec2c-e682-4cfe-ab20-e9c8e979fa93.pdf,SBIMF Fortnightly Portfolio 15092026,2026-09-20T08:44:54.064578+00:00,Other,MEDIUM
58d1a71af19f7d30,BSE,SBI Fixed Maturity Plan (FMP) - Series 17 (1116 days) - Regular Plan - Dividend Payout Option,542767,SBIMF Fortnightly Portfolio 15092026,20-Sep-2026 12:56:38,https://www.bseindia.com/xml-data/corpfiling/AttachLive/747dec2c-e682-4cfe-ab20-e9c8e979fa93.pdf,SBIMF Fortnightly Portfolio 15092026,2026-09-20T08:44:54.064601+00:00,Other,MEDIUM
ea6a420bb74f41a5,BSE,SBI Fixed Maturity Plan (FMP) - Series 17 (1116 days) - Regular Plan - Growth Option,542766,SBIMF Fortnightly Portfolio 15092026,20-Sep-2026 12:56:38,https://www.bseindia.com/xml-data/corpfiling/AttachLive/747dec2c-e682-4cfe-ab20-e9c8e979fa93.pdf,SBIMF Fortnightly Portfolio 15092026,2026-09-20T08:44:54.064625+00:00,Other,MEDIUM
6548e18bd97a9d53,BSE,SBI Fixed Maturity Plan (FMP) - Series 16 (1116 Days) - Direct Plan - Dividend Payout Option,542764,SBIMF Fortnightly Portfolio 15092026,20-Sep-2026 12:56:38,https://www.bseindia.com/xml-data/corpfiling/AttachLive/747dec2c-e682-4cfe-ab20-e9c8e979fa93.pdf,SBIMF Fortnightly Portfolio 15092026,2026-09-20T08:44:54.064647+00:00,Other,MEDIUM
969dcb0d76baa415,BSE,SBI Fixed Maturity Plan (FMP) - Series 16 (1116 Days) - Direct Plan - Growth Option,542763,SBIMF Fortnightly Portfolio 15092026,20-Sep-2026 12:56:38,https://www.bseindia.com/xml-data/corpfiling/AttachLive/747dec2c-e682-4cfe-ab20-e9c8e979fa93.pdf,SBIMF Fortnightly Portfolio 15092026,2026-09-20T08:44:54.064669+00:00,Other,MEDIUM
dd88fe11fdc36959,BSE,SBI Fixed Maturity Plan (FMP) - Series 16 (1116 Days) - Regular Plan - Dividend Payout Option,542762,SBIMF Fortnightly Portfolio 15092026,20-Sep-2026 12:56:38,https://www.bseindia.com/xml-data/corpfiling/AttachLive/747dec2c-e682-4cfe-ab20-e9c8e979fa93.pdf,SBIMF Fortnightly Portfolio 15092026,2026-09-20T08:44:54.064692+00:00,Other,MEDIUM
50682c3051f92a02,BSE,SBI Fixed Maturity Plan (FMP) - Series 16 (1116 Days) - Regular Plan - Growth Option,542761,SBIMF Fortnightly Portfolio 15092026,20-Sep-2026 12:56:38,https://www.bseindia.com/xml-data/corpfiling/AttachLive/747dec2c-e682-4cfe-ab20-e9c8e979fa93.pdf,SBIMF Fortnightly Portfolio 15092026,2026-09-20T08:44:54.064714+00:00,Other,MEDIUM
e6825a5652d0d8ca,BSE,SBI Fixed Maturity Plan (FMP) - Series 15 (1123 days) - Direct Plan - Dividend Payout Option,542757,SBIMF Fortnightly Portfolio 15092026,20-Sep-2026 12:56:38,https://www.bseindia.com/xml-data/corpfiling/AttachLive/747dec2c-e682-4cfe-ab20-e9c8e979fa93.pdf,SBIMF Fortnightly Portfolio 15092026,2026-09-20T08:44:54.064736+00:00,Other,MEDIUM
1d8130eb06036efd,BSE,SBI Fixed Maturity Plan (FMP) - Series 15 (1123 days) - Direct Plan - Growth Option,542756,SBIMF Fortnightly Portfolio 15092026,20-Sep-2026 12:56:38,https://www.bseindia.com/xml-data/corpfiling/AttachLive/747dec2c-e682-4cfe-ab20-e9c8e979fa93.pdf,SBIMF Fortnightly Portfolio 15092026,2026-09-20T08:44:54.064758+00:00,Other,MEDIUM
b728360edd1ff5ae,BSE,SBI Fixed Maturity Plan (FMP) - Series 15 (1123 days) - Regular Plan - Dividend Payout Option,542755,SBIMF Fortnightly Portfolio 15092026,20-Sep-2026 12:56:38,https://www.bseindia.com/xml-data/corpfiling/AttachLive/747dec2c-e682-4cfe-ab20-e9c8e979fa93.pdf,SBIMF Fortnightly Portfolio 15092026,2026-09-20T08:44:54.064782+00:00,Other,MEDIUM
b1ff869fd0c9be07,BSE,SBI Fixed Maturity Plan (FMP) - Series 15 (1123 days) - Regular Plan - Growth Option,542754,SBIMF Fortnightly Portfolio 15092026,20-Sep-2026 12:56:38,https://www.bseindia.com/xml-data/corpfiling/AttachLive/747dec2c-e682-4cfe-ab20-e9c8e979fa93.pdf,SBIMF Fortnightly Portfolio 15092026,2026-09-20T08:44:54.064806+00:00,Other,MEDIUM
4476450f69c46b0a,BSE,SBI Fixed Maturity Plan (FMP) - Series 14 (1102 Days) - Direct Plan - Dividend Payout Option,542751,SBIMF Fortnightly Portfolio 15092026,20-Sep-2026 12:56:38,https://www.bseindia.com/xml-data/corpfiling/AttachLive/747dec2c-e682-4cfe-ab20-e9c8e979fa93.pdf,SBIMF Fortnightly Portfolio 15092026,2026-09-20T08:44:54.064828+00:00,Other,MEDIUM
bb5877db36826980,BSE,SBI Fixed Maturity Plan (FMP) - Series 14 (1102 Days) - Direct Plan - Growth Option,542750,SBIMF Fortnightly Portfolio 15092026,20-Sep-2026 12:56:38,https://www.bseindia.com/xml-data/corpfiling/AttachLive/747dec2c-e682-4cfe-ab20-e9c8e979fa93.pdf,SBIMF Fortnightly Portfolio 15092026,2026-09-20T08:44:54.064850+00:00,Other,MEDIUM
ac223e0097b2c328,BSE,SBI Fixed Maturity Plan (FMP) - Series 14 (1102 Days) - Regular Plan - Dividend Payout Option,542749,SBIMF Fortnightly Portfolio 15092026,20-Sep-2026 12:56:38,https://www.bseindia.com/xml-data/corpfiling/AttachLive/747dec2c-e682-4cfe-ab20-e9c8e979fa93.pdf,SBIMF Fortnightly Portfolio 15092026,2026-09-20T08:44:54.064873+00:00,Other,MEDIUM
5715ebff3cc15f54,BSE,SBI Fixed Maturity Plan (FMP) - Series 14 (1102 Days) - Regular Plan - Growth Option,542748,SBIMF Fortnightly Portfolio 15092026,20-Sep-2026 12:56:38,https://www.bseindia.com/xml-data/corpfiling/AttachLive/747dec2c-e682-4cfe-ab20-e9c8e979fa93.pdf,SBIMF Fortnightly Portfolio 15092026,2026-09-20T08:44:54.064895+00:00,Other,MEDIUM
1cf744c1b4026c53,BSE,SBI Fixed Maturity Plan (FMP) - Series 13 (1108 Days) - Direct Plan - Dividend Payout  Option,542746,SBIMF Fortnightly Portfolio 15092026,20-Sep-2026 12:56:38,https://www.bseindia.com/xml-data/corpfiling/AttachLive/747dec2c-e682-4cfe-ab20-e9c8e979fa93.pdf,SBIMF Fortnightly Portfolio 15092026,2026-09-20T08:44:54.064917+00:00,Other,MEDIUM
211dd9fd3a822d13,BSE,SBI Fixed Maturity Plan (FMP) - Series 13 (1108 Days) - Direct Plan - Growth Option,542745,SBIMF Fortnightly Portfolio 15092026,20-Sep-2026 12:56:38,https://www.bseindia.com/xml-data/corpfiling/AttachLive/747dec2c-e682-4cfe-ab20-e9c8e979fa93.pdf,SBIMF Fortnightly Portfolio 15092026,2026-09-20T08:44:54.064941+00:00,Other,MEDIUM
e4a868a317c1c97e,BSE,SBI Fixed Maturity Plan (FMP) - Series 13 (1108 Days) - Regular Plan - Dividend Payout Option,542744,SBIMF Fortnightly Portfolio 15092026,20-Sep-2026 12:56:38,https://www.bseindia.com/xml-data/corpfiling/AttachLive/747dec2c-e682-4cfe-ab20-e9c8e979fa93.pdf,SBIMF Fortnightly Portfolio 15092026,2026-09-20T08:44:54.064964+00:00,Other,MEDIUM
62d3efb983fb2b09,BSE,SBI Fixed Maturity Plan (FMP) - Series 13 (1108 Days) - Regular Plan - Growth Option,542743,SBIMF Fortnightly Portfolio 15092026,20-Sep-2026 12:56:38,https://www.bseindia.com/xml-data/corpfiling/AttachLive/747dec2c-e682-4cfe-ab20-e9c8e979fa93.pdf,SBIMF Fortnightly Portfolio 15092026,2026-09-20T08:44:54.064985+00:00,Other,MEDIUM
d7417ff95ec7656a,BSE,SBI Fixed Maturity Plan (FMP) - Series 12 (1179 Days) - Direct Plan - Dividend Payout Option,542742,SBIMF Fortnightly Portfolio 15092026,20-Sep-2026 12:56:38,https://www.bseindia.com/xml-data/corpfiling/AttachLive/747dec2c-e682-4cfe-ab20-e9c8e979fa93.pdf,SBIMF Fortnightly Portfolio 15092026,2026-09-20T08:44:54.065008+00:00,Other,MEDIUM
e6c0cdb2348708c5,BSE,SBI Fixed Maturity Plan (FMP) - Series 12 (1179 Days) - Direct Plan - Growth Option,542741,SBIMF Fortnightly Portfolio 15092026,20-Sep-2026 12:56:38,https://www.bseindia.com/xml-data/corpfiling/AttachLive/747dec2c-e682-4cfe-ab20-e9c8e979fa93.pdf,SBIMF Fortnightly Portfolio 15092026,2026-09-20T08:44:54.065030+00:00,Other,MEDIUM
9824eb5039688a14,BSE,SBI Fixed Maturity Plan (FMP) - Series 12 (1179 Days) - Regular Plan - Dividend Payout Option,542740,SBIMF Fortnightly Portfolio 15092026,20-Sep-2026 12:56:38,https://www.bseindia.com/xml-data/corpfiling/AttachLive/747dec2c-e682-4cfe-ab20-e9c8e979fa93.pdf,SBIMF Fortnightly Portfolio 15092026,2026-09-20T08:44:54.065053+00:00,Other,MEDIUM
4df7f51b733c2402,BSE,SBI Fixed Maturity Plan (FMP) - Series 12 (1179 Days) - Regular Plan - Growth Option,542739,SBIMF Fortnightly Portfolio 15092026,20-Sep-2026 12:56:38,https://www.bseindia.com/xml-data/corpfiling/AttachLive/747dec2c-e682-4cfe-ab20-e9c8e979fa93.pdf,SBIMF Fortnightly Portfolio 15092026,2026-09-20T08:44:54.065075+00:00,Other,MEDIUM
dabfd723f0167857,BSE,SBI Fixed Maturity Plan (FMP) - Series 11 (1178 Days) - Direct Plan - Dividend Payout Option,542734,SBIMF Fortnightly Portfolio 15092026,20-Sep-2026 12:56:38,https://www.bseindia.com/xml-data/corpfiling/AttachLive/747dec2c-e682-4cfe-ab20-e9c8e979fa93.pdf,SBIMF Fortnightly Portfolio 15092026,2026-09-20T08:44:54.065106+00:00,Other,MEDIUM
81b49ab01e0adf13,BSE,SBI Fixed Maturity Plan (FMP) - Series 11 (1178 Days) - Direct Plan - Growth Option,542733,SBIMF Fortnightly Portfolio 15092026,20-Sep-2026 12:56:38,https://www.bseindia.com/xml-data/corpfiling/AttachLive/747dec2c-e682-4cfe-ab20-e9c8e979fa93.pdf,SBIMF Fortnightly Portfolio 15092026,2026-09-20T08:44:54.065128+00:00,Other,MEDIUM
e899a853cd6d2980,BSE,SBI Fixed Maturity Plan (FMP) - Series 11 (1178 Days) - Regular Plan - Dividend Payout Option,542732,SBIMF Fortnightly Portfolio 15092026,20-Sep-2026 12:56:38,https://www.bseindia.com/xml-data/corpfiling/AttachLive/747dec2c-e682-4cfe-ab20-e9c8e979fa93.pdf,SBIMF Fortnightly Portfolio 15092026,2026-09-20T08:44:54.065150+00:00,Other,MEDIUM
aeaf33de532f8b51,BSE,SBI Fixed Maturity Plan (FMP) - Series 11 (1178 Days) - Regular Plan - Growth Option,542731,SBIMF Fortnightly Portfolio 15092026,20-Sep-2026 12:56:38,https://www.bseindia.com/xml-data/corpfiling/AttachLive/747dec2c-e682-4cfe-ab20-e9c8e979fa93.pdf,SBIMF Fortnightly Portfolio 15092026,2026-09-20T08:44:54.065172+00:00,Other,MEDIUM
02a9171a4f215699,BSE,SBI Capital Protection Oriented Fund - Series A (Plan 4) (1442 days) - Direct Plan - Growth Option,542723,SBIMF Fortnightly Portfolio 15092026,20-Sep-2026 12:56:38,https://www.bseindia.com/xml-data/corpfiling/AttachLive/747dec2c-e682-4cfe-ab20-e9c8e979fa93.pdf,SBIMF Fortnightly Portfolio 15092026,2026-09-20T08:44:54.065196+00:00,Other,MEDIUM
ea84307dceebd587,BSE,SBI Capital Protection Oriented Fund - Series A (Plan 4) (1442 days) - Regular Plan - Growth Option,542722,SBIMF Fortnightly Portfolio 15092026,20-Sep-2026 12:56:38,https://www.bseindia.com/xml-data/corpfiling/AttachLive/747dec2c-e682-4cfe-ab20-e9c8e979fa93.pdf,SBIMF Fortnightly Portfolio 15092026,2026-09-20T08:44:54.065222+00:00,Other,MEDIUM
53834ef35543c649,BSE,SBI Capital Protection Oriented Fund - Series A (Plan 3) (1441 Days) - Direct Plan - Growth Option,542681,SBIMF Fortnightly Portfolio 15092026,20-Sep-2026 12:56:38,https://www.bseindia.com/xml-data/corpfiling/AttachLive/747dec2c-e682-4cfe-ab20-e9c8e979fa93.pdf,SBIMF Fortnightly Portfolio 15092026,2026-09-20T08:44:54.065246+00:00,Other,MEDIUM
0c0ac5bccf8cc8f1,BSE,SBI Capital Protection Oriented Fund - Series A (Plan 3) (1441 Days) - Regular Plan - Growth Option,542680,SBIMF Fortnightly Portfolio 15092026,20-Sep-2026 12:56:38,https://www.bseindia.com/xml-data/corpfiling/AttachLive/747dec2c-e682-4cfe-ab20-e9c8e979fa93.pdf,SBIMF Fortnightly Portfolio 15092026,2026-09-20T08:44:54.065277+00:00,Other,MEDIUM
8d7bb419a3de2f71,BSE,SBI Debt Fund Series C - 48 (1177 days) - Direct Plan - Dividend Payout Option,542548,SBIMF Fortnightly Portfolio 15092026,20-Sep-2026 12:56:38,https://www.bseindia.com/xml-data/corpfiling/AttachLive/747dec2c-e682-4cfe-ab20-e9c8e979fa93.pdf,SBIMF Fortnightly Portfolio 15092026,2026-09-20T08:44:54.065299+00:00,Other,MEDIUM
a7512ea35de8f742,BSE,SBI Debt Fund Series C - 48 (1177 days) - Direct Plan - Growth Option,542547,SBIMF Fortnightly Portfolio 15092026,20-Sep-2026 12:56:38,https://www.bseindia.com/xml-data/corpfiling/AttachLive/747dec2c-e682-4cfe-ab20-e9c8e979fa93.pdf,SBIMF Fortnightly Portfolio 15092026,2026-09-20T08:44:54.065322+00:00,Other,MEDIUM
d00b12f77f80fce0,BSE,SBI Debt Fund Series C - 48 (1177 days) - Regular Plan - Dividend Payout Option,542546,SBIMF Fortnightly Portfolio 15092026,20-Sep-2026 12:56:38,https://www.bseindia.com/xml-data/corpfiling/AttachLive/747dec2c-e682-4cfe-ab20-e9c8e979fa93.pdf,SBIMF Fortnightly Portfolio 15092026,2026-09-20T08:44:54.065344+00:00,Other,MEDIUM
191a6ab747781a01,BSE,SBI Debt Fund Series C - 48 (1177 days) - Regular Plan - Growth Option,542545,SBIMF Fortnightly Portfolio 15092026,20-Sep-2026 12:56:37,https://www.bseindia.com/xml-data/corpfiling/AttachLive/747dec2c-e682-4cfe-ab20-e9c8e979fa93.pdf,SBIMF Fortnightly Portfolio 15092026,2026-09-20T08:44:54.065365+00:00,Other,MEDIUM
d17baf87210d3729,BSE,SBI Debt Fund Series C- 46 (1178 Days) - Direct Plan - Dividend Payout Option,542512,SBIMF Fortnightly Portfolio 15092026,20-Sep-2026 12:56:37,https://www.bseindia.com/xml-data/corpfiling/AttachLive/747dec2c-e682-4cfe-ab20-e9c8e979fa93.pdf,SBIMF Fortnightly Portfolio 15092026,2026-09-20T08:44:54.065386+00:00,Other,MEDIUM
586c7aa7255417ac,BSE,SBI Debt Fund Series C- 46 (1178 Days) - Direct Plan - Growth Option,542511,SBIMF Fortnightly Portfolio 15092026,20-Sep-2026 12:56:37,https://www.bseindia.com/xml-data/corpfiling/AttachLive/747dec2c-e682-4cfe-ab20-e9c8e979fa93.pdf,SBIMF Fortnightly Portfolio 15092026,2026-09-20T08:44:54.065408+00:00,Other,MEDIUM
27eaf1ea94732a03,BSE,SBI Debt Fund Series C- 46 (1178 Days) - Regular Plan - Dividend Payout Option,542510,SBIMF Fortnightly Portfolio 15092026,20-Sep-2026 12:56:37,https://www.bseindia.com/xml-data/corpfiling/AttachLive/747dec2c-e682-4cfe-ab20-e9c8e979fa93.pdf,SBIMF Fortnightly Portfolio 15092026,2026-09-20T08:44:54.065430+00:00,Other,MEDIUM
ed70a221bf32dda6,BSE,SBI Debt Fund Series C-46 (1178 Days) - Regular Plan - Growth Option,542509,SBIMF Fortnightly Portfolio 15092026,20-Sep-2026 12:56:37,https://www.bseindia.com/xml-data/corpfiling/AttachLive/747dec2c-e682-4cfe-ab20-e9c8e979fa93.pdf,SBIMF Fortnightly Portfolio 15092026,2026-09-20T08:44:54.065450+00:00,Other,MEDIUM
c2802b7b7f9b0bbe,BSE,SBI Debt Fund Series C- 44  (1175 Days) - Direct Plan - Dividend Payout Option,542470,SBIMF Fortnightly Portfolio 15092026,20-Sep-2026 12:56:37,https://www.bseindia.com/xml-data/corpfiling/AttachLive/747dec2c-e682-4cfe-ab20-e9c8e979fa93.pdf,SBIMF Fortnightly Portfolio 15092026,2026-09-20T08:44:54.065472+00:00,Other,MEDIUM
702f3ce0ea0b1c12,BSE,SBI Debt Fund Series C- 44  (1175 Days) - Direct Plan - Growth Option,542468,SBIMF Fortnightly Portfolio 15092026,20-Sep-2026 12:56:37,https://www.bseindia.com/xml-data/corpfiling/AttachLive/747dec2c-e682-4cfe-ab20-e9c8e979fa93.pdf,SBIMF Fortnightly Portfolio 15092026,2026-09-20T08:44:54.065493+00:00,Other,MEDIUM
c0a283b347bc1384,BSE,SBI Debt Fund Series C- 44  (1175 Days) - Regular Plan - Dividend Payout Option,542465,SBIMF Fortnightly Portfolio 15092026,20-Sep-2026 12:56:37,https://www.bseindia.com/xml-data/corpfiling/AttachLive/747dec2c-e682-4cfe-ab20-e9c8e979fa93.pdf,SBIMF Fortnightly Portfolio 15092026,2026-09-20T08:44:54.065514+00:00,Other,MEDIUM
8759730b4ae1b521,BSE,SBI Debt Fund Series C- 44  (1175 Days) - Regular Plan - Growth Option,542463,SBIMF Fortnightly Portfolio 15092026,20-Sep-2026 12:56:37,https://www.bseindia.com/xml-data/corpfiling/AttachLive/747dec2c-e682-4cfe-ab20-e9c8e979fa93.pdf,SBIMF Fortnightly Portfolio 15092026,2026-09-20T08:44:54.065537+00:00,Other,MEDIUM
fe480f37f673940d,BSE,SBI Debt Fund Series C-43 (1176 Days) - Direct Plan - Dividend Payout Option,542445,SBIMF Fortnightly Portfolio 15092026,20-Sep-2026 12:56:37,https://www.bseindia.com/xml-data/corpfiling/AttachLive/747dec2c-e682-4cfe-ab20-e9c8e979fa93.pdf,SBIMF Fortnightly Portfolio 15092026,2026-09-20T08:44:54.065558+00:00,Other,MEDIUM
5ad10a3537159eee,BSE,SBI Debt Fund Series C-43 (1176 Days) - Direct  Plan - Growth Option,542444,SBIMF Fortnightly Portfolio 15092026,20-Sep-2026 12:56:37,https://www.bseindia.com/xml-data/corpfiling/AttachLive/747dec2c-e682-4cfe-ab20-e9c8e979fa93.pdf,SBIMF Fortnightly Portfolio 15092026,2026-09-20T08:44:54.065579+00:00,Other,MEDIUM
934240f15853a482,BSE,SBI Debt Fund Series C- 43 (1176 Days) - Regular Plan - Dividend Payout  Option,542443,SBIMF Fortnightly Portfolio 15092026,20-Sep-2026 12:56:37,https://www.bseindia.com/xml-data/corpfiling/AttachLive/747dec2c-e682-4cfe-ab20-e9c8e979fa93.pdf,SBIMF Fortnightly Portfolio 15092026,2026-09-20T08:44:54.065601+00:00,Other,MEDIUM
221a4c755154ca3d,BSE,SBI Debt Fund Series C-43 (1176 Days) - Regular Plan - Growth Option,542442,SBIMF Fortnightly Portfolio 15092026,20-Sep-2026 12:56:37,https://www.bseindia.com/xml-data/corpfiling/AttachLive/747dec2c-e682-4cfe-ab20-e9c8e979fa93.pdf,SBIMF Fortnightly Portfolio 15092026,2026-09-20T08:44:54.065623+00:00,Other,MEDIUM
d029ab043d53b2f1,BSE,SBI Debt Fund Series C - 41 (1178 Days) -  Direct Plan - Dividend Payout Option,542413,SBIMF Fortnightly Portfolio 15092026,20-Sep-2026 12:56:37,https://www.bseindia.com/xml-data/corpfiling/AttachLive/747dec2c-e682-4cfe-ab20-e9c8e979fa93.pdf,SBIMF Fortnightly Portfolio 15092026,2026-09-20T08:44:54.065645+00:00,Other,MEDIUM
08267e1c0c2cc971,BSE,SBI Debt Fund Series C - 41 (1178 Days) -  Direct Plan - Growth Option,542412,SBIMF Fortnightly Portfolio 15092026,20-Sep-2026 12:56:37,https://www.bseindia.com/xml-data/corpfiling/AttachLive/747dec2c-e682-4cfe-ab20-e9c8e979fa93.pdf,SBIMF Fortnightly Portfolio 15092026,2026-09-20T08:44:54.065666+00:00,Other,MEDIUM
cbe2d07b3d1a5221,BSE,SBI Debt Fund Series C - 41 (1178 Days) -  Regular Plan - Dividend Payout Option,542411,SBIMF Fortnightly Portfolio 15092026,20-Sep-2026 12:56:37,https://www.bseindia.com/xml-data/corpfiling/AttachLive/747dec2c-e682-4cfe-ab20-e9c8e979fa93.pdf,SBIMF Fortnightly Portfolio 15092026,2026-09-20T08:44:54.065690+00:00,Other,MEDIUM
ad7b14016806077a,BSE,SBI Debt Fund Series C - 41 (1178 Days) -  Regular Plan - Growth Option,542410,SBIMF Fortnightly Portfolio 15092026,20-Sep-2026 12:56:37,https://www.bseindia.com/xml-data/corpfiling/AttachLive/747dec2c-e682-4cfe-ab20-e9c8e979fa93.pdf,SBIMF Fortnightly Portfolio 15092026,2026-09-20T08:44:54.065711+00:00,Other,MEDIUM
49032b06a0b27ac7,BSE,SBI Debt Fund Series C-40 (1177Days) - Direct Plan - Dividend Payout Option,542386,SBIMF Fortnightly Portfolio 15092026,20-Sep-2026 12:56:37,https://www.bseindia.com/xml-data/corpfiling/AttachLive/747dec2c-e682-4cfe-ab20-e9c8e979fa93.pdf,SBIMF Fortnightly Portfolio 15092026,2026-09-20T08:44:54.065732+00:00,Other,MEDIUM
f363b0f057a4adc1,BSE,SBI Debt Fund Series C-40 (1177Days) - Direct Plan - Growth Option,542385,SBIMF Fortnightly Portfolio 15092026,20-Sep-2026 12:56:37,https://www.bseindia.com/xml-data/corpfiling/AttachLive/747dec2c-e682-4cfe-ab20-e9c8e979fa93.pdf,SBIMF Fortnightly Portfolio 15092026,2026-09-20T08:44:54.065753+00:00,Other,MEDIUM
f5f093d64ed62365,BSE,SBI Debt Fund Series C-40 (1177Days) - Regular Plan - Dividend Payout Option,542384,SBIMF Fortnightly Portfolio 15092026,20-Sep-2026 12:56:37,https://www.bseindia.com/xml-data/corpfiling/AttachLive/747dec2c-e682-4cfe-ab20-e9c8e979fa93.pdf,SBIMF Fortnightly Portfolio 15092026,2026-09-20T08:44:54.065776+00:00,Other,MEDIUM
a27b16d3225ea775,BSE,SBI Debt Fund Series C-40 (1177Days) - Regular Plan - Growth Option,542382,SBIMF Fortnightly Portfolio 15092026,20-Sep-2026 12:56:37,https://www.bseindia.com/xml-data/corpfiling/AttachLive/747dec2c-e682-4cfe-ab20-e9c8e979fa93.pdf,SBIMF Fortnightly Portfolio 15092026,2026-09-20T08:44:54.065797+00:00,Other,MEDIUM
80b78168690b8d7f,BSE,SBI Debt Fund Series C-38 (1224 Days) - Direct Plan - Dividend Payout Option,542360,SBIMF Fortnightly Portfolio 15092026,20-Sep-2026 12:56:37,https://www.bseindia.com/xml-data/corpfiling/AttachLive/747dec2c-e682-4cfe-ab20-e9c8e979fa93.pdf,SBIMF Fortnightly Portfolio 15092026,2026-09-20T08:44:54.065818+00:00,Other,MEDIUM
fa6a434fd85a65e7,BSE,SBI Debt Fund Series C-38 (1224 Days) - Direct Plan - Growth Option,542359,SBIMF Fortnightly Portfolio 15092026,20-Sep-2026 12:56:37,https://www.bseindia.com/xml-data/corpfiling/AttachLive/747dec2c-e682-4cfe-ab20-e9c8e979fa93.pdf,SBIMF Fortnightly Portfolio 15092026,2026-09-20T08:44:54.065839+00:00,Other,MEDIUM
22455cc61e802462,BSE,SBI Debt Fund Series C-38 (1224 Days) - Regular Plan - Dividend Payout Option,542358,SBIMF Fortnightly Portfolio 15092026,20-Sep-2026 12:56:37,https://www.bseindia.com/xml-data/corpfiling/AttachLive/747dec2c-e682-4cfe-ab20-e9c8e979fa93.pdf,SBIMF Fortnightly Portfolio 15092026,2026-09-20T08:44:54.065861+00:00,Other,MEDIUM
8cfb259617c999c0,BSE,SBI Debt Fund Series C-38 (1224 Days) - Regular Plan - Growth Option,542357,SBIMF Fortnightly Portfolio 15092026,20-Sep-2026 12:56:37,https://www.bseindia.com/xml-data/corpfiling/AttachLive/747dec2c-e682-4cfe-ab20-e9c8e979fa93.pdf,SBIMF Fortnightly Portfolio 15092026,2026-09-20T08:44:54.065881+00:00,Other,MEDIUM
c241b400efe26534,BSE,SBI Debt Fund Series C-35 (1235Days) - Direct Plan - Dividend Payout Option,542299,SBIMF Fortnightly Portfolio 15092026,20-Sep-2026 12:56:37,https://www.bseindia.com/xml-data/corpfiling/AttachLive/747dec2c-e682-4cfe-ab20-e9c8e979fa93.pdf,SBIMF Fortnightly Portfolio 15092026,2026-09-20T08:44:54.065902+00:00,Other,MEDIUM
addf3d4bc1948f8c,BSE,SBI Debt Fund Series C-35 (1235Days) - Direct Plan - Growth Option,542298,SBIMF Fortnightly Portfolio 15092026,20-Sep-2026 12:56:37,https://www.bseindia.com/xml-data/corpfiling/AttachLive/747dec2c-e682-4cfe-ab20-e9c8e979fa93.pdf,SBIMF Fortnightly Portfolio 15092026,2026-09-20T08:44:54.065922+00:00,Other,MEDIUM
8210ad0e67413dc7,BSE,SBI Debt Fund Series C-35 (1235Days) - Regular Plan - Dividend Payout Option,542297,SBIMF Fortnightly Portfolio 15092026,20-Sep-2026 12:56:37,https://www.bseindia.com/xml-data/corpfiling/AttachLive/747dec2c-e682-4cfe-ab20-e9c8e979fa93.pdf,SBIMF Fortnightly Portfolio 15092026,2026-09-20T08:44:54.065943+00:00,Other,MEDIUM
20eadbeafd62f266,BSE,SBI Debt Fund Series C-35 (1235Days) - Regular Plan - Growth Option,542296,SBIMF Fortnightly Portfolio 15092026,20-Sep-2026 12:56:37,https://www.bseindia.com/xml-data/corpfiling/AttachLive/747dec2c-e682-4cfe-ab20-e9c8e979fa93.pdf,SBIMF Fortnightly Portfolio 15092026,2026-09-20T08:44:54.065963+00:00,Other,MEDIUM
1dddb911039203b9,BSE,SBI Debt Fund Series C-34 (1211Days) - Direct Plan - Dividend Payout Option,542284,SBIMF Fortnightly Portfolio 15092026,20-Sep-2026 12:56:37,https://www.bseindia.com/xml-data/corpfiling/AttachLive/747dec2c-e682-4cfe-ab20-e9c8e979fa93.pdf,SBIMF Fortnightly Portfolio 15092026,2026-09-20T08:44:54.065984+00:00,Other,MEDIUM
0ea5e9b3984b5d2b,BSE,SBI Debt Fund Series C-34 (1211Days) - Direct Plan - Growth Option,542283,SBIMF Fortnightly Portfolio 15092026,20-Sep-2026 12:56:37,https://www.bseindia.com/xml-data/corpfiling/AttachLive/747dec2c-e682-4cfe-ab20-e9c8e979fa93.pdf,SBIMF Fortnightly Portfolio 15092026,2026-09-20T08:44:54.066004+00:00,Other,MEDIUM
8621f0883dc34830,BSE,SBI Debt Fund Series C-34 (1211Days) - Regular Plan - Dividend Payout  Option,542282,SBIMF Fortnightly Portfolio 15092026,20-Sep-2026 12:56:37,https://www.bseindia.com/xml-data/corpfiling/AttachLive/747dec2c-e682-4cfe-ab20-e9c8e979fa93.pdf,SBIMF Fortnightly Portfolio 15092026,2026-09-20T08:44:54.066025+00:00,Other,MEDIUM
5ebda1c57c71b6ab,BSE,SBI Debt Fund Series C-34 (1211Days) - Regular Plan - Growth Option,542281,SBIMF Fortnightly Portfolio 15092026,20-Sep-2026 12:56:37,https://www.bseindia.com/xml-data/corpfiling/AttachLive/747dec2c-e682-4cfe-ab20-e9c8e979fa93.pdf,SBIMF Fortnightly Portfolio 15092026,2026-09-20T08:44:54.066045+00:00,Other,MEDIUM
2129bb589ed49f8b,BSE,SBI Debt Fund Series C - 33 (1216 days) - Direct Plan - Dividend Patout Option,542261,SBIMF Fortnightly Portfolio 15092026,20-Sep-2026 12:56:37,https://www.bseindia.com/xml-data/corpfiling/AttachLive/747dec2c-e682-4cfe-ab20-e9c8e979fa93.pdf,SBIMF Fortnightly Portfolio 15092026,2026-09-20T08:44:54.066067+00:00,Other,MEDIUM
6ae3b7520385b265,BSE,SBI Debt Fund Series C - 33 (1216 days) - Direct Plan - Growth Option,542260,SBIMF Fortnightly Portfolio 15092026,20-Sep-2026 12:56:37,https://www.bseindia.com/xml-data/corpfiling/AttachLive/747dec2c-e682-4cfe-ab20-e9c8e979fa93.pdf,SBIMF Fortnightly Portfolio 15092026,2026-09-20T08:44:54.066097+00:00,Other,MEDIUM
25f650fab426e651,BSE,SBI Debt Fund Series C - 33 (1216 days) - Regular Plan - Dividend Payout Option,542259,SBIMF Fortnightly Portfolio 15092026,20-Sep-2026 12:56:37,https://www.bseindia.com/xml-data/corpfiling/AttachLive/747dec2c-e682-4cfe-ab20-e9c8e979fa93.pdf,SBIMF Fortnightly Portfolio 15092026,2026-09-20T08:44:54.066121+00:00,Other,MEDIUM
50fe9f3103bf3885,BSE,SBI Debt Fund Series C - 33 (1216 days) - Regular Plan - Growth Option,542258,SBIMF Fortnightly Portfolio 15092026,20-Sep-2026 12:56:37,https://www.bseindia.com/xml-data/corpfiling/AttachLive/747dec2c-e682-4cfe-ab20-e9c8e979fa93.pdf,SBIMF Fortnightly Portfolio 15092026,2026-09-20T08:44:54.066141+00:00,Other,MEDIUM
13af7f2b57bbba87,BSE,SBI Debt Fund Series C-32 (1223 Days) - Direct Plan - Dividend Payout  Option,542220,SBIMF Fortnightly Portfolio 15092026,20-Sep-2026 12:56:37,https://www.bseindia.com/xml-data/corpfiling/AttachLive/747dec2c-e682-4cfe-ab20-e9c8e979fa93.pdf,SBIMF Fortnightly Portfolio 15092026,2026-09-20T08:44:54.066163+00:00,Other,MEDIUM
0b3b3263a5675fe0,BSE,SBI Debt Fund Series C-32 (1223Days) - Direct Plan - Growth Option,542219,SBIMF Fortnightly Portfolio 15092026,20-Sep-2026 12:56:37,https://www.bseindia.com/xml-data/corpfiling/AttachLive/747dec2c-e682-4cfe-ab20-e9c8e979fa93.pdf,SBIMF Fortnightly Portfolio 15092026,2026-09-20T08:44:54.066183+00:00,Other,MEDIUM
be9ace8cb5bcf48e,BSE,SBI Debt Fund Series C-32 (1223Days) - Regular Plan - Dividend Payout  Option,542218,SBIMF Fortnightly Portfolio 15092026,20-Sep-2026 12:56:37,https://www.bseindia.com/xml-data/corpfiling/AttachLive/747dec2c-e682-4cfe-ab20-e9c8e979fa93.pdf,SBIMF Fortnightly Portfolio 15092026,2026-09-20T08:44:54.066204+00:00,Other,MEDIUM
11d718f2f61323dd,BSE,SBI Debt Fund Series C-32 (1223Days) - Regular Plan - Growth Option,542217,SBIMF Fortnightly Portfolio 15092026,20-Sep-2026 12:56:37,https://www.bseindia.com/xml-data/corpfiling/AttachLive/747dec2c-e682-4cfe-ab20-e9c8e979fa93.pdf,SBIMF Fortnightly Portfolio 15092026,2026-09-20T08:44:54.066224+00:00,Other,MEDIUM
63c8227e0d02c50e,BSE,SBI - ETF - SENSEX NEXT 50,541972,SBIMF Fortnightly Portfolio 15092026,20-Sep-2026 12:56:37,https://www.bseindia.com/xml-data/corpfiling/AttachLive/747dec2c-e682-4cfe-ab20-e9c8e979fa93.pdf,SBIMF Fortnightly Portfolio 15092026,2026-09-20T08:44:54.066244+00:00,Other,MEDIUM
898423e903167634,BSE,SBI DUAL ADVANTAGE FUND-SERIES XVIII-DIRECT PLAN-DIVIDEND PAYOUT,540242,SBIMF Fortnightly Portfolio 15092026,20-Sep-2026 12:56:37,https://www.bseindia.com/xml-data/corpfiling/AttachLive/747dec2c-e682-4cfe-ab20-e9c8e979fa93.pdf,SBIMF Fortnightly Portfolio 15092026,2026-09-20T08:44:54.066264+00:00,Other,MEDIUM
36268245f23b4d3f,BSE,SBI DUAL ADVANTAGE FUND-SERIES XVIII-DIRECT PLAN-GROWTH,540241,SBIMF Fortnightly Portfolio 15092026,20-Sep-2026 12:56:37,https://www.bseindia.com/xml-data/corpfiling/AttachLive/747dec2c-e682-4cfe-ab20-e9c8e979fa93.pdf,SBIMF Fortnightly Portfolio 15092026,2026-09-20T08:44:54.066283+00:00,Other,MEDIUM
1ca6f31467821710,BSE,SBI DUAL ADVANTAGE FUND-SERIES XVIII-REGULAR PLAN-DIVIDEND PAYOUT,540240,SBIMF Fortnightly Portfolio 15092026,20-Sep-2026 12:56:37,https://www.bseindia.com/xml-data/corpfiling/AttachLive/747dec2c-e682-4cfe-ab20-e9c8e979fa93.pdf,SBIMF Fortnightly Portfolio 15092026,2026-09-20T08:44:54.066305+00:00,Other,MEDIUM
90fe9a4f60a95425,BSE,SBI DUAL ADVANTAGE FUND-SERIES XVIII-REGULAR PLAN-GROWTH,540239,SBIMF Fortnightly Portfolio 15092026,20-Sep-2026 12:56:37,https://www.bseindia.com/xml-data/corpfiling/AttachLive/747dec2c-e682-4cfe-ab20-e9c8e979fa93.pdf,SBIMF Fortnightly Portfolio 15092026,2026-09-20T08:44:54.066324+00:00,Other,MEDIUM
620cace06f5308d7,BSE,SBI Mutual Fund - SBI - ETF BSE 100,539031,SBIMF Fortnightly Portfolio 15092026,20-Sep-2026 12:56:37,https://www.bseindia.com/xml-data/corpfiling/AttachLive/747dec2c-e682-4cfe-ab20-e9c8e979fa93.pdf,SBIMF Fortnightly Portfolio 15092026,2026-09-20T08:44:54.066342+00:00,Other,MEDIUM
d31c08f4e36a11af,BSE,SBI Debt Fund Series A-24- Direct Plan -Growth,538341,SBIMF Fortnightly Portfolio 15092026,20-Sep-2026 12:56:37,https://www.bseindia.com/xml-data/corpfiling/AttachLive/747dec2c-e682-4cfe-ab20-e9c8e979fa93.pdf,SBIMF Fortnightly Portfolio 15092026,2026-09-20T08:44:54.066361+00:00,Other,MEDIUM
04409ca7caebe1c7,BSE,SBI Mutual Fund - SBI Sensex ETF,535276,SBIMF Fortnightly Portfolio 15092026,20-Sep-2026 12:56:37,https://www.bseindia.com/xml-data/corpfiling/AttachLive/747dec2c-e682-4cfe-ab20-e9c8e979fa93.pdf,SBIMF Fortnightly Portfolio 15092026,2026-09-20T08:44:54.066379+00:00,Other,MEDIUM
4bce7a3933c7eb40,BSE,Sansera Engineering Ltd,543358,Intimation about analysts meet in Bangalore,20-Sep-2026 12:50:31,https://www.bseindia.com/xml-data/corpfiling/AttachLive/b8f574e8-f8c4-441d-8cd2-5b072451674a.pdf,Intimation about analysts meet in Bangalore,2026-09-20T08:44:54.066396+00:00,Other,MEDIUM
b87669d8f31fa4f9,BSE,Netweb Technologies India Ltd,543945,AGM scrutinizer report and voting results,20-Sep-2026 12:27:56,https://www.bseindia.com/xml-data/corpfiling/AttachLive/9d9bfd33-7379-4ef0-87c5-41cca1961fb2.pdf,AGM scrutinizer report and voting results,2026-09-20T08:44:54.066414+00:00,Other,MEDIUM
ab02d1eb386f6c7b,BSE,Coforge Ltd,532541,"""Coforge Advances AI- Powered Vehicle Lifecycle Intelligence""",20-Sep-2026 11:43:02,https://www.bseindia.com/xml-data/corpfiling/AttachLive/da3441bc-f240-4b14-9ca6-2950cbb893ec.pdf,"""Coforge Advances AI- Powered Vehicle Lifecycle Intelligence""",2026-09-20T08:44:54.066431+00:00,Other,MEDIUM
64b950bf69fad3bc,BSE,Bagmane Prime Office REIT,544758,Bagmane Prime Office REIT has informed the Exchange regarding Disclosure of material issue,20-Sep-2026 11:17:27,https://www.bseindia.com/xml-data/corpfiling/AttachLive/2e210bd2-18c4-4f2d-bd03-0286a6eb6383.pdf,Bagmane Prime Office REIT has informed the Exchange regarding Disclosure of material issue,2026-09-20T08:44:54.066471+00:00,Other,MEDIUM
02eac704c1ed90ca,BSE,Bright Brothers Ltd-$,526731,We enclose herewith Scrutinizer''s Report pertaining to the results of the voting during E-voting and voting conducted during the Annual General Meeting.,20-Sep-2026 10:38:22,https://www.bseindia.com/xml-data/corpfiling/AttachLive/24a1be9e-17e3-478a-a073-58c79a2fd931.pdf,"We enclose herewith Scrutinizer''s Report pertaining to the results of the voting during E-voting and voting conducted during the Annual General Meeting.

Please take the same on record.",2026-09-20T08:44:54.066502+00:00,Other,MEDIUM
bc35a3f442b51fcb,BSE,Welspun Enterprises Ltd,532553,"Welspun Enterprisers has informed the exchange about receiving of Letter of Award by Welspun Michigan Engineers Limited, Material Subsidiary of the Company",20-Sep-2026 10:37:50,https://www.bseindia.com/xml-data/corpfiling/AttachLive/9fb3dab1-3a38-4a20-845b-45514f633f92.pdf,"Welspun Enterprisers has informed the exchange about receiving of Letter of Award by Welspun Michigan Engineers Limited, Material Subsidiary of the Company",2026-09-20T08:44:54.066527+00:00,Order Win,HIGH
fe895aa47c84eecb,BSE,CG Power and Industrial Solutions Ltd,500093,"Please find enclosed the disclosure on allotment of 18,250 equity shares on 19th September 2026 pursuant to the Company''s ESOP Plan 2021.",20-Sep-2026 10:09:11,https://www.bseindia.com/xml-data/corpfiling/AttachLive/6638a4d4-0c14-4d07-a8b3-ceaf26f78435.pdf,"Please find enclosed the disclosure on allotment of 18,250 equity shares on 19th September 2026 pursuant to the Company''s ESOP Plan 2021.",2026-09-20T08:44:54.066553+00:00,Fund Raise,HIGH
1bd4d347ae820a95,BSE,Tulsyan NEC Ltd-$,513629,Video recording link of 79th AGM of the company,20-Sep-2026 09:00:36,https://www.bseindia.com/xml-data/corpfiling/AttachLive/0b4d4e38-4c99-46ef-9241-02a350238eff.pdf,Video recording link of 79th AGM of the company,2026-09-20T08:44:54.066570+00:00,Other,MEDIUM
9abad95ffd5bb9a4,BSE,Nirlon Ltd,500307,"The Combined e-voting results for the 67th AGM held on Friday, September 18, 2026 published on September 19, 2026 in newspapers.",20-Sep-2026 07:21:57,https://www.bseindia.com/xml-data/corpfiling/AttachLive/af971319-5c7b-4830-95e6-40503a3c5927.pdf,"The Combined e-voting results for the 67th AGM held on Friday, September 18, 2026 published on September 19, 2026 in newspapers.",2026-09-20T08:44:54.066593+00:00,Other,MEDIUM
