unique_id,source,company,scrip_code,headline,published_date,url,raw_text,collected_at
ff53a3fd70323809,BSE,SBI Nifty 500 Index Fund - Direct Plan - IDCW (9004258),,SBI Nifty 500 Index Fund - Direct Plan - IDCW (9004258),20-Sep-2026 12:56:49,https://www.bseindia.com/xml-data/corpfiling/AttachLive/747dec2c-e682-4cfe-ab20-e9c8e979fa93.pdf,SBIMF Fortnightly Portfolio 15092026,2026-09-20T07:27:45.091385+00:00
0c9f81edef44e7c1,BSE,SBI Innovative Opportunities Fund - Regular Plan - IDCW (9004257),,SBI Innovative Opportunities Fund - Regular Plan - IDCW (9004257),20-Sep-2026 12:56:49,https://www.bseindia.com/xml-data/corpfiling/AttachLive/747dec2c-e682-4cfe-ab20-e9c8e979fa93.pdf,SBIMF Fortnightly Portfolio 15092026,2026-09-20T07:27:45.091439+00:00
4ca5bdb538b0b375,BSE,SBI Automotive Opportunities Fund-Regular Growth (9004256),,SBI Automotive Opportunities Fund-Regular Growth (9004256),20-Sep-2026 12:56:49,https://www.bseindia.com/xml-data/corpfiling/AttachLive/747dec2c-e682-4cfe-ab20-e9c8e979fa93.pdf,SBIMF Fortnightly Portfolio 15092026,2026-09-20T07:27:45.091466+00:00
c360e5ceeddb91c9,BSE,SBI Innovative Opportunities Fund - Direct Growth (9004255),,SBI Innovative Opportunities Fund - Direct Growth (9004255),20-Sep-2026 12:56:49,https://www.bseindia.com/xml-data/corpfiling/AttachLive/747dec2c-e682-4cfe-ab20-e9c8e979fa93.pdf,SBIMF Fortnightly Portfolio 15092026,2026-09-20T07:27:45.091490+00:00
12c9d140736f5eb8,BSE,SBI Innovative Opportunities Fund - Direct Plan - IDCW (9004254),,SBI Innovative Opportunities Fund - Direct Plan - IDCW (9004254),20-Sep-2026 12:56:49,https://www.bseindia.com/xml-data/corpfiling/AttachLive/747dec2c-e682-4cfe-ab20-e9c8e979fa93.pdf,SBIMF Fortnightly Portfolio 15092026,2026-09-20T07:27:45.091513+00:00
f52c84244b2e26d6,BSE,SBI Silver ETF Fund of Fund - Direct Plan - IDCW (9004253),,SBI Silver ETF Fund of Fund - Direct Plan - IDCW (9004253),20-Sep-2026 12:56:49,https://www.bseindia.com/xml-data/corpfiling/AttachLive/747dec2c-e682-4cfe-ab20-e9c8e979fa93.pdf,SBIMF Fortnightly Portfolio 15092026,2026-09-20T07:27:45.091539+00:00
f5c6cb55cf926c0b,BSE,SBI Silver ETF Fund of Fund - Regular Plan - IDCW Payout (9004252),,SBI Silver ETF Fund of Fund - Regular Plan - IDCW Payout (9004252),20-Sep-2026 12:56:49,https://www.bseindia.com/xml-data/corpfiling/AttachLive/747dec2c-e682-4cfe-ab20-e9c8e979fa93.pdf,SBIMF Fortnightly Portfolio 15092026,2026-09-20T07:27:45.091562+00:00
213d21fc5c5b73ce,BSE,SBI Automotive Opportunities Fund- Direct Plan - IDCW (9004251),,SBI Automotive Opportunities Fund- Direct Plan - IDCW (9004251),20-Sep-2026 12:56:48,https://www.bseindia.com/xml-data/corpfiling/AttachLive/747dec2c-e682-4cfe-ab20-e9c8e979fa93.pdf,SBIMF Fortnightly Portfolio 15092026,2026-09-20T07:27:45.091585+00:00
60497fa317051473,BSE,SBI Energy Opportunities Fund - Direct Growth (9004250),,SBI Energy Opportunities Fund - Direct Growth (9004250),20-Sep-2026 12:56:48,https://www.bseindia.com/xml-data/corpfiling/AttachLive/747dec2c-e682-4cfe-ab20-e9c8e979fa93.pdf,SBIMF Fortnightly Portfolio 15092026,2026-09-20T07:27:45.091609+00:00
dc60b4460ffb9313,BSE,SBI Nifty 500 Index Fund - Regular Plan - IDCW (9004249),,SBI Nifty 500 Index Fund - Regular Plan - IDCW (9004249),20-Sep-2026 12:56:48,https://www.bseindia.com/xml-data/corpfiling/AttachLive/747dec2c-e682-4cfe-ab20-e9c8e979fa93.pdf,SBIMF Fortnightly Portfolio 15092026,2026-09-20T07:27:45.091634+00:00
e517bb84e9f72aff,BSE,SBI Automotive Opportunities Fund - Direct Growth (9004248),,SBI Automotive Opportunities Fund - Direct Growth (9004248),20-Sep-2026 12:56:48,https://www.bseindia.com/xml-data/corpfiling/AttachLive/747dec2c-e682-4cfe-ab20-e9c8e979fa93.pdf,SBIMF Fortnightly Portfolio 15092026,2026-09-20T07:27:45.091667+00:00
667c36e1d05c04a1,BSE,SBI Innovative Opportunities Fund - Direct Plan - IDCW Payout (9004247),,SBI Innovative Opportunities Fund - Direct Plan - IDCW Payout (9004247),20-Sep-2026 12:56:48,https://www.bseindia.com/xml-data/corpfiling/AttachLive/747dec2c-e682-4cfe-ab20-e9c8e979fa93.pdf,SBIMF Fortnightly Portfolio 15092026,2026-09-20T07:27:45.091690+00:00
28bc47dfbeffc0f6,BSE,SBI Nifty50 Equal Weight Index Fund-Regular Plan-IDCW Payout (9004246),,SBI Nifty50 Equal Weight Index Fund-Regular Plan-IDCW Payout (9004246),20-Sep-2026 12:56:48,https://www.bseindia.com/xml-data/corpfiling/AttachLive/747dec2c-e682-4cfe-ab20-e9c8e979fa93.pdf,SBIMF Fortnightly Portfolio 15092026,2026-09-20T07:27:45.091713+00:00
c578ea7e07be2b6b,BSE,SBI Energy Opportunities Fund- Direct Plan - IDCW Payout (9004245),,SBI Energy Opportunities Fund- Direct Plan - IDCW Payout (9004245),20-Sep-2026 12:56:48,https://www.bseindia.com/xml-data/corpfiling/AttachLive/747dec2c-e682-4cfe-ab20-e9c8e979fa93.pdf,SBIMF Fortnightly Portfolio 15092026,2026-09-20T07:27:45.091736+00:00
3b42e0a46b12c757,BSE,SBI BSE Sensex Index Fund - Regular Plan - IDCW (9004244),,SBI BSE Sensex Index Fund - Regular Plan - IDCW (9004244),20-Sep-2026 12:56:48,https://www.bseindia.com/xml-data/corpfiling/AttachLive/747dec2c-e682-4cfe-ab20-e9c8e979fa93.pdf,SBIMF Fortnightly Portfolio 15092026,2026-09-20T07:27:45.091758+00:00
b162cba1f306347f,BSE,SBI Fixed Maturity Plan (FMP)-Series 81 (1157 Days) Direct Growth (9004243),,SBI Fixed Maturity Plan (FMP)-Series 81 (1157 Days) Direct Growth (9004243),20-Sep-2026 12:56:48,https://www.bseindia.com/xml-data/corpfiling/AttachLive/747dec2c-e682-4cfe-ab20-e9c8e979fa93.pdf,SBIMF Fortnightly Portfolio 15092026,2026-09-20T07:27:45.091781+00:00
3ca48bc053797246,BSE,SBI Dividend Yield Fund - Regular Plan - IDCW (9004242),,SBI Dividend Yield Fund - Regular Plan - IDCW (9004242),20-Sep-2026 12:56:48,https://www.bseindia.com/xml-data/corpfiling/AttachLive/747dec2c-e682-4cfe-ab20-e9c8e979fa93.pdf,SBIMF Fortnightly Portfolio 15092026,2026-09-20T07:27:45.091805+00:00
72b78524edd7f6a6,BSE,SBI SILVER ETF (9004241),,SBI SILVER ETF (9004241),20-Sep-2026 12:56:48,https://www.bseindia.com/xml-data/corpfiling/AttachLive/747dec2c-e682-4cfe-ab20-e9c8e979fa93.pdf,SBIMF Fortnightly Portfolio 15092026,2026-09-20T07:27:45.091826+00:00
bbad45814fa61d34,BSE,SBI Dividend Yield Fund - Direct Plan - Growth (9004240),,SBI Dividend Yield Fund - Direct Plan - Growth (9004240),20-Sep-2026 12:56:48,https://www.bseindia.com/xml-data/corpfiling/AttachLive/747dec2c-e682-4cfe-ab20-e9c8e979fa93.pdf,SBIMF Fortnightly Portfolio 15092026,2026-09-20T07:27:45.091849+00:00
5f9b1ffc513b6e69,BSE,SBI BSE Sensex Index Fund-Regular Plan-IDCW Payout (9004239),,SBI BSE Sensex Index Fund-Regular Plan-IDCW Payout (9004239),20-Sep-2026 12:56:48,https://www.bseindia.com/xml-data/corpfiling/AttachLive/747dec2c-e682-4cfe-ab20-e9c8e979fa93.pdf,SBIMF Fortnightly Portfolio 15092026,2026-09-20T07:27:45.091872+00:00
739e701424facab5,BSE,SBI Automotive Opportunities Fund-Regular Plan-IDCW (9004238),,SBI Automotive Opportunities Fund-Regular Plan-IDCW (9004238),20-Sep-2026 12:56:48,https://www.bseindia.com/xml-data/corpfiling/AttachLive/747dec2c-e682-4cfe-ab20-e9c8e979fa93.pdf,SBIMF Fortnightly Portfolio 15092026,2026-09-20T07:27:45.091893+00:00
ae17a728af9509ff,BSE,SBI Nifty 500 Index Fund - Direct Growth (9004237),,SBI Nifty 500 Index Fund - Direct Growth (9004237),20-Sep-2026 12:56:48,https://www.bseindia.com/xml-data/corpfiling/AttachLive/747dec2c-e682-4cfe-ab20-e9c8e979fa93.pdf,SBIMF Fortnightly Portfolio 15092026,2026-09-20T07:27:45.091915+00:00
19136dbe843e2393,BSE,SBI Nifty 500 Index Fund - Regular Growth (9004236),,SBI Nifty 500 Index Fund - Regular Growth (9004236),20-Sep-2026 12:56:48,https://www.bseindia.com/xml-data/corpfiling/AttachLive/747dec2c-e682-4cfe-ab20-e9c8e979fa93.pdf,SBIMF Fortnightly Portfolio 15092026,2026-09-20T07:27:45.091936+00:00
6cba5e2c61eba6c1,BSE,SBI BSE Sensex Index Fund-Direct Plan-Growth (9004235),,SBI BSE Sensex Index Fund-Direct Plan-Growth (9004235),20-Sep-2026 12:56:48,https://www.bseindia.com/xml-data/corpfiling/AttachLive/747dec2c-e682-4cfe-ab20-e9c8e979fa93.pdf,SBIMF Fortnightly Portfolio 15092026,2026-09-20T07:27:45.091959+00:00
200a5fdea29b1674,BSE,SBI Dividend Yield Fund - Direct Plan - IDCW (9004234),,SBI Dividend Yield Fund - Direct Plan - IDCW (9004234),20-Sep-2026 12:56:48,https://www.bseindia.com/xml-data/corpfiling/AttachLive/747dec2c-e682-4cfe-ab20-e9c8e979fa93.pdf,SBIMF Fortnightly Portfolio 15092026,2026-09-20T07:27:45.091981+00:00
8bd3a5df442eb7b5,BSE,SBI Innovative Opportunities Fund - Regular Growth (9004233),,SBI Innovative Opportunities Fund - Regular Growth (9004233),20-Sep-2026 12:56:48,https://www.bseindia.com/xml-data/corpfiling/AttachLive/747dec2c-e682-4cfe-ab20-e9c8e979fa93.pdf,SBIMF Fortnightly Portfolio 15092026,2026-09-20T07:27:45.092004+00:00
099f9ab2601e8910,BSE,SBI BSE Sensex Index Fund - Direct Plan - IDCW (9004232),,SBI BSE Sensex Index Fund - Direct Plan - IDCW (9004232),20-Sep-2026 12:56:48,https://www.bseindia.com/xml-data/corpfiling/AttachLive/747dec2c-e682-4cfe-ab20-e9c8e979fa93.pdf,SBIMF Fortnightly Portfolio 15092026,2026-09-20T07:27:45.092026+00:00
c0d57d9b5df90140,BSE,SBI CRISIL IBX Gilt Index - June 2036 Fund - Regular Plan - IDCW Payout (9004231),,SBI CRISIL IBX Gilt Index - June 2036 Fund - Regular Plan - IDCW Payout (9004231),20-Sep-2026 12:56:48,https://www.bseindia.com/xml-data/corpfiling/AttachLive/747dec2c-e682-4cfe-ab20-e9c8e979fa93.pdf,SBIMF Fortnightly Portfolio 15092026,2026-09-20T07:27:45.092050+00:00
86cce564aec0f122,BSE,SBI CRISIL IBX SDL Index - September 2027 Fund - Direct Plan - IDCW Payout (9004230),,SBI CRISIL IBX SDL Index - September 2027 Fund - Direct Plan - IDCW Payout (9004230),20-Sep-2026 12:56:48,https://www.bseindia.com/xml-data/corpfiling/AttachLive/747dec2c-e682-4cfe-ab20-e9c8e979fa93.pdf,SBIMF Fortnightly Portfolio 15092026,2026-09-20T07:27:45.092073+00:00
9048862ac163b274,BSE,SBI Fixed Maturity Plan (FMP) - Series 73 (1226 Days) Dir Growth (9004229),,SBI Fixed Maturity Plan (FMP) - Series 73 (1226 Days) Dir Growth (9004229),20-Sep-2026 12:56:48,https://www.bseindia.com/xml-data/corpfiling/AttachLive/747dec2c-e682-4cfe-ab20-e9c8e979fa93.pdf,SBIMF Fortnightly Portfolio 15092026,2026-09-20T07:27:45.092097+00:00
df932b566ee4553b,BSE,SBI Nifty India Consumption Index Fund - Direct Growth (9004228),,SBI Nifty India Consumption Index Fund - Direct Growth (9004228),20-Sep-2026 12:56:48,https://www.bseindia.com/xml-data/corpfiling/AttachLive/747dec2c-e682-4cfe-ab20-e9c8e979fa93.pdf,SBIMF Fortnightly Portfolio 15092026,2026-09-20T07:27:45.092118+00:00
c181bb48ccc20f27,BSE,SBI Nifty50 Equal Weight Index Fund-Direct Plan-IDCW Payout (9004227),,SBI Nifty50 Equal Weight Index Fund-Direct Plan-IDCW Payout (9004227),20-Sep-2026 12:56:48,https://www.bseindia.com/xml-data/corpfiling/AttachLive/747dec2c-e682-4cfe-ab20-e9c8e979fa93.pdf,SBIMF Fortnightly Portfolio 15092026,2026-09-20T07:27:45.092141+00:00
9bde8ded24a7523f,BSE,SBI Nifty India Consumption Index Fund - Regular Growth (9004226),,SBI Nifty India Consumption Index Fund - Regular Growth (9004226),20-Sep-2026 12:56:48,https://www.bseindia.com/xml-data/corpfiling/AttachLive/747dec2c-e682-4cfe-ab20-e9c8e979fa93.pdf,SBIMF Fortnightly Portfolio 15092026,2026-09-20T07:27:45.092163+00:00
3acdf30b334b9514,BSE,SBI Fixed Maturity Plan (FMP) - Series 72 (1239 Days) Dir Growth (9004225),,SBI Fixed Maturity Plan (FMP) - Series 72 (1239 Days) Dir Growth (9004225),20-Sep-2026 12:56:48,https://www.bseindia.com/xml-data/corpfiling/AttachLive/747dec2c-e682-4cfe-ab20-e9c8e979fa93.pdf,SBIMF Fortnightly Portfolio 15092026,2026-09-20T07:27:45.092186+00:00
16ac171f31458d25,BSE,SBI Silver ETF Fund of Fund - Direct Growth (9004224),,SBI Silver ETF Fund of Fund - Direct Growth (9004224),20-Sep-2026 12:56:48,https://www.bseindia.com/xml-data/corpfiling/AttachLive/747dec2c-e682-4cfe-ab20-e9c8e979fa93.pdf,SBIMF Fortnightly Portfolio 15092026,2026-09-20T07:27:45.092208+00:00
c179197add1f2c59,BSE,SBI Nifty50 Equal Weight Index Fund-Direct Plan-Growth (9004223),,SBI Nifty50 Equal Weight Index Fund-Direct Plan-Growth (9004223),20-Sep-2026 12:56:48,https://www.bseindia.com/xml-data/corpfiling/AttachLive/747dec2c-e682-4cfe-ab20-e9c8e979fa93.pdf,SBIMF Fortnightly Portfolio 15092026,2026-09-20T07:27:45.092231+00:00
633f4fc5c6920ff8,BSE,SBI Multicap Fund - Direct Plan - IDCW Payout (9004222),,SBI Multicap Fund - Direct Plan - IDCW Payout (9004222),20-Sep-2026 12:56:48,https://www.bseindia.com/xml-data/corpfiling/AttachLive/747dec2c-e682-4cfe-ab20-e9c8e979fa93.pdf,SBIMF Fortnightly Portfolio 15092026,2026-09-20T07:27:45.092252+00:00
15e3d1095c56b130,BSE,SBI Fixed Maturity Plan (FMP) - Series 47 (1434 Days) Direct Plan - IDCW (9004221),,SBI Fixed Maturity Plan (FMP) - Series 47 (1434 Days) Direct Plan - IDCW (9004221),20-Sep-2026 12:56:48,https://www.bseindia.com/xml-data/corpfiling/AttachLive/747dec2c-e682-4cfe-ab20-e9c8e979fa93.pdf,SBIMF Fortnightly Portfolio 15092026,2026-09-20T07:27:45.092277+00:00
3dfb00a6d71c0884,BSE,SBI CRISIL IBX Gilt Index - June 2036 Fund - Regular Plan - Growth (9004220),,SBI CRISIL IBX Gilt Index - June 2036 Fund - Regular Plan - Growth (9004220),20-Sep-2026 12:56:48,https://www.bseindia.com/xml-data/corpfiling/AttachLive/747dec2c-e682-4cfe-ab20-e9c8e979fa93.pdf,SBIMF Fortnightly Portfolio 15092026,2026-09-20T07:27:45.092302+00:00
ebd981069149efa1,BSE,SBI CRISIL IBX SDL Index - September 2027 Fund - Direct Plan - Growth (9004219),,SBI CRISIL IBX SDL Index - September 2027 Fund - Direct Plan - Growth (9004219),20-Sep-2026 12:56:48,https://www.bseindia.com/xml-data/corpfiling/AttachLive/747dec2c-e682-4cfe-ab20-e9c8e979fa93.pdf,SBIMF Fortnightly Portfolio 15092026,2026-09-20T07:27:45.092324+00:00
d79e08b4af7a26aa,BSE,SBI Fixed Maturity Plan (FMP)- Series 74 (1243 Days) - Regular Growth (9004218),,SBI Fixed Maturity Plan (FMP)- Series 74 (1243 Days) - Regular Growth (9004218),20-Sep-2026 12:56:48,https://www.bseindia.com/xml-data/corpfiling/AttachLive/747dec2c-e682-4cfe-ab20-e9c8e979fa93.pdf,SBIMF Fortnightly Portfolio 15092026,2026-09-20T07:27:45.092347+00:00
cbd634390ab5a298,BSE,SBI Nifty Midcap 150 Index Fund - Direct Plan - IDCW (9004217),,SBI Nifty Midcap 150 Index Fund - Direct Plan - IDCW (9004217),20-Sep-2026 12:56:48,https://www.bseindia.com/xml-data/corpfiling/AttachLive/747dec2c-e682-4cfe-ab20-e9c8e979fa93.pdf,SBIMF Fortnightly Portfolio 15092026,2026-09-20T07:27:45.092370+00:00
c409cd7465113b43,BSE,SBI Fixed Maturity Plan (FMP) - Series 50 (1843 Days) Dir Growth (9004216),,SBI Fixed Maturity Plan (FMP) - Series 50 (1843 Days) Dir Growth (9004216),20-Sep-2026 12:56:48,https://www.bseindia.com/xml-data/corpfiling/AttachLive/747dec2c-e682-4cfe-ab20-e9c8e979fa93.pdf,SBIMF Fortnightly Portfolio 15092026,2026-09-20T07:27:45.092394+00:00
e61f6b6057a780e2,BSE,SBI Fixed Maturity Plan (FMP) - Series 48 (1458 Days) Dir Growth (9004215),,SBI Fixed Maturity Plan (FMP) - Series 48 (1458 Days) Dir Growth (9004215),20-Sep-2026 12:56:48,https://www.bseindia.com/xml-data/corpfiling/AttachLive/747dec2c-e682-4cfe-ab20-e9c8e979fa93.pdf,SBIMF Fortnightly Portfolio 15092026,2026-09-20T07:27:45.092429+00:00
ca1d598c0041f55f,BSE,SBI Fixed Maturity Plan (FMP) - Series 48 (1458 Days) Regular Plan - IDCW (9004214),,SBI Fixed Maturity Plan (FMP) - Series 48 (1458 Days) Regular Plan - IDCW (9004214),20-Sep-2026 12:56:48,https://www.bseindia.com/xml-data/corpfiling/AttachLive/747dec2c-e682-4cfe-ab20-e9c8e979fa93.pdf,SBIMF Fortnightly Portfolio 15092026,2026-09-20T07:27:45.092464+00:00
3822626e5ef0e747,BSE,SBI CPSE Bond Plus SDL Sep 2026 50:50 Index Fund - Regular Plan - IDCW (9004213),,SBI CPSE Bond Plus SDL Sep 2026 50:50 Index Fund - Regular Plan - IDCW (9004213),20-Sep-2026 12:56:48,https://www.bseindia.com/xml-data/corpfiling/AttachLive/747dec2c-e682-4cfe-ab20-e9c8e979fa93.pdf,SBIMF Fortnightly Portfolio 15092026,2026-09-20T07:27:45.092488+00:00
be124d826d5471ea,BSE,SBI Fixed Maturity Plan (FMP) - Series 50 (1843 Days) Direct Plan - IDCW (9004212),,SBI Fixed Maturity Plan (FMP) - Series 50 (1843 Days) Direct Plan - IDCW (9004212),20-Sep-2026 12:56:48,https://www.bseindia.com/xml-data/corpfiling/AttachLive/747dec2c-e682-4cfe-ab20-e9c8e979fa93.pdf,SBIMF Fortnightly Portfolio 15092026,2026-09-20T07:27:45.092512+00:00
e587abb07d0f0afc,BSE,SBI CRISIL IBX Gilt Index - April 2029 Fund - Regular Plan - IDCW Payout (9004211),,SBI CRISIL IBX Gilt Index - April 2029 Fund - Regular Plan - IDCW Payout (9004211),20-Sep-2026 12:56:48,https://www.bseindia.com/xml-data/corpfiling/AttachLive/747dec2c-e682-4cfe-ab20-e9c8e979fa93.pdf,SBIMF Fortnightly Portfolio 15092026,2026-09-20T07:27:45.092535+00:00
666bad41451f87bb,BSE,SBI Nifty Midcap 150 Index Fund - Direct Plan Growth (9004210),,SBI Nifty Midcap 150 Index Fund - Direct Plan Growth (9004210),20-Sep-2026 12:56:48,https://www.bseindia.com/xml-data/corpfiling/AttachLive/747dec2c-e682-4cfe-ab20-e9c8e979fa93.pdf,SBIMF Fortnightly Portfolio 15092026,2026-09-20T07:27:45.092557+00:00
3bf0ec24a4a3c7ae,BSE,SBI Balanced Advantage Fund - Regular Plan - IDCW Payout (9004209),,SBI Balanced Advantage Fund - Regular Plan - IDCW Payout (9004209),20-Sep-2026 12:56:48,https://www.bseindia.com/xml-data/corpfiling/AttachLive/747dec2c-e682-4cfe-ab20-e9c8e979fa93.pdf,SBIMF Fortnightly Portfolio 15092026,2026-09-20T07:27:45.092579+00:00
06bbaf726d52a4c6,BSE,SBI Nifty Midcap 150 Index Fund - Regular Plan - IDCW (9004208),,SBI Nifty Midcap 150 Index Fund - Regular Plan - IDCW (9004208),20-Sep-2026 12:56:48,https://www.bseindia.com/xml-data/corpfiling/AttachLive/747dec2c-e682-4cfe-ab20-e9c8e979fa93.pdf,SBIMF Fortnightly Portfolio 15092026,2026-09-20T07:27:45.092604+00:00
3ccaeb1d9039b136,BSE,SBI Nifty Smallcap 250 Index Fund - Direct Plan - Growth (9004207),,SBI Nifty Smallcap 250 Index Fund - Direct Plan - Growth (9004207),20-Sep-2026 12:56:48,https://www.bseindia.com/xml-data/corpfiling/AttachLive/747dec2c-e682-4cfe-ab20-e9c8e979fa93.pdf,SBIMF Fortnightly Portfolio 15092026,2026-09-20T07:27:45.092626+00:00
1e77788f38fba394,BSE,SBI Innovative Opportunities Fund - Regular Plan - IDCW Payout (9004206),,SBI Innovative Opportunities Fund - Regular Plan - IDCW Payout (9004206),20-Sep-2026 12:56:48,https://www.bseindia.com/xml-data/corpfiling/AttachLive/747dec2c-e682-4cfe-ab20-e9c8e979fa93.pdf,SBIMF Fortnightly Portfolio 15092026,2026-09-20T07:27:45.092655+00:00
a054ec11f2f8c393,BSE,SBI Fixed Maturity Plan (FMP) - Series 47 (1434 Days) Reg Growth (9004205),,SBI Fixed Maturity Plan (FMP) - Series 47 (1434 Days) Reg Growth (9004205),20-Sep-2026 12:56:48,https://www.bseindia.com/xml-data/corpfiling/AttachLive/747dec2c-e682-4cfe-ab20-e9c8e979fa93.pdf,SBIMF Fortnightly Portfolio 15092026,2026-09-20T07:27:45.092680+00:00
28577ac53df66f43,BSE,SBI Nifty Next 50 Index Fund - Direct Plan - Growth (9004204),,SBI Nifty Next 50 Index Fund - Direct Plan - Growth (9004204),20-Sep-2026 12:56:48,https://www.bseindia.com/xml-data/corpfiling/AttachLive/747dec2c-e682-4cfe-ab20-e9c8e979fa93.pdf,SBIMF Fortnightly Portfolio 15092026,2026-09-20T07:27:45.092703+00:00
d580448340c1a693,BSE,SBI Nifty Midcap 150 Index Fund - Regular Plan - IDCW Payout (9004203),,SBI Nifty Midcap 150 Index Fund - Regular Plan - IDCW Payout (9004203),20-Sep-2026 12:56:48,https://www.bseindia.com/xml-data/corpfiling/AttachLive/747dec2c-e682-4cfe-ab20-e9c8e979fa93.pdf,SBIMF Fortnightly Portfolio 15092026,2026-09-20T07:27:45.092727+00:00
26de6224c5181149,BSE,SBI Fixed Maturity Plan (FMP) - Series 49 (1823 Days) Dir Growth (9004202),,SBI Fixed Maturity Plan (FMP) - Series 49 (1823 Days) Dir Growth (9004202),20-Sep-2026 12:56:48,https://www.bseindia.com/xml-data/corpfiling/AttachLive/747dec2c-e682-4cfe-ab20-e9c8e979fa93.pdf,SBIMF Fortnightly Portfolio 15092026,2026-09-20T07:27:45.092750+00:00
7e4b9cdbbc239906,BSE,SBI Nifty50 Equal Weight Index Fund-Regular Plan-Growth (9004201),,SBI Nifty50 Equal Weight Index Fund-Regular Plan-Growth (9004201),20-Sep-2026 12:56:48,https://www.bseindia.com/xml-data/corpfiling/AttachLive/747dec2c-e682-4cfe-ab20-e9c8e979fa93.pdf,SBIMF Fortnightly Portfolio 15092026,2026-09-20T07:27:45.092772+00:00
c9a59d586fac4d9d,BSE,SBI Fixed Maturity Plan (FMP) - Series 49 (1823 Days) Reg Growth (9004200),,SBI Fixed Maturity Plan (FMP) - Series 49 (1823 Days) Reg Growth (9004200),20-Sep-2026 12:56:48,https://www.bseindia.com/xml-data/corpfiling/AttachLive/747dec2c-e682-4cfe-ab20-e9c8e979fa93.pdf,SBIMF Fortnightly Portfolio 15092026,2026-09-20T07:27:45.092799+00:00
126df5c9524af9c7,BSE,SBI Balanced Advantage Fund - Direct Growth (9004199),,SBI Balanced Advantage Fund - Direct Growth (9004199),20-Sep-2026 12:56:48,https://www.bseindia.com/xml-data/corpfiling/AttachLive/747dec2c-e682-4cfe-ab20-e9c8e979fa93.pdf,SBIMF Fortnightly Portfolio 15092026,2026-09-20T07:27:45.092820+00:00
0e1b91f67d82d49c,BSE,SBI Fixed Maturity Plan (FMP) - Series 49 (1823 Days) Direct Plan - IDCW (9004198),,SBI Fixed Maturity Plan (FMP) - Series 49 (1823 Days) Direct Plan - IDCW (9004198),20-Sep-2026 12:56:48,https://www.bseindia.com/xml-data/corpfiling/AttachLive/747dec2c-e682-4cfe-ab20-e9c8e979fa93.pdf,SBIMF Fortnightly Portfolio 15092026,2026-09-20T07:27:45.092842+00:00
0d3abbe70583dd09,BSE,SBI Multicap Fund - Direct Plan - Growth (9004197),,SBI Multicap Fund - Direct Plan - Growth (9004197),20-Sep-2026 12:56:48,https://www.bseindia.com/xml-data/corpfiling/AttachLive/747dec2c-e682-4cfe-ab20-e9c8e979fa93.pdf,SBIMF Fortnightly Portfolio 15092026,2026-09-20T07:27:45.092863+00:00
be4d70135cc4688a,BSE,SBI Nifty Smallcap 250 Index Fund - Regular Plan - IDCW Payout (9004196),,SBI Nifty Smallcap 250 Index Fund - Regular Plan - IDCW Payout (9004196),20-Sep-2026 12:56:48,https://www.bseindia.com/xml-data/corpfiling/AttachLive/747dec2c-e682-4cfe-ab20-e9c8e979fa93.pdf,SBIMF Fortnightly Portfolio 15092026,2026-09-20T07:27:45.092885+00:00
be335d60ab5e2a1e,BSE,SBI Fixed Maturity Plan (FMP) - Series 41 (1498 Days) Direct Plan - IDCW (9004195),,SBI Fixed Maturity Plan (FMP) - Series 41 (1498 Days) Direct Plan - IDCW (9004195),20-Sep-2026 12:56:48,https://www.bseindia.com/xml-data/corpfiling/AttachLive/747dec2c-e682-4cfe-ab20-e9c8e979fa93.pdf,SBIMF Fortnightly Portfolio 15092026,2026-09-20T07:27:45.092908+00:00
77caa9a963662d4e,BSE,SBI Magnum Income Fund - Regular Plan - Quarterly IDCW Payout (9004194),,SBI Magnum Income Fund - Regular Plan - Quarterly IDCW Payout (9004194),20-Sep-2026 12:56:48,https://www.bseindia.com/xml-data/corpfiling/AttachLive/747dec2c-e682-4cfe-ab20-e9c8e979fa93.pdf,SBIMF Fortnightly Portfolio 15092026,2026-09-20T07:27:45.092929+00:00
c8c19cfd15a0d33a,BSE,SBI International Access- US Equity FoF Direct Plan - IDCW Payout (9004193),,SBI International Access- US Equity FoF Direct Plan - IDCW Payout (9004193),20-Sep-2026 12:56:48,https://www.bseindia.com/xml-data/corpfiling/AttachLive/747dec2c-e682-4cfe-ab20-e9c8e979fa93.pdf,SBIMF Fortnightly Portfolio 15092026,2026-09-20T07:27:45.092954+00:00
45363112c4cc082a,BSE,SBI Nifty Next 50 Index Fund - Direct Plan - IDCW Payout (9004192),,SBI Nifty Next 50 Index Fund - Direct Plan - IDCW Payout (9004192),20-Sep-2026 12:56:48,https://www.bseindia.com/xml-data/corpfiling/AttachLive/747dec2c-e682-4cfe-ab20-e9c8e979fa93.pdf,SBIMF Fortnightly Portfolio 15092026,2026-09-20T07:27:45.092976+00:00
9920545b99e26ed8,BSE,SBI Fixed Maturity Plan (FMP) - Series 42 (1857 Days) Direct Plan - IDCW (9004191),,SBI Fixed Maturity Plan (FMP) - Series 42 (1857 Days) Direct Plan - IDCW (9004191),20-Sep-2026 12:56:48,https://www.bseindia.com/xml-data/corpfiling/AttachLive/747dec2c-e682-4cfe-ab20-e9c8e979fa93.pdf,SBIMF Fortnightly Portfolio 15092026,2026-09-20T07:27:45.093000+00:00
2661cf1736f7187c,BSE,SBI Fixed Maturity Plan (FMP) - Series 42 (1857 Days) Regular Plan - IDCW (9004190),,SBI Fixed Maturity Plan (FMP) - Series 42 (1857 Days) Regular Plan - IDCW (9004190),20-Sep-2026 12:56:48,https://www.bseindia.com/xml-data/corpfiling/AttachLive/747dec2c-e682-4cfe-ab20-e9c8e979fa93.pdf,SBIMF Fortnightly Portfolio 15092026,2026-09-20T07:27:45.093024+00:00
d077543d72826592,BSE,SBI Fixed Maturity Plan (FMP) - Series 41 (1498 Days) Regular Plan - IDCW (9004189),,SBI Fixed Maturity Plan (FMP) - Series 41 (1498 Days) Regular Plan - IDCW (9004189),20-Sep-2026 12:56:48,https://www.bseindia.com/xml-data/corpfiling/AttachLive/747dec2c-e682-4cfe-ab20-e9c8e979fa93.pdf,SBIMF Fortnightly Portfolio 15092026,2026-09-20T07:27:45.093047+00:00
15d824c5ee9442b7,BSE,SBI Fixed Maturity Plan (FMP) - Series 41 (1498 Days) Reg Growth (9004188),,SBI Fixed Maturity Plan (FMP) - Series 41 (1498 Days) Reg Growth (9004188),20-Sep-2026 12:56:48,https://www.bseindia.com/xml-data/corpfiling/AttachLive/747dec2c-e682-4cfe-ab20-e9c8e979fa93.pdf,SBIMF Fortnightly Portfolio 15092026,2026-09-20T07:27:45.093068+00:00
b5f0f6973333716f,BSE,SBI Magnum Low Duration Fund - Regular Plan - Weekly IDCW Payout (9004187),,SBI Magnum Low Duration Fund - Regular Plan - Weekly IDCW Payout (9004187),20-Sep-2026 12:56:48,https://www.bseindia.com/xml-data/corpfiling/AttachLive/747dec2c-e682-4cfe-ab20-e9c8e979fa93.pdf,SBIMF Fortnightly Portfolio 15092026,2026-09-20T07:27:45.093090+00:00
58c68b5bb0ef819e,BSE,SBI CRISIL IBX SDL Index - September 2027 Fund - Regular Plan - IDCW Payout (9004186),,SBI CRISIL IBX SDL Index - September 2027 Fund - Regular Plan - IDCW Payout (9004186),20-Sep-2026 12:56:48,https://www.bseindia.com/xml-data/corpfiling/AttachLive/747dec2c-e682-4cfe-ab20-e9c8e979fa93.pdf,SBIMF Fortnightly Portfolio 15092026,2026-09-20T07:27:45.093114+00:00
9f14e2b8da643e23,BSE,SBI International Access- US Equity FoF Direct Plan Growth (9004185),,SBI International Access- US Equity FoF Direct Plan Growth (9004185),20-Sep-2026 12:56:48,https://www.bseindia.com/xml-data/corpfiling/AttachLive/747dec2c-e682-4cfe-ab20-e9c8e979fa93.pdf,SBIMF Fortnightly Portfolio 15092026,2026-09-20T07:27:45.093135+00:00
0ca32fb59a0b7784,BSE,SBI Nifty Smallcap 250 Index Fund - Regular Plan - Growth (9004184),,SBI Nifty Smallcap 250 Index Fund - Regular Plan - Growth (9004184),20-Sep-2026 12:56:48,https://www.bseindia.com/xml-data/corpfiling/AttachLive/747dec2c-e682-4cfe-ab20-e9c8e979fa93.pdf,SBIMF Fortnightly Portfolio 15092026,2026-09-20T07:27:45.093156+00:00
9e53e5d22a0477f8,BSE,SBI Fixed Maturity Plan (FMP) - Series 43 (1616 Days) Regular Plan - IDCW (9004183),,SBI Fixed Maturity Plan (FMP) - Series 43 (1616 Days) Regular Plan - IDCW (9004183),20-Sep-2026 12:56:48,https://www.bseindia.com/xml-data/corpfiling/AttachLive/747dec2c-e682-4cfe-ab20-e9c8e979fa93.pdf,SBIMF Fortnightly Portfolio 15092026,2026-09-20T07:27:45.093179+00:00
15463b0b829dd15d,BSE,SBI International Access- US Equity FoF Regular Plan - IDCW Payout (9004182),,SBI International Access- US Equity FoF Regular Plan - IDCW Payout (9004182),20-Sep-2026 12:56:48,https://www.bseindia.com/xml-data/corpfiling/AttachLive/747dec2c-e682-4cfe-ab20-e9c8e979fa93.pdf,SBIMF Fortnightly Portfolio 15092026,2026-09-20T07:27:45.093202+00:00
aef222e70d657f0f,BSE,SBI Fixed Maturity Plan (FMP) - Series 41 (1498 Days) Dir Growth (9004181),,SBI Fixed Maturity Plan (FMP) - Series 41 (1498 Days) Dir Growth (9004181),20-Sep-2026 12:56:48,https://www.bseindia.com/xml-data/corpfiling/AttachLive/747dec2c-e682-4cfe-ab20-e9c8e979fa93.pdf,SBIMF Fortnightly Portfolio 15092026,2026-09-20T07:27:45.093225+00:00
118823fc03bd6711,BSE,SBI Fixed Maturity Plan (FMP) - Series 42 (1857 Days) Dir Growth (9004180),,SBI Fixed Maturity Plan (FMP) - Series 42 (1857 Days) Dir Growth (9004180),20-Sep-2026 12:56:48,https://www.bseindia.com/xml-data/corpfiling/AttachLive/747dec2c-e682-4cfe-ab20-e9c8e979fa93.pdf,SBIMF Fortnightly Portfolio 15092026,2026-09-20T07:27:45.093247+00:00
edfa030697d77093,BSE,SBI International Access- US Equity FoF Regular Plan - IDCW (9004179),,SBI International Access- US Equity FoF Regular Plan - IDCW (9004179),20-Sep-2026 12:56:48,https://www.bseindia.com/xml-data/corpfiling/AttachLive/747dec2c-e682-4cfe-ab20-e9c8e979fa93.pdf,SBIMF Fortnightly Portfolio 15092026,2026-09-20T07:27:45.093269+00:00
1626299cd6477c6e,BSE,SBI International Access- US Equity FoF Regular Plan Growth (9004178),,SBI International Access- US Equity FoF Regular Plan Growth (9004178),20-Sep-2026 12:56:48,https://www.bseindia.com/xml-data/corpfiling/AttachLive/747dec2c-e682-4cfe-ab20-e9c8e979fa93.pdf,SBIMF Fortnightly Portfolio 15092026,2026-09-20T07:27:45.093291+00:00
26ae1ea51101a4bc,BSE,SBI Fixed Maturity Plan (FMP) - Series 64 (1169 Days) Dir Growth (9004177),,SBI Fixed Maturity Plan (FMP) - Series 64 (1169 Days) Dir Growth (9004177),20-Sep-2026 12:56:48,https://www.bseindia.com/xml-data/corpfiling/AttachLive/747dec2c-e682-4cfe-ab20-e9c8e979fa93.pdf,SBIMF Fortnightly Portfolio 15092026,2026-09-20T07:27:45.093313+00:00
4191a40a4c919360,BSE,SBI Fixed Maturity Plan (FMP) - Series 61 (1927 Days) Regular Plan - IDCW (9004176),,SBI Fixed Maturity Plan (FMP) - Series 61 (1927 Days) Regular Plan - IDCW (9004176),20-Sep-2026 12:56:48,https://www.bseindia.com/xml-data/corpfiling/AttachLive/747dec2c-e682-4cfe-ab20-e9c8e979fa93.pdf,SBIMF Fortnightly Portfolio 15092026,2026-09-20T07:27:45.093336+00:00
7e2b657cf367aa8c,BSE,SBI Nifty50 Equal Weight Index Fund-Direct Plan-IDCW (9004175),,SBI Nifty50 Equal Weight Index Fund-Direct Plan-IDCW (9004175),20-Sep-2026 12:56:48,https://www.bseindia.com/xml-data/corpfiling/AttachLive/747dec2c-e682-4cfe-ab20-e9c8e979fa93.pdf,SBIMF Fortnightly Portfolio 15092026,2026-09-20T07:27:45.093358+00:00
55134574fb7db603,BSE,SBI International Access- US Equity FoF Direct Plan - IDCW (9004174),,SBI International Access- US Equity FoF Direct Plan - IDCW (9004174),20-Sep-2026 12:56:48,https://www.bseindia.com/xml-data/corpfiling/AttachLive/747dec2c-e682-4cfe-ab20-e9c8e979fa93.pdf,SBIMF Fortnightly Portfolio 15092026,2026-09-20T07:27:45.093382+00:00
b9467b0bf537e3ec,BSE,SBI Fixed Maturity Plan (FMP) - Series 42 (1857 Days) Reg Growth (9004173),,SBI Fixed Maturity Plan (FMP) - Series 42 (1857 Days) Reg Growth (9004173),20-Sep-2026 12:56:48,https://www.bseindia.com/xml-data/corpfiling/AttachLive/747dec2c-e682-4cfe-ab20-e9c8e979fa93.pdf,SBIMF Fortnightly Portfolio 15092026,2026-09-20T07:27:45.093405+00:00
6d040de533abcae6,BSE,SBI Automotive Opportunities Fund- Direct Plan - IDCW Payout (9004172),,SBI Automotive Opportunities Fund- Direct Plan - IDCW Payout (9004172),20-Sep-2026 12:56:48,https://www.bseindia.com/xml-data/corpfiling/AttachLive/747dec2c-e682-4cfe-ab20-e9c8e979fa93.pdf,SBIMF Fortnightly Portfolio 15092026,2026-09-20T07:27:45.093428+00:00
9cea6c1ee3e347ff,BSE,SBI CRISIL IBX Gilt Index - April 2029 Fund - Regular Plan - Growth (9004171),,SBI CRISIL IBX Gilt Index - April 2029 Fund - Regular Plan - Growth (9004171),20-Sep-2026 12:56:48,https://www.bseindia.com/xml-data/corpfiling/AttachLive/747dec2c-e682-4cfe-ab20-e9c8e979fa93.pdf,SBIMF Fortnightly Portfolio 15092026,2026-09-20T07:27:45.093451+00:00
0585950cb6762aa8,BSE,SBI CPSE Bond Plus SDL Sep 2026 50:50 Index Fund - Regular Plan - Growth (9004170),,SBI CPSE Bond Plus SDL Sep 2026 50:50 Index Fund - Regular Plan - Growth (9004170),20-Sep-2026 12:56:48,https://www.bseindia.com/xml-data/corpfiling/AttachLive/747dec2c-e682-4cfe-ab20-e9c8e979fa93.pdf,SBIMF Fortnightly Portfolio 15092026,2026-09-20T07:27:45.093475+00:00
50ac3965b9c3f1e0,BSE,SBI Fixed Maturity Plan (FMP) - Series 43 (1616 Days) Direct Plan - IDCW (9004169),,SBI Fixed Maturity Plan (FMP) - Series 43 (1616 Days) Direct Plan - IDCW (9004169),20-Sep-2026 12:56:48,https://www.bseindia.com/xml-data/corpfiling/AttachLive/747dec2c-e682-4cfe-ab20-e9c8e979fa93.pdf,SBIMF Fortnightly Portfolio 15092026,2026-09-20T07:27:45.093500+00:00
b9ca40636d66a2f9,BSE,SBI Retirement Benefit Fund Conservative - Direct Plan - IDCW (9004168),,SBI Retirement Benefit Fund Conservative - Direct Plan - IDCW (9004168),20-Sep-2026 12:56:48,https://www.bseindia.com/xml-data/corpfiling/AttachLive/747dec2c-e682-4cfe-ab20-e9c8e979fa93.pdf,SBIMF Fortnightly Portfolio 15092026,2026-09-20T07:27:45.093523+00:00
fe82052bd1c85723,BSE,SBI Retirement Benefit Fund Conservative Hybrid - Regular Plan - IDCW (9004167),,SBI Retirement Benefit Fund Conservative Hybrid - Regular Plan - IDCW (9004167),20-Sep-2026 12:56:48,https://www.bseindia.com/xml-data/corpfiling/AttachLive/747dec2c-e682-4cfe-ab20-e9c8e979fa93.pdf,SBIMF Fortnightly Portfolio 15092026,2026-09-20T07:27:45.093545+00:00
9e1226725c603788,BSE,SBI CRISIL IBX Gilt Index - June 2036 Fund - Direct Plan - IDCW (9004166),,SBI CRISIL IBX Gilt Index - June 2036 Fund - Direct Plan - IDCW (9004166),20-Sep-2026 12:56:48,https://www.bseindia.com/xml-data/corpfiling/AttachLive/747dec2c-e682-4cfe-ab20-e9c8e979fa93.pdf,SBIMF Fortnightly Portfolio 15092026,2026-09-20T07:27:45.093568+00:00
ccedf1027aca75c1,BSE,SBI Nifty Smallcap 250 Index Fund - Direct Plan - IDCW (9004165),,SBI Nifty Smallcap 250 Index Fund - Direct Plan - IDCW (9004165),20-Sep-2026 12:56:48,https://www.bseindia.com/xml-data/corpfiling/AttachLive/747dec2c-e682-4cfe-ab20-e9c8e979fa93.pdf,SBIMF Fortnightly Portfolio 15092026,2026-09-20T07:27:45.093591+00:00
99db83b1aba4d3a3,BSE,SBI Banking & PSU Fund - Regular Plan - Weekly IDCW Payout (9004164),,SBI Banking & PSU Fund - Regular Plan - Weekly IDCW Payout (9004164),20-Sep-2026 12:56:48,https://www.bseindia.com/xml-data/corpfiling/AttachLive/747dec2c-e682-4cfe-ab20-e9c8e979fa93.pdf,SBIMF Fortnightly Portfolio 15092026,2026-09-20T07:27:45.093616+00:00
b5507da9e5727b5e,BSE,SBI Retirement Benefit Fund Aggressive Hybrid - Direct Plan - IDCW (9004163),,SBI Retirement Benefit Fund Aggressive Hybrid - Direct Plan - IDCW (9004163),20-Sep-2026 12:56:48,https://www.bseindia.com/xml-data/corpfiling/AttachLive/747dec2c-e682-4cfe-ab20-e9c8e979fa93.pdf,SBIMF Fortnightly Portfolio 15092026,2026-09-20T07:27:45.093645+00:00
88fb7943c7391712,BSE,SBI Retirement Benefit Fund Aggressive Hybrid - Regular Plan - IDCW (9004162),,SBI Retirement Benefit Fund Aggressive Hybrid - Regular Plan - IDCW (9004162),20-Sep-2026 12:56:48,https://www.bseindia.com/xml-data/corpfiling/AttachLive/747dec2c-e682-4cfe-ab20-e9c8e979fa93.pdf,SBIMF Fortnightly Portfolio 15092026,2026-09-20T07:27:45.093668+00:00
0b07b2c49019ebd9,BSE,SBI Retirement Benefit Fund Aggressive - Direct Plan - IDCW (9004161),,SBI Retirement Benefit Fund Aggressive - Direct Plan - IDCW (9004161),20-Sep-2026 12:56:48,https://www.bseindia.com/xml-data/corpfiling/AttachLive/747dec2c-e682-4cfe-ab20-e9c8e979fa93.pdf,SBIMF Fortnightly Portfolio 15092026,2026-09-20T07:27:45.093690+00:00
6b96096f116255eb,BSE,SBI Retirement Benefit Fund Aggressive - Direct Plan Growth (9004160),,SBI Retirement Benefit Fund Aggressive - Direct Plan Growth (9004160),20-Sep-2026 12:56:48,https://www.bseindia.com/xml-data/corpfiling/AttachLive/747dec2c-e682-4cfe-ab20-e9c8e979fa93.pdf,SBIMF Fortnightly Portfolio 15092026,2026-09-20T07:27:45.093714+00:00
d615615ca7367a34,BSE,SBI CRISIL IBX Gilt Index - April 2029 Fund - Direct Plan - IDCW (9004159),,SBI CRISIL IBX Gilt Index - April 2029 Fund - Direct Plan - IDCW (9004159),20-Sep-2026 12:56:48,https://www.bseindia.com/xml-data/corpfiling/AttachLive/747dec2c-e682-4cfe-ab20-e9c8e979fa93.pdf,SBIMF Fortnightly Portfolio 15092026,2026-09-20T07:27:45.093737+00:00
7dc7dbef9ca80fc7,BSE,SBI Retirement Benefit Fund Aggressive Plan - Regular Plan Growth (9004158),,SBI Retirement Benefit Fund Aggressive Plan - Regular Plan Growth (9004158),20-Sep-2026 12:56:48,https://www.bseindia.com/xml-data/corpfiling/AttachLive/747dec2c-e682-4cfe-ab20-e9c8e979fa93.pdf,SBIMF Fortnightly Portfolio 15092026,2026-09-20T07:27:45.093761+00:00
4c531be52593b289,BSE,SBI Floating Rate DEBT Fund - Direct Plan - Quarterly IDCW Payout (9004157),,SBI Floating Rate DEBT Fund - Direct Plan - Quarterly IDCW Payout (9004157),20-Sep-2026 12:56:48,https://www.bseindia.com/xml-data/corpfiling/AttachLive/747dec2c-e682-4cfe-ab20-e9c8e979fa93.pdf,SBIMF Fortnightly Portfolio 15092026,2026-09-20T07:27:45.093783+00:00
e838583e39a84fbf,BSE,SBI Floating Rate DEBT Fund - Regular Plan - Monthly IDCW Payout (9004156),,SBI Floating Rate DEBT Fund - Regular Plan - Monthly IDCW Payout (9004156),20-Sep-2026 12:56:48,https://www.bseindia.com/xml-data/corpfiling/AttachLive/747dec2c-e682-4cfe-ab20-e9c8e979fa93.pdf,SBIMF Fortnightly Portfolio 15092026,2026-09-20T07:27:45.093805+00:00
e43f3d8e76806502,BSE,SBI Automotive Opportunities Fund-Regular Plan-IDCW Payout (9004155),,SBI Automotive Opportunities Fund-Regular Plan-IDCW Payout (9004155),20-Sep-2026 12:56:48,https://www.bseindia.com/xml-data/corpfiling/AttachLive/747dec2c-e682-4cfe-ab20-e9c8e979fa93.pdf,SBIMF Fortnightly Portfolio 15092026,2026-09-20T07:27:45.093828+00:00
ea324d571f9d1a95,BSE,SBI Nifty 500 Index Fund - Regular Plan - IDCW Payout (9004154),,SBI Nifty 500 Index Fund - Regular Plan - IDCW Payout (9004154),20-Sep-2026 12:56:48,https://www.bseindia.com/xml-data/corpfiling/AttachLive/747dec2c-e682-4cfe-ab20-e9c8e979fa93.pdf,SBIMF Fortnightly Portfolio 15092026,2026-09-20T07:27:45.093851+00:00
428ee464f1294dd8,BSE,SBI Retirement Benefit Fund Conservative Plan - Direct Plan Growth (9004153),,SBI Retirement Benefit Fund Conservative Plan - Direct Plan Growth (9004153),20-Sep-2026 12:56:48,https://www.bseindia.com/xml-data/corpfiling/AttachLive/747dec2c-e682-4cfe-ab20-e9c8e979fa93.pdf,SBIMF Fortnightly Portfolio 15092026,2026-09-20T07:27:45.093874+00:00
3412f38c2dc2708c,BSE,SBI Silver ETF Fund of Fund - Regular Growth (9004152),,SBI Silver ETF Fund of Fund - Regular Growth (9004152),20-Sep-2026 12:56:48,https://www.bseindia.com/xml-data/corpfiling/AttachLive/747dec2c-e682-4cfe-ab20-e9c8e979fa93.pdf,SBIMF Fortnightly Portfolio 15092026,2026-09-20T07:27:45.093896+00:00
90828627525fb2df,BSE,SBI CRISIL IBX Gilt Index - June 2036 Fund - Direct Plan - Growth (9004151),,SBI CRISIL IBX Gilt Index - June 2036 Fund - Direct Plan - Growth (9004151),20-Sep-2026 12:56:48,https://www.bseindia.com/xml-data/corpfiling/AttachLive/747dec2c-e682-4cfe-ab20-e9c8e979fa93.pdf,SBIMF Fortnightly Portfolio 15092026,2026-09-20T07:27:45.093919+00:00
1d52d5e90f8c5c64,BSE,SBI CRISIL IBX Gilt Index - April 2029 Fund - Direct Plan - Growth (9004150),,SBI CRISIL IBX Gilt Index - April 2029 Fund - Direct Plan - Growth (9004150),20-Sep-2026 12:56:48,https://www.bseindia.com/xml-data/corpfiling/AttachLive/747dec2c-e682-4cfe-ab20-e9c8e979fa93.pdf,SBIMF Fortnightly Portfolio 15092026,2026-09-20T07:27:45.093941+00:00
3dfc26e7c297a70f,BSE,SBI CRISIL IBX Gilt Index - April 2029 Fund - Regular Plan - IDCW (9004149),,SBI CRISIL IBX Gilt Index - April 2029 Fund - Regular Plan - IDCW (9004149),20-Sep-2026 12:56:48,https://www.bseindia.com/xml-data/corpfiling/AttachLive/747dec2c-e682-4cfe-ab20-e9c8e979fa93.pdf,SBIMF Fortnightly Portfolio 15092026,2026-09-20T07:27:45.093966+00:00
0b590a94149599cc,BSE,SBI Short Term Debt Fund - Regular Plan Weekly IDCW Payout (9004148),,SBI Short Term Debt Fund - Regular Plan Weekly IDCW Payout (9004148),20-Sep-2026 12:56:48,https://www.bseindia.com/xml-data/corpfiling/AttachLive/747dec2c-e682-4cfe-ab20-e9c8e979fa93.pdf,SBIMF Fortnightly Portfolio 15092026,2026-09-20T07:27:45.093988+00:00
d7f150407f45eaa1,BSE,SBI Multicap Fund - Regular Plan - Growth (9004147),,SBI Multicap Fund - Regular Plan - Growth (9004147),20-Sep-2026 12:56:48,https://www.bseindia.com/xml-data/corpfiling/AttachLive/747dec2c-e682-4cfe-ab20-e9c8e979fa93.pdf,SBIMF Fortnightly Portfolio 15092026,2026-09-20T07:27:45.094011+00:00
8fa7429f80d7d168,BSE,SBI Multicap Fund - Regular Plan - IDCW Payout (9004146),,SBI Multicap Fund - Regular Plan - IDCW Payout (9004146),20-Sep-2026 12:56:48,https://www.bseindia.com/xml-data/corpfiling/AttachLive/747dec2c-e682-4cfe-ab20-e9c8e979fa93.pdf,SBIMF Fortnightly Portfolio 15092026,2026-09-20T07:27:45.094034+00:00
2d510b6629a81749,BSE,SBI CRISIL IBX Gilt Index - April 2029 Fund - Direct Plan - IDCW Payout (9004145),,SBI CRISIL IBX Gilt Index - April 2029 Fund - Direct Plan - IDCW Payout (9004145),20-Sep-2026 12:56:48,https://www.bseindia.com/xml-data/corpfiling/AttachLive/747dec2c-e682-4cfe-ab20-e9c8e979fa93.pdf,SBIMF Fortnightly Portfolio 15092026,2026-09-20T07:27:45.094057+00:00
c4b80fa0e19438f2,BSE,SBI Retirement Benefit Fund Aggressive - Regular Plan - IDCW (9004144),,SBI Retirement Benefit Fund Aggressive - Regular Plan - IDCW (9004144),20-Sep-2026 12:56:48,https://www.bseindia.com/xml-data/corpfiling/AttachLive/747dec2c-e682-4cfe-ab20-e9c8e979fa93.pdf,SBIMF Fortnightly Portfolio 15092026,2026-09-20T07:27:45.094079+00:00
437d845497a66808,BSE,SBI CRISIL IBX Gilt Index - June 2036 Fund - Regular Plan - IDCW (9004143),,SBI CRISIL IBX Gilt Index - June 2036 Fund - Regular Plan - IDCW (9004143),20-Sep-2026 12:56:48,https://www.bseindia.com/xml-data/corpfiling/AttachLive/747dec2c-e682-4cfe-ab20-e9c8e979fa93.pdf,SBIMF Fortnightly Portfolio 15092026,2026-09-20T07:27:45.094101+00:00
7b1914e37ffc01cf,BSE,SBI Nifty Smallcap 250 Index Fund - Direct Plan - IDCW Payout (9004142),,SBI Nifty Smallcap 250 Index Fund - Direct Plan - IDCW Payout (9004142),20-Sep-2026 12:56:48,https://www.bseindia.com/xml-data/corpfiling/AttachLive/747dec2c-e682-4cfe-ab20-e9c8e979fa93.pdf,SBIMF Fortnightly Portfolio 15092026,2026-09-20T07:27:45.094123+00:00
3fb85ea1c8b9033a,BSE,SBI Floating Rate DEBT Fund - Direct Plan - Monthly IDCW Payout (9004141),,SBI Floating Rate DEBT Fund - Direct Plan - Monthly IDCW Payout (9004141),20-Sep-2026 12:56:48,https://www.bseindia.com/xml-data/corpfiling/AttachLive/747dec2c-e682-4cfe-ab20-e9c8e979fa93.pdf,SBIMF Fortnightly Portfolio 15092026,2026-09-20T07:27:45.094145+00:00
a727771bc5cb0aac,BSE,SBI Floating Rate DEBT Fund - Direct Plan - Monthly IDCW (9004140),,SBI Floating Rate DEBT Fund - Direct Plan - Monthly IDCW (9004140),20-Sep-2026 12:56:48,https://www.bseindia.com/xml-data/corpfiling/AttachLive/747dec2c-e682-4cfe-ab20-e9c8e979fa93.pdf,SBIMF Fortnightly Portfolio 15092026,2026-09-20T07:27:45.094169+00:00
767c1c9e3cc3c364,BSE,SBI Corporate Bond Fund - Direct Plan - Quarterly IDCW Payout (9004139),,SBI Corporate Bond Fund - Direct Plan - Quarterly IDCW Payout (9004139),20-Sep-2026 12:56:47,https://www.bseindia.com/xml-data/corpfiling/AttachLive/747dec2c-e682-4cfe-ab20-e9c8e979fa93.pdf,SBIMF Fortnightly Portfolio 15092026,2026-09-20T07:27:45.094191+00:00
e8c70361908a40b8,BSE,SBI Corporate Bond Fund - Direct Plan - Quarterly IDCW (9004138),,SBI Corporate Bond Fund - Direct Plan - Quarterly IDCW (9004138),20-Sep-2026 12:56:47,https://www.bseindia.com/xml-data/corpfiling/AttachLive/747dec2c-e682-4cfe-ab20-e9c8e979fa93.pdf,SBIMF Fortnightly Portfolio 15092026,2026-09-20T07:27:45.094213+00:00
09c20827e333d3ef,BSE,SBI Corporate Bond Fund - Regular Plan - Monthly IDCW Payout (9004137),,SBI Corporate Bond Fund - Regular Plan - Monthly IDCW Payout (9004137),20-Sep-2026 12:56:47,https://www.bseindia.com/xml-data/corpfiling/AttachLive/747dec2c-e682-4cfe-ab20-e9c8e979fa93.pdf,SBIMF Fortnightly Portfolio 15092026,2026-09-20T07:27:45.094237+00:00
2b6ebf27f9a0983b,BSE,SBI Floating Rate DEBT Fund Direct Plan Growth (9004136),,SBI Floating Rate DEBT Fund Direct Plan Growth (9004136),20-Sep-2026 12:56:47,https://www.bseindia.com/xml-data/corpfiling/AttachLive/747dec2c-e682-4cfe-ab20-e9c8e979fa93.pdf,SBIMF Fortnightly Portfolio 15092026,2026-09-20T07:27:45.094260+00:00
86596f69b57e85a0,BSE,SBI Nifty Private Bank ETF (9004135),,SBI Nifty Private Bank ETF (9004135),20-Sep-2026 12:56:47,https://www.bseindia.com/xml-data/corpfiling/AttachLive/747dec2c-e682-4cfe-ab20-e9c8e979fa93.pdf,SBIMF Fortnightly Portfolio 15092026,2026-09-20T07:27:45.094280+00:00
5c8ac4be93bb46c8,BSE,SBI Equity Minimum Variance Fund - Direct Plan - Growth (9004134),,SBI Equity Minimum Variance Fund - Direct Plan - Growth (9004134),20-Sep-2026 12:56:47,https://www.bseindia.com/xml-data/corpfiling/AttachLive/747dec2c-e682-4cfe-ab20-e9c8e979fa93.pdf,SBIMF Fortnightly Portfolio 15092026,2026-09-20T07:27:45.094302+00:00
70e0b9fb3c324494,BSE,SBI Equity Minimum Variance Fund - Regular Plan Growth (9004133),,SBI Equity Minimum Variance Fund - Regular Plan Growth (9004133),20-Sep-2026 12:56:47,https://www.bseindia.com/xml-data/corpfiling/AttachLive/747dec2c-e682-4cfe-ab20-e9c8e979fa93.pdf,SBIMF Fortnightly Portfolio 15092026,2026-09-20T07:27:45.094325+00:00
28eb444b2d16f447,BSE,SBI Fixed Maturity Plan (FMP) - Series 43 (1616 Days) Reg Growth (9004132),,SBI Fixed Maturity Plan (FMP) - Series 43 (1616 Days) Reg Growth (9004132),20-Sep-2026 12:56:47,https://www.bseindia.com/xml-data/corpfiling/AttachLive/747dec2c-e682-4cfe-ab20-e9c8e979fa93.pdf,SBIMF Fortnightly Portfolio 15092026,2026-09-20T07:27:45.094349+00:00
d5f7fa754793dfbb,BSE,SBI Corporate Bond Fund - Regular Plan Growth (9004131),,SBI Corporate Bond Fund - Regular Plan Growth (9004131),20-Sep-2026 12:56:47,https://www.bseindia.com/xml-data/corpfiling/AttachLive/747dec2c-e682-4cfe-ab20-e9c8e979fa93.pdf,SBIMF Fortnightly Portfolio 15092026,2026-09-20T07:27:45.094370+00:00
a4120c03b0253617,BSE,SBI Retirement Benefit Fund Conservative - Regular Plan - IDCW (9004130),,SBI Retirement Benefit Fund Conservative - Regular Plan - IDCW (9004130),20-Sep-2026 12:56:47,https://www.bseindia.com/xml-data/corpfiling/AttachLive/747dec2c-e682-4cfe-ab20-e9c8e979fa93.pdf,SBIMF Fortnightly Portfolio 15092026,2026-09-20T07:27:45.094392+00:00
d790dfbb7ce5c1fd,BSE,SBI Retirement Benefit Fund Conservative plan - Regular Plan Growth (9004129),,SBI Retirement Benefit Fund Conservative plan - Regular Plan Growth (9004129),20-Sep-2026 12:56:47,https://www.bseindia.com/xml-data/corpfiling/AttachLive/747dec2c-e682-4cfe-ab20-e9c8e979fa93.pdf,SBIMF Fortnightly Portfolio 15092026,2026-09-20T07:27:45.094414+00:00
e386b3861c9d45de,BSE,SBI Multicap Fund - Regular Plan - IDCW (9004128),,SBI Multicap Fund - Regular Plan - IDCW (9004128),20-Sep-2026 12:56:47,https://www.bseindia.com/xml-data/corpfiling/AttachLive/747dec2c-e682-4cfe-ab20-e9c8e979fa93.pdf,SBIMF Fortnightly Portfolio 15092026,2026-09-20T07:27:45.094435+00:00
801f29f72ef4e14d,BSE,SBI Fixed Maturity Plan (FMP) - Series 1 (3668 Days) - Direct Plan - IDCW (9004127),,SBI Fixed Maturity Plan (FMP) - Series 1 (3668 Days) - Direct Plan - IDCW (9004127),20-Sep-2026 12:56:47,https://www.bseindia.com/xml-data/corpfiling/AttachLive/747dec2c-e682-4cfe-ab20-e9c8e979fa93.pdf,SBIMF Fortnightly Portfolio 15092026,2026-09-20T07:27:45.094459+00:00
3546db0278df9c11,BSE,SBI Retirement Benefit Fund Conservative Hybrid - Direct Plan - IDCW (9004126),,SBI Retirement Benefit Fund Conservative Hybrid - Direct Plan - IDCW (9004126),20-Sep-2026 12:56:47,https://www.bseindia.com/xml-data/corpfiling/AttachLive/747dec2c-e682-4cfe-ab20-e9c8e979fa93.pdf,SBIMF Fortnightly Portfolio 15092026,2026-09-20T07:27:45.094483+00:00
2ebb43ce8c1aec62,BSE,SBI Retirement Benefit Fund Conservative Hybrid Plan - Regular Plan Growth (9004125),,SBI Retirement Benefit Fund Conservative Hybrid Plan - Regular Plan Growth (9004125),20-Sep-2026 12:56:47,https://www.bseindia.com/xml-data/corpfiling/AttachLive/747dec2c-e682-4cfe-ab20-e9c8e979fa93.pdf,SBIMF Fortnightly Portfolio 15092026,2026-09-20T07:27:45.094506+00:00
dad8158692ee60a1,BSE,SBI Equity Minimum Variance Fund - Regular Plan - IDCW Payout (9004124),,SBI Equity Minimum Variance Fund - Regular Plan - IDCW Payout (9004124),20-Sep-2026 12:56:47,https://www.bseindia.com/xml-data/corpfiling/AttachLive/747dec2c-e682-4cfe-ab20-e9c8e979fa93.pdf,SBIMF Fortnightly Portfolio 15092026,2026-09-20T07:27:45.094528+00:00
6d88a7742e49ae66,BSE,SBI Nifty 50 Equal Weight ETF (9004123),,SBI Nifty 50 Equal Weight ETF (9004123),20-Sep-2026 12:56:47,https://www.bseindia.com/xml-data/corpfiling/AttachLive/747dec2c-e682-4cfe-ab20-e9c8e979fa93.pdf,SBIMF Fortnightly Portfolio 15092026,2026-09-20T07:27:45.094550+00:00
a6bad9384666d2e6,BSE,SBI Nifty50 Equal Weight Index Fund-Regular Plan-IDCW (9004122),,SBI Nifty50 Equal Weight Index Fund-Regular Plan-IDCW (9004122),20-Sep-2026 12:56:47,https://www.bseindia.com/xml-data/corpfiling/AttachLive/747dec2c-e682-4cfe-ab20-e9c8e979fa93.pdf,SBIMF Fortnightly Portfolio 15092026,2026-09-20T07:27:45.094573+00:00
d510b5acac189448,BSE,SBI Fixed Maturity Plan (FMP) - Series 6 (3668 Days) - Direct Plan - IDCW (9004121),,SBI Fixed Maturity Plan (FMP) - Series 6 (3668 Days) - Direct Plan - IDCW (9004121),20-Sep-2026 12:56:47,https://www.bseindia.com/xml-data/corpfiling/AttachLive/747dec2c-e682-4cfe-ab20-e9c8e979fa93.pdf,SBIMF Fortnightly Portfolio 15092026,2026-09-20T07:27:45.094596+00:00
006fc440600d4aa2,BSE,SBI Corporate Bond Fund - Regular Plan - Quarterly IDCW (9004120),,SBI Corporate Bond Fund - Regular Plan - Quarterly IDCW (9004120),20-Sep-2026 12:56:47,https://www.bseindia.com/xml-data/corpfiling/AttachLive/747dec2c-e682-4cfe-ab20-e9c8e979fa93.pdf,SBIMF Fortnightly Portfolio 15092026,2026-09-20T07:27:45.094619+00:00
f8040d74373a36ef,BSE,SBI Corporate Bond Fund - Direct Plan - Monthly IDCW Payout (9004119),,SBI Corporate Bond Fund - Direct Plan - Monthly IDCW Payout (9004119),20-Sep-2026 12:56:47,https://www.bseindia.com/xml-data/corpfiling/AttachLive/747dec2c-e682-4cfe-ab20-e9c8e979fa93.pdf,SBIMF Fortnightly Portfolio 15092026,2026-09-20T07:27:45.094646+00:00
ac38d0533de53e5c,BSE,SBI Corporate Bond Fund - Regular Plan - Monthly IDCW (9004118),,SBI Corporate Bond Fund - Regular Plan - Monthly IDCW (9004118),20-Sep-2026 12:56:47,https://www.bseindia.com/xml-data/corpfiling/AttachLive/747dec2c-e682-4cfe-ab20-e9c8e979fa93.pdf,SBIMF Fortnightly Portfolio 15092026,2026-09-20T07:27:45.094670+00:00
1f2f514504fb217d,BSE,SBI Retirement Benefit Fund Conservative Hybrid Plan - Direct Plan Growth (9004117),,SBI Retirement Benefit Fund Conservative Hybrid Plan - Direct Plan Growth (9004117),20-Sep-2026 12:56:47,https://www.bseindia.com/xml-data/corpfiling/AttachLive/747dec2c-e682-4cfe-ab20-e9c8e979fa93.pdf,SBIMF Fortnightly Portfolio 15092026,2026-09-20T07:27:45.094692+00:00
8e8c0ae223f647db,BSE,SBI Retirement Benefit Fund Aggressive Hybrid Plan - Direct Plan Growth (9004116),,SBI Retirement Benefit Fund Aggressive Hybrid Plan - Direct Plan Growth (9004116),20-Sep-2026 12:56:47,https://www.bseindia.com/xml-data/corpfiling/AttachLive/747dec2c-e682-4cfe-ab20-e9c8e979fa93.pdf,SBIMF Fortnightly Portfolio 15092026,2026-09-20T07:27:45.094714+00:00
a27b7f23c4b2a66e,BSE,SBI Retirement Benefit Fund Aggressive Hybrid Plan - Regular Plan Growth (9004115),,SBI Retirement Benefit Fund Aggressive Hybrid Plan - Regular Plan Growth (9004115),20-Sep-2026 12:56:47,https://www.bseindia.com/xml-data/corpfiling/AttachLive/747dec2c-e682-4cfe-ab20-e9c8e979fa93.pdf,SBIMF Fortnightly Portfolio 15092026,2026-09-20T07:27:45.094737+00:00
67bfc7deba398877,BSE,SBI Equity Minimum Variance Fund - Regular Plan - IDCW (9004114),,SBI Equity Minimum Variance Fund - Regular Plan - IDCW (9004114),20-Sep-2026 12:56:47,https://www.bseindia.com/xml-data/corpfiling/AttachLive/747dec2c-e682-4cfe-ab20-e9c8e979fa93.pdf,SBIMF Fortnightly Portfolio 15092026,2026-09-20T07:27:45.094760+00:00
92384c12f87903d1,BSE,SBI Fixed Maturity Plan (FMP) - Series 1 (3668 Days) Dir Growth (9004113),,SBI Fixed Maturity Plan (FMP) - Series 1 (3668 Days) Dir Growth (9004113),20-Sep-2026 12:56:47,https://www.bseindia.com/xml-data/corpfiling/AttachLive/747dec2c-e682-4cfe-ab20-e9c8e979fa93.pdf,SBIMF Fortnightly Portfolio 15092026,2026-09-20T07:27:45.094783+00:00
144469540c65e046,BSE,SBI Equity Minimum Variance Fund - Direct Plan - IDCW Payout (9004112),,SBI Equity Minimum Variance Fund - Direct Plan - IDCW Payout (9004112),20-Sep-2026 12:56:47,https://www.bseindia.com/xml-data/corpfiling/AttachLive/747dec2c-e682-4cfe-ab20-e9c8e979fa93.pdf,SBIMF Fortnightly Portfolio 15092026,2026-09-20T07:27:45.094805+00:00
03e0f36b257e3c16,BSE,SBI Floating Rate DEBT Fund - Regular Plan - Quarterly IDCW (9004111),,SBI Floating Rate DEBT Fund - Regular Plan - Quarterly IDCW (9004111),20-Sep-2026 12:56:47,https://www.bseindia.com/xml-data/corpfiling/AttachLive/747dec2c-e682-4cfe-ab20-e9c8e979fa93.pdf,SBIMF Fortnightly Portfolio 15092026,2026-09-20T07:27:45.094827+00:00
f204d04bc2931c75,BSE,SBI Silver ETF Fund of Fund - Direct Plan - IDCW Payout (9004110),,SBI Silver ETF Fund of Fund - Direct Plan - IDCW Payout (9004110),20-Sep-2026 12:56:47,https://www.bseindia.com/xml-data/corpfiling/AttachLive/747dec2c-e682-4cfe-ab20-e9c8e979fa93.pdf,SBIMF Fortnightly Portfolio 15092026,2026-09-20T07:27:45.094850+00:00
045d8987abca0347,BSE,SBI Long Duration Fund - Regular Growth (9004109),,SBI Long Duration Fund - Regular Growth (9004109),20-Sep-2026 12:56:47,https://www.bseindia.com/xml-data/corpfiling/AttachLive/747dec2c-e682-4cfe-ab20-e9c8e979fa93.pdf,SBIMF Fortnightly Portfolio 15092026,2026-09-20T07:27:45.094871+00:00
0364c3aabfdc5743,BSE,SBI Floating Rate DEBT Fund - Direct Plan - Quarterly IDCW (9004108),,SBI Floating Rate DEBT Fund - Direct Plan - Quarterly IDCW (9004108),20-Sep-2026 12:56:47,https://www.bseindia.com/xml-data/corpfiling/AttachLive/747dec2c-e682-4cfe-ab20-e9c8e979fa93.pdf,SBIMF Fortnightly Portfolio 15092026,2026-09-20T07:27:45.094894+00:00
2a3401e0aeeffc7a,BSE,SBI Corporate Bond Fund - Regular Plan - Quarterly IDCW Payout (9004107),,SBI Corporate Bond Fund - Regular Plan - Quarterly IDCW Payout (9004107),20-Sep-2026 12:56:47,https://www.bseindia.com/xml-data/corpfiling/AttachLive/747dec2c-e682-4cfe-ab20-e9c8e979fa93.pdf,SBIMF Fortnightly Portfolio 15092026,2026-09-20T07:27:45.094916+00:00
b7ffa4553e120251,BSE,SBI Floating Rate DEBT Fund - Regular Plan - Monthly IDCW (9004106),,SBI Floating Rate DEBT Fund - Regular Plan - Monthly IDCW (9004106),20-Sep-2026 12:56:47,https://www.bseindia.com/xml-data/corpfiling/AttachLive/747dec2c-e682-4cfe-ab20-e9c8e979fa93.pdf,SBIMF Fortnightly Portfolio 15092026,2026-09-20T07:27:45.094938+00:00
2ecf5f0a3d6d2bee,BSE,SBI Nifty 500 Index Fund - Direct Plan - IDCW Payout (9004105),,SBI Nifty 500 Index Fund - Direct Plan - IDCW Payout (9004105),20-Sep-2026 12:56:47,https://www.bseindia.com/xml-data/corpfiling/AttachLive/747dec2c-e682-4cfe-ab20-e9c8e979fa93.pdf,SBIMF Fortnightly Portfolio 15092026,2026-09-20T07:27:45.094964+00:00
63706eaf4369f9b6,BSE,SBI Nifty Next 50 Index Fund - Regular Plan - IDCW (9004104),,SBI Nifty Next 50 Index Fund - Regular Plan - IDCW (9004104),20-Sep-2026 12:56:47,https://www.bseindia.com/xml-data/corpfiling/AttachLive/747dec2c-e682-4cfe-ab20-e9c8e979fa93.pdf,SBIMF Fortnightly Portfolio 15092026,2026-09-20T07:27:45.094986+00:00
7a5bc715434e68e8,BSE,SBI Floating Rate DEBT Fund - Regular Plan - Quarterly IDCW Payout (9004103),,SBI Floating Rate DEBT Fund - Regular Plan - Quarterly IDCW Payout (9004103),20-Sep-2026 12:56:47,https://www.bseindia.com/xml-data/corpfiling/AttachLive/747dec2c-e682-4cfe-ab20-e9c8e979fa93.pdf,SBIMF Fortnightly Portfolio 15092026,2026-09-20T07:27:45.095009+00:00
b55e58c7b3bfe0d2,BSE,SBI Magnum Gilt Fund - Long Term IDCW PF Regular (9004102),,SBI Magnum Gilt Fund - Long Term IDCW PF Regular (9004102),20-Sep-2026 12:56:47,https://www.bseindia.com/xml-data/corpfiling/AttachLive/747dec2c-e682-4cfe-ab20-e9c8e979fa93.pdf,SBIMF Fortnightly Portfolio 15092026,2026-09-20T07:27:45.095032+00:00
054bccac1e981f94,BSE,SBI Fixed Maturity Plan (FMP) - Series 6 (3668 Days) - Regular Plan - IDCW (9004101),,SBI Fixed Maturity Plan (FMP) - Series 6 (3668 Days) - Regular Plan - IDCW (9004101),20-Sep-2026 12:56:47,https://www.bseindia.com/xml-data/corpfiling/AttachLive/747dec2c-e682-4cfe-ab20-e9c8e979fa93.pdf,SBIMF Fortnightly Portfolio 15092026,2026-09-20T07:27:45.095056+00:00
8dc3aaca110f5147,BSE,SBI Corporate Bond Fund - Direct Plan - Growth (9004100),,SBI Corporate Bond Fund - Direct Plan - Growth (9004100),20-Sep-2026 12:56:47,https://www.bseindia.com/xml-data/corpfiling/AttachLive/747dec2c-e682-4cfe-ab20-e9c8e979fa93.pdf,SBIMF Fortnightly Portfolio 15092026,2026-09-20T07:27:45.095080+00:00
6233800880d81b98,BSE,SBI Long Term Advantage Fund - Series VI - Direct Plan - IDCW (9004099),,SBI Long Term Advantage Fund - Series VI - Direct Plan - IDCW (9004099),20-Sep-2026 12:56:47,https://www.bseindia.com/xml-data/corpfiling/AttachLive/747dec2c-e682-4cfe-ab20-e9c8e979fa93.pdf,SBIMF Fortnightly Portfolio 15092026,2026-09-20T07:27:45.095103+00:00
dec6504d2f1f4e87,BSE,SBI Nifty Midcap 150 Index Fund - Regular Plan - Growth (9004098),,SBI Nifty Midcap 150 Index Fund - Regular Plan - Growth (9004098),20-Sep-2026 12:56:47,https://www.bseindia.com/xml-data/corpfiling/AttachLive/747dec2c-e682-4cfe-ab20-e9c8e979fa93.pdf,SBIMF Fortnightly Portfolio 15092026,2026-09-20T07:27:45.095124+00:00
e0c00d1985d4ca62,BSE,SBI Magnum Children's Benefit Fund- Investment Plan Direct Growth (9004097),,SBI Magnum Children's Benefit Fund- Investment Plan Direct Growth (9004097),20-Sep-2026 12:56:47,https://www.bseindia.com/xml-data/corpfiling/AttachLive/747dec2c-e682-4cfe-ab20-e9c8e979fa93.pdf,SBIMF Fortnightly Portfolio 15092026,2026-09-20T07:27:45.095147+00:00
16c0a7f997408b13,BSE,SBI Nifty Smallcap 250 Index Fund - Regular Plan - IDCW (9004096),,SBI Nifty Smallcap 250 Index Fund - Regular Plan - IDCW (9004096),20-Sep-2026 12:56:47,https://www.bseindia.com/xml-data/corpfiling/AttachLive/747dec2c-e682-4cfe-ab20-e9c8e979fa93.pdf,SBIMF Fortnightly Portfolio 15092026,2026-09-20T07:27:45.095169+00:00
8ff94b93557e90e7,BSE,SBI Nifty IT ETF (9004095),,SBI Nifty IT ETF (9004095),20-Sep-2026 12:56:47,https://www.bseindia.com/xml-data/corpfiling/AttachLive/747dec2c-e682-4cfe-ab20-e9c8e979fa93.pdf,SBIMF Fortnightly Portfolio 15092026,2026-09-20T07:27:45.095189+00:00
34eba235c4d3fdd1,BSE,SBI CRISIL IBX Gilt Index - June 2036 Fund - Direct Plan - IDCW Payout (9004094),,SBI CRISIL IBX Gilt Index - June 2036 Fund - Direct Plan - IDCW Payout (9004094),20-Sep-2026 12:56:47,https://www.bseindia.com/xml-data/corpfiling/AttachLive/747dec2c-e682-4cfe-ab20-e9c8e979fa93.pdf,SBIMF Fortnightly Portfolio 15092026,2026-09-20T07:27:45.095212+00:00
da180f453482b486,BSE,SBI Fixed Maturity Plan (FMP) - Series 6 (3668 Days) Reg Growth (9004093),,SBI Fixed Maturity Plan (FMP) - Series 6 (3668 Days) Reg Growth (9004093),20-Sep-2026 12:56:47,https://www.bseindia.com/xml-data/corpfiling/AttachLive/747dec2c-e682-4cfe-ab20-e9c8e979fa93.pdf,SBIMF Fortnightly Portfolio 15092026,2026-09-20T07:27:45.095236+00:00
a31c95917504c725,BSE,SBI Fixed Maturity Plan (FMP) - Series 6 (3668 Days) Dir Growth (9004092),,SBI Fixed Maturity Plan (FMP) - Series 6 (3668 Days) Dir Growth (9004092),20-Sep-2026 12:56:47,https://www.bseindia.com/xml-data/corpfiling/AttachLive/747dec2c-e682-4cfe-ab20-e9c8e979fa93.pdf,SBIMF Fortnightly Portfolio 15092026,2026-09-20T07:27:45.095260+00:00
de92c46493054407,BSE,SBI Fixed Maturity Plan (FMP) - Series 73 (1226 Days) Regular Plan - IDCW (9004091),,SBI Fixed Maturity Plan (FMP) - Series 73 (1226 Days) Regular Plan - IDCW (9004091),20-Sep-2026 12:56:47,https://www.bseindia.com/xml-data/corpfiling/AttachLive/747dec2c-e682-4cfe-ab20-e9c8e979fa93.pdf,SBIMF Fortnightly Portfolio 15092026,2026-09-20T07:27:45.095283+00:00
98b63704594bda68,BSE,SBI Nifty Next 50 Index Fund - Direct Plan - IDCW (9004090),,SBI Nifty Next 50 Index Fund - Direct Plan - IDCW (9004090),20-Sep-2026 12:56:47,https://www.bseindia.com/xml-data/corpfiling/AttachLive/747dec2c-e682-4cfe-ab20-e9c8e979fa93.pdf,SBIMF Fortnightly Portfolio 15092026,2026-09-20T07:27:45.095305+00:00
bce49fc5c026e6cb,BSE,SBI CRISIL IBX SDL Index - September 2027 Fund - Regular Plan - IDCW (9004089),,SBI CRISIL IBX SDL Index - September 2027 Fund - Regular Plan - IDCW (9004089),20-Sep-2026 12:56:47,https://www.bseindia.com/xml-data/corpfiling/AttachLive/747dec2c-e682-4cfe-ab20-e9c8e979fa93.pdf,SBIMF Fortnightly Portfolio 15092026,2026-09-20T07:27:45.095328+00:00
9b5ffabe9e06b0e9,BSE,SBI Equity Minimum Variance Fund - Direct Plan - IDCW (9004088),,SBI Equity Minimum Variance Fund - Direct Plan - IDCW (9004088),20-Sep-2026 12:56:47,https://www.bseindia.com/xml-data/corpfiling/AttachLive/747dec2c-e682-4cfe-ab20-e9c8e979fa93.pdf,SBIMF Fortnightly Portfolio 15092026,2026-09-20T07:27:45.095350+00:00
3df32738aca41f7d,BSE,SBI NIFTY 200 Quality 30 ETF (9004087),,SBI NIFTY 200 Quality 30 ETF (9004087),20-Sep-2026 12:56:47,https://www.bseindia.com/xml-data/corpfiling/AttachLive/747dec2c-e682-4cfe-ab20-e9c8e979fa93.pdf,SBIMF Fortnightly Portfolio 15092026,2026-09-20T07:27:45.095373+00:00
5848b775491d8a2a,BSE,SBI Fixed Maturity Plan (FMP) - Series 1 (3668 Days) Reg Growth (9004086),,SBI Fixed Maturity Plan (FMP) - Series 1 (3668 Days) Reg Growth (9004086),20-Sep-2026 12:56:47,https://www.bseindia.com/xml-data/corpfiling/AttachLive/747dec2c-e682-4cfe-ab20-e9c8e979fa93.pdf,SBIMF Fortnightly Portfolio 15092026,2026-09-20T07:27:45.095395+00:00
a813ebf0cfa990c3,BSE,SBI Fixed Maturity Plan (FMP) - Series 1 (3668 Days) - Regular Plan - IDCW (9004085),,SBI Fixed Maturity Plan (FMP) - Series 1 (3668 Days) - Regular Plan - IDCW (9004085),20-Sep-2026 12:56:47,https://www.bseindia.com/xml-data/corpfiling/AttachLive/747dec2c-e682-4cfe-ab20-e9c8e979fa93.pdf,SBIMF Fortnightly Portfolio 15092026,2026-09-20T07:27:45.095417+00:00
e638e8992911cafc,BSE,SBI CRISIL IBX SDL Index - September 2027 Fund - Regular Plan - Growth (9004084),,SBI CRISIL IBX SDL Index - September 2027 Fund - Regular Plan - Growth (9004084),20-Sep-2026 12:56:47,https://www.bseindia.com/xml-data/corpfiling/AttachLive/747dec2c-e682-4cfe-ab20-e9c8e979fa93.pdf,SBIMF Fortnightly Portfolio 15092026,2026-09-20T07:27:45.095440+00:00
3670ccd5032246bb,BSE,SBI Corporate Bond Fund - Direct Plan - Monthly IDCW (9004083),,SBI Corporate Bond Fund - Direct Plan - Monthly IDCW (9004083),20-Sep-2026 12:56:47,https://www.bseindia.com/xml-data/corpfiling/AttachLive/747dec2c-e682-4cfe-ab20-e9c8e979fa93.pdf,SBIMF Fortnightly Portfolio 15092026,2026-09-20T07:27:45.095463+00:00
02875f6ba179961b,BSE,SBI CRISIL IBX SDL Index - September 2027 Fund - Direct Plan - IDCW (9004082),,SBI CRISIL IBX SDL Index - September 2027 Fund - Direct Plan - IDCW (9004082),20-Sep-2026 12:56:47,https://www.bseindia.com/xml-data/corpfiling/AttachLive/747dec2c-e682-4cfe-ab20-e9c8e979fa93.pdf,SBIMF Fortnightly Portfolio 15092026,2026-09-20T07:27:45.095487+00:00
eb0430a49c2a5123,BSE,SBI Conservative Hybrid Fund Direct Monthly IDCW Payout (9004081),,SBI Conservative Hybrid Fund Direct Monthly IDCW Payout (9004081),20-Sep-2026 12:56:47,https://www.bseindia.com/xml-data/corpfiling/AttachLive/747dec2c-e682-4cfe-ab20-e9c8e979fa93.pdf,SBIMF Fortnightly Portfolio 15092026,2026-09-20T07:27:45.095510+00:00
062976170ced29cc,BSE,SBI Equity Savings Fund - Regular Plan - Quarterly IDCW (9004080),,SBI Equity Savings Fund - Regular Plan - Quarterly IDCW (9004080),20-Sep-2026 12:56:47,https://www.bseindia.com/xml-data/corpfiling/AttachLive/747dec2c-e682-4cfe-ab20-e9c8e979fa93.pdf,SBIMF Fortnightly Portfolio 15092026,2026-09-20T07:27:45.095533+00:00
aa331b85135fec93,BSE,SBI Conservative Hybrid Fund Direct Annual IDCW Payout (9004079),,SBI Conservative Hybrid Fund Direct Annual IDCW Payout (9004079),20-Sep-2026 12:56:47,https://www.bseindia.com/xml-data/corpfiling/AttachLive/747dec2c-e682-4cfe-ab20-e9c8e979fa93.pdf,SBIMF Fortnightly Portfolio 15092026,2026-09-20T07:27:45.095555+00:00
654440274488fd81,BSE,SBI Credit Risk Fund - Direct Plan - IDCW Payout (9004078),,SBI Credit Risk Fund - Direct Plan - IDCW Payout (9004078),20-Sep-2026 12:56:47,https://www.bseindia.com/xml-data/corpfiling/AttachLive/747dec2c-e682-4cfe-ab20-e9c8e979fa93.pdf,SBIMF Fortnightly Portfolio 15092026,2026-09-20T07:27:45.095576+00:00
b4b59b24244c6ea4,BSE,SBI Savings Fund - Direct Plan - IDCW Payout (9004077),,SBI Savings Fund - Direct Plan - IDCW Payout (9004077),20-Sep-2026 12:56:47,https://www.bseindia.com/xml-data/corpfiling/AttachLive/747dec2c-e682-4cfe-ab20-e9c8e979fa93.pdf,SBIMF Fortnightly Portfolio 15092026,2026-09-20T07:27:45.095598+00:00
470bc3c770858c49,BSE,SBI Arbitrage Opportunities Fund - Direct Plan - IDCW Payout (9004076),,SBI Arbitrage Opportunities Fund - Direct Plan - IDCW Payout (9004076),20-Sep-2026 12:56:47,https://www.bseindia.com/xml-data/corpfiling/AttachLive/747dec2c-e682-4cfe-ab20-e9c8e979fa93.pdf,SBIMF Fortnightly Portfolio 15092026,2026-09-20T07:27:45.095621+00:00
12a417b15b14f2f3,BSE,SBI Fixed Maturity Plan (FMP) - Series 43 (1616 Days) Dir Growth (9004075),,SBI Fixed Maturity Plan (FMP) - Series 43 (1616 Days) Dir Growth (9004075),20-Sep-2026 12:56:47,https://www.bseindia.com/xml-data/corpfiling/AttachLive/747dec2c-e682-4cfe-ab20-e9c8e979fa93.pdf,SBIMF Fortnightly Portfolio 15092026,2026-09-20T07:27:45.095649+00:00
b28dbb813bf3cb4a,BSE,SBI Savings Fund - Direct Plan Weekly IDCW Payout (9004074),,SBI Savings Fund - Direct Plan Weekly IDCW Payout (9004074),20-Sep-2026 12:56:47,https://www.bseindia.com/xml-data/corpfiling/AttachLive/747dec2c-e682-4cfe-ab20-e9c8e979fa93.pdf,SBIMF Fortnightly Portfolio 15092026,2026-09-20T07:27:45.095670+00:00
37f922dccc82e1e5,BSE,SBI Liquid Fund - Direct Plan - Weekly IDCW Payout (9004073),,SBI Liquid Fund - Direct Plan - Weekly IDCW Payout (9004073),20-Sep-2026 12:56:47,https://www.bseindia.com/xml-data/corpfiling/AttachLive/747dec2c-e682-4cfe-ab20-e9c8e979fa93.pdf,SBIMF Fortnightly Portfolio 15092026,2026-09-20T07:27:45.095691+00:00
c937161dd91ecfd4,BSE,SBI Liquid Fund - Direct Fortnightly IDCW Payout (9004072),,SBI Liquid Fund - Direct Fortnightly IDCW Payout (9004072),20-Sep-2026 12:56:47,https://www.bseindia.com/xml-data/corpfiling/AttachLive/747dec2c-e682-4cfe-ab20-e9c8e979fa93.pdf,SBIMF Fortnightly Portfolio 15092026,2026-09-20T07:27:45.095715+00:00
2c697997f9ff7979,BSE,SBI Magnum Medium Duration Fund - Direct Plan - IDCW Payout (9004071),,SBI Magnum Medium Duration Fund - Direct Plan - IDCW Payout (9004071),20-Sep-2026 12:56:47,https://www.bseindia.com/xml-data/corpfiling/AttachLive/747dec2c-e682-4cfe-ab20-e9c8e979fa93.pdf,SBIMF Fortnightly Portfolio 15092026,2026-09-20T07:27:45.095741+00:00
37723544e8647590,BSE,SBI Nifty 1D Rate ETF (9004070),,SBI Nifty 1D Rate ETF (9004070),20-Sep-2026 12:56:47,https://www.bseindia.com/xml-data/corpfiling/AttachLive/747dec2c-e682-4cfe-ab20-e9c8e979fa93.pdf,SBIMF Fortnightly Portfolio 15092026,2026-09-20T07:27:45.095762+00:00
2f4d5d40b4b6f033,BSE,SBI Equity Hybrid Fund - Direct Plan - IDCW Payout (9004069),,SBI Equity Hybrid Fund - Direct Plan - IDCW Payout (9004069),20-Sep-2026 12:56:47,https://www.bseindia.com/xml-data/corpfiling/AttachLive/747dec2c-e682-4cfe-ab20-e9c8e979fa93.pdf,SBIMF Fortnightly Portfolio 15092026,2026-09-20T07:27:45.095786+00:00
18e353aed869f842,BSE,SBI Banking & Financial Services Fund - Direct Plan-Growth (9004068),,SBI Banking & Financial Services Fund - Direct Plan-Growth (9004068),20-Sep-2026 12:56:47,https://www.bseindia.com/xml-data/corpfiling/AttachLive/747dec2c-e682-4cfe-ab20-e9c8e979fa93.pdf,SBIMF Fortnightly Portfolio 15092026,2026-09-20T07:27:45.095809+00:00
4399e2e19c2f69a3,BSE,SBI Overnight Fund - Direct Plan - Weekly IDCW Payout (9004067),,SBI Overnight Fund - Direct Plan - Weekly IDCW Payout (9004067),20-Sep-2026 12:56:47,https://www.bseindia.com/xml-data/corpfiling/AttachLive/747dec2c-e682-4cfe-ab20-e9c8e979fa93.pdf,SBIMF Fortnightly Portfolio 15092026,2026-09-20T07:27:45.095830+00:00
07f90a34a4853787,BSE,SBI Nifty Index Fund - Direct Plan - IDCW Payout (9004066),,SBI Nifty Index Fund - Direct Plan - IDCW Payout (9004066),20-Sep-2026 12:56:47,https://www.bseindia.com/xml-data/corpfiling/AttachLive/747dec2c-e682-4cfe-ab20-e9c8e979fa93.pdf,SBIMF Fortnightly Portfolio 15092026,2026-09-20T07:27:45.095852+00:00
76a6378a493df3ac,BSE,SBI Contra Fund - Direct Plan - IDCW Payout (9004065),,SBI Contra Fund - Direct Plan - IDCW Payout (9004065),20-Sep-2026 12:56:47,https://www.bseindia.com/xml-data/corpfiling/AttachLive/747dec2c-e682-4cfe-ab20-e9c8e979fa93.pdf,SBIMF Fortnightly Portfolio 15092026,2026-09-20T07:27:45.095873+00:00
6a0db3fc02b50cf9,BSE,SBI Healthcare Opportunities Fund - Direct Plan - IDCW Payout (9004064),,SBI Healthcare Opportunities Fund - Direct Plan - IDCW Payout (9004064),20-Sep-2026 12:56:47,https://www.bseindia.com/xml-data/corpfiling/AttachLive/747dec2c-e682-4cfe-ab20-e9c8e979fa93.pdf,SBIMF Fortnightly Portfolio 15092026,2026-09-20T07:27:45.095894+00:00
4b614caf3e2f261c,BSE,SBI Technology Opportunities Fund - Direct Plan - IDCW Payout (9004063),,SBI Technology Opportunities Fund - Direct Plan - IDCW Payout (9004063),20-Sep-2026 12:56:47,https://www.bseindia.com/xml-data/corpfiling/AttachLive/747dec2c-e682-4cfe-ab20-e9c8e979fa93.pdf,SBIMF Fortnightly Portfolio 15092026,2026-09-20T07:27:45.095916+00:00
345a47742db982c1,BSE,SBI Consumption Opportunities Fund - Direct Plan - IDCW Payout (9004062),,SBI Consumption Opportunities Fund - Direct Plan - IDCW Payout (9004062),20-Sep-2026 12:56:47,https://www.bseindia.com/xml-data/corpfiling/AttachLive/747dec2c-e682-4cfe-ab20-e9c8e979fa93.pdf,SBIMF Fortnightly Portfolio 15092026,2026-09-20T07:27:45.095938+00:00
f42d8ae5eb690270,BSE,SBI Magnum Income Fund - Direct Plan - Quarterly IDCW Payout (9004061),,SBI Magnum Income Fund - Direct Plan - Quarterly IDCW Payout (9004061),20-Sep-2026 12:56:47,https://www.bseindia.com/xml-data/corpfiling/AttachLive/747dec2c-e682-4cfe-ab20-e9c8e979fa93.pdf,SBIMF Fortnightly Portfolio 15092026,2026-09-20T07:27:45.095962+00:00
f815a2e8fc1dd1f1,BSE,SBI Magnum Income Fund - Direct Plan - IDCW Payout (9004060),,SBI Magnum Income Fund - Direct Plan - IDCW Payout (9004060),20-Sep-2026 12:56:47,https://www.bseindia.com/xml-data/corpfiling/AttachLive/747dec2c-e682-4cfe-ab20-e9c8e979fa93.pdf,SBIMF Fortnightly Portfolio 15092026,2026-09-20T07:27:45.095984+00:00
d0c0773b2f94325f,BSE,SBI Magnum Global Fund - Direct Plan - IDCW Payout (9004059),,SBI Magnum Global Fund - Direct Plan - IDCW Payout (9004059),20-Sep-2026 12:56:47,https://www.bseindia.com/xml-data/corpfiling/AttachLive/747dec2c-e682-4cfe-ab20-e9c8e979fa93.pdf,SBIMF Fortnightly Portfolio 15092026,2026-09-20T07:27:45.096005+00:00
c1357b5d281e9270,BSE,SBI Large & Midcap Fund - Direct Plan - IDCW Payout (9004058),,SBI Large & Midcap Fund - Direct Plan - IDCW Payout (9004058),20-Sep-2026 12:56:47,https://www.bseindia.com/xml-data/corpfiling/AttachLive/747dec2c-e682-4cfe-ab20-e9c8e979fa93.pdf,SBIMF Fortnightly Portfolio 15092026,2026-09-20T07:27:45.096029+00:00
c3277ba3ce2b80c2,BSE,SBI ESG Exclusionary Strategy Fund Direct Plan - IDCW Payout (9004057),,SBI ESG Exclusionary Strategy Fund Direct Plan - IDCW Payout (9004057),20-Sep-2026 12:56:47,https://www.bseindia.com/xml-data/corpfiling/AttachLive/747dec2c-e682-4cfe-ab20-e9c8e979fa93.pdf,SBIMF Fortnightly Portfolio 15092026,2026-09-20T07:27:45.096051+00:00
15511d51412658c5,BSE,SBI Multi Asset Allocation Fund - Direct Plan - Annual IDCW Payout (9004056),,SBI Multi Asset Allocation Fund - Direct Plan - Annual IDCW Payout (9004056),20-Sep-2026 12:56:47,https://www.bseindia.com/xml-data/corpfiling/AttachLive/747dec2c-e682-4cfe-ab20-e9c8e979fa93.pdf,SBIMF Fortnightly Portfolio 15092026,2026-09-20T07:27:45.096075+00:00
a08a58d6a8cedc4f,BSE,SBI Multi Asset Allocation Fund - Direct Plan - Quarterly IDCW Payout (9004055),,SBI Multi Asset Allocation Fund - Direct Plan - Quarterly IDCW Payout (9004055),20-Sep-2026 12:56:47,https://www.bseindia.com/xml-data/corpfiling/AttachLive/747dec2c-e682-4cfe-ab20-e9c8e979fa93.pdf,SBIMF Fortnightly Portfolio 15092026,2026-09-20T07:27:45.096098+00:00
ed469687d7e0da3d,BSE,SBI Flexicap Fund - Direct Plan - IDCW Payout (9004054),,SBI Flexicap Fund - Direct Plan - IDCW Payout (9004054),20-Sep-2026 12:56:47,https://www.bseindia.com/xml-data/corpfiling/AttachLive/747dec2c-e682-4cfe-ab20-e9c8e979fa93.pdf,SBIMF Fortnightly Portfolio 15092026,2026-09-20T07:27:45.096121+00:00
33671f9cce6d37cd,BSE,SBI Magnum Gilt Fund - Direct Plan - IDCW Payout (9004053),,SBI Magnum Gilt Fund - Direct Plan - IDCW Payout (9004053),20-Sep-2026 12:56:47,https://www.bseindia.com/xml-data/corpfiling/AttachLive/747dec2c-e682-4cfe-ab20-e9c8e979fa93.pdf,SBIMF Fortnightly Portfolio 15092026,2026-09-20T07:27:45.096145+00:00
292afd45c8698708,BSE,SBI Magnum Comma Fund - Direct Plan - IDCW Payout (9004052),,SBI Magnum Comma Fund - Direct Plan - IDCW Payout (9004052),20-Sep-2026 12:56:46,https://www.bseindia.com/xml-data/corpfiling/AttachLive/747dec2c-e682-4cfe-ab20-e9c8e979fa93.pdf,SBIMF Fortnightly Portfolio 15092026,2026-09-20T07:27:45.096166+00:00
7c60e090cc9e6683,BSE,SBI Long Term Advantage Fund - Series IV - Regular Plan - IDCW (9004051),,SBI Long Term Advantage Fund - Series IV - Regular Plan - IDCW (9004051),20-Sep-2026 12:56:46,https://www.bseindia.com/xml-data/corpfiling/AttachLive/747dec2c-e682-4cfe-ab20-e9c8e979fa93.pdf,SBIMF Fortnightly Portfolio 15092026,2026-09-20T07:27:45.096189+00:00
6a800e4e01bc86bc,BSE,SBI Fixed Maturity Plan (FMP) - Series 48 (1458 Days) Direct Plan - IDCW (9004050),,SBI Fixed Maturity Plan (FMP) - Series 48 (1458 Days) Direct Plan - IDCW (9004050),20-Sep-2026 12:56:46,https://www.bseindia.com/xml-data/corpfiling/AttachLive/747dec2c-e682-4cfe-ab20-e9c8e979fa93.pdf,SBIMF Fortnightly Portfolio 15092026,2026-09-20T07:27:45.096214+00:00
aec773f9f5a35e9e,BSE,SBI Equity Savings Fund - Direct Plan - Quarterly IDCW (9004049),,SBI Equity Savings Fund - Direct Plan - Quarterly IDCW (9004049),20-Sep-2026 12:56:46,https://www.bseindia.com/xml-data/corpfiling/AttachLive/747dec2c-e682-4cfe-ab20-e9c8e979fa93.pdf,SBIMF Fortnightly Portfolio 15092026,2026-09-20T07:27:45.096236+00:00
9627ab259b6dddbb,BSE,SBI Long Term Advantage Fund - Series II - Direct Plan - IDCW (9004048),,SBI Long Term Advantage Fund - Series II - Direct Plan - IDCW (9004048),20-Sep-2026 12:56:46,https://www.bseindia.com/xml-data/corpfiling/AttachLive/747dec2c-e682-4cfe-ab20-e9c8e979fa93.pdf,SBIMF Fortnightly Portfolio 15092026,2026-09-20T07:27:45.096261+00:00
869626ef20516197,BSE,SBI Banking & Financial Services Fund - Direct Plan - IDCW (9004047),,SBI Banking & Financial Services Fund - Direct Plan - IDCW (9004047),20-Sep-2026 12:56:46,https://www.bseindia.com/xml-data/corpfiling/AttachLive/747dec2c-e682-4cfe-ab20-e9c8e979fa93.pdf,SBIMF Fortnightly Portfolio 15092026,2026-09-20T07:27:45.096285+00:00
2f4d8514a05b0457,BSE,SBI Gold Fund - Direct Plan - IDCW Payout (9004046),,SBI Gold Fund - Direct Plan - IDCW Payout (9004046),20-Sep-2026 12:56:46,https://www.bseindia.com/xml-data/corpfiling/AttachLive/747dec2c-e682-4cfe-ab20-e9c8e979fa93.pdf,SBIMF Fortnightly Portfolio 15092026,2026-09-20T07:27:45.096308+00:00
c332b1c9053bb24d,BSE,SBI Long Term Advantage Fund - Series V - Regular Plan - IDCW (9004045),,SBI Long Term Advantage Fund - Series V - Regular Plan - IDCW (9004045),20-Sep-2026 12:56:46,https://www.bseindia.com/xml-data/corpfiling/AttachLive/747dec2c-e682-4cfe-ab20-e9c8e979fa93.pdf,SBIMF Fortnightly Portfolio 15092026,2026-09-20T07:27:45.096331+00:00
d76db06864c1883b,BSE,SBI Fixed Maturity Plan (FMP) - Series 48 (1458 Days) Reg Growth (9004044),,SBI Fixed Maturity Plan (FMP) - Series 48 (1458 Days) Reg Growth (9004044),20-Sep-2026 12:56:46,https://www.bseindia.com/xml-data/corpfiling/AttachLive/747dec2c-e682-4cfe-ab20-e9c8e979fa93.pdf,SBIMF Fortnightly Portfolio 15092026,2026-09-20T07:27:45.096353+00:00
2d4621ccae95f065,BSE,SBI Long Term Advantage Fund - Series III - Regular Plan - IDCW (9004043),,SBI Long Term Advantage Fund - Series III - Regular Plan - IDCW (9004043),20-Sep-2026 12:56:46,https://www.bseindia.com/xml-data/corpfiling/AttachLive/747dec2c-e682-4cfe-ab20-e9c8e979fa93.pdf,SBIMF Fortnightly Portfolio 15092026,2026-09-20T07:27:45.096375+00:00
c7b0cc69859a8118,BSE,SBI Long Term Advantage Fund - Series IV - Regular - Growth (9004042),,SBI Long Term Advantage Fund - Series IV - Regular - Growth (9004042),20-Sep-2026 12:56:46,https://www.bseindia.com/xml-data/corpfiling/AttachLive/747dec2c-e682-4cfe-ab20-e9c8e979fa93.pdf,SBIMF Fortnightly Portfolio 15092026,2026-09-20T07:27:45.096397+00:00
f4d4293a4dfc4914,BSE,SBI Long Term Advantage Fund - Series III - Direct Plan - IDCW (9004041),,SBI Long Term Advantage Fund - Series III - Direct Plan - IDCW (9004041),20-Sep-2026 12:56:46,https://www.bseindia.com/xml-data/corpfiling/AttachLive/747dec2c-e682-4cfe-ab20-e9c8e979fa93.pdf,SBIMF Fortnightly Portfolio 15092026,2026-09-20T07:27:45.096419+00:00
a2967e562ab1e8e6,BSE,SBI Dynamic Bond Fund - Direct Plan - IDCW Payout (9004040),,SBI Dynamic Bond Fund - Direct Plan - IDCW Payout (9004040),20-Sep-2026 12:56:46,https://www.bseindia.com/xml-data/corpfiling/AttachLive/747dec2c-e682-4cfe-ab20-e9c8e979fa93.pdf,SBIMF Fortnightly Portfolio 15092026,2026-09-20T07:27:45.096441+00:00
91263519036a38a4,BSE,SBI Silver ETF Fund of Fund - Regular Plan - IDCW (9004039),,SBI Silver ETF Fund of Fund - Regular Plan - IDCW (9004039),20-Sep-2026 12:56:46,https://www.bseindia.com/xml-data/corpfiling/AttachLive/747dec2c-e682-4cfe-ab20-e9c8e979fa93.pdf,SBIMF Fortnightly Portfolio 15092026,2026-09-20T07:27:45.096466+00:00
fe61f339677c4979,BSE,SBI Long Duration Fund - Direct Plan - IDCW (9004038),,SBI Long Duration Fund - Direct Plan - IDCW (9004038),20-Sep-2026 12:56:46,https://www.bseindia.com/xml-data/corpfiling/AttachLive/747dec2c-e682-4cfe-ab20-e9c8e979fa93.pdf,SBIMF Fortnightly Portfolio 15092026,2026-09-20T07:27:45.096488+00:00
7d32c29d41152117,BSE,SBI CPSE Bond Plus SDL Sep 2026 50:50 Index Fund - Direct Plan - Growth (9004037),,SBI CPSE Bond Plus SDL Sep 2026 50:50 Index Fund - Direct Plan - Growth (9004037),20-Sep-2026 12:56:46,https://www.bseindia.com/xml-data/corpfiling/AttachLive/747dec2c-e682-4cfe-ab20-e9c8e979fa93.pdf,SBIMF Fortnightly Portfolio 15092026,2026-09-20T07:27:45.096518+00:00
4712cc56e26f8eb6,BSE,SBI Long Term Equity Fund - Direct Plan - IDCW Payout (9004036),,SBI Long Term Equity Fund - Direct Plan - IDCW Payout (9004036),20-Sep-2026 12:56:46,https://www.bseindia.com/xml-data/corpfiling/AttachLive/747dec2c-e682-4cfe-ab20-e9c8e979fa93.pdf,SBIMF Fortnightly Portfolio 15092026,2026-09-20T07:27:45.096543+00:00
a80371329520d537,BSE,SBI Nifty India Consumption Index Fund - Regular Plan - IDCW Payout (9004035),,SBI Nifty India Consumption Index Fund - Regular Plan - IDCW Payout (9004035),20-Sep-2026 12:56:46,https://www.bseindia.com/xml-data/corpfiling/AttachLive/747dec2c-e682-4cfe-ab20-e9c8e979fa93.pdf,SBIMF Fortnightly Portfolio 15092026,2026-09-20T07:27:45.096566+00:00
3df2977e62a58b7b,BSE,SBI Long Term Advantage Fund - Series V - Direct Plan - IDCW (9004034),,SBI Long Term Advantage Fund - Series V - Direct Plan - IDCW (9004034),20-Sep-2026 12:56:46,https://www.bseindia.com/xml-data/corpfiling/AttachLive/747dec2c-e682-4cfe-ab20-e9c8e979fa93.pdf,SBIMF Fortnightly Portfolio 15092026,2026-09-20T07:27:45.096588+00:00
36da924b2f33be0a,BSE,SBI Long Term Advantage Fund - Series V - Direct - Growth (9004033),,SBI Long Term Advantage Fund - Series V - Direct - Growth (9004033),20-Sep-2026 12:56:46,https://www.bseindia.com/xml-data/corpfiling/AttachLive/747dec2c-e682-4cfe-ab20-e9c8e979fa93.pdf,SBIMF Fortnightly Portfolio 15092026,2026-09-20T07:27:45.096610+00:00
77670597629eea9a,BSE,SBI Banking & Financial Services Fund - Direct Plan - IDCW Payout (9004032),,SBI Banking & Financial Services Fund - Direct Plan - IDCW Payout (9004032),20-Sep-2026 12:56:46,https://www.bseindia.com/xml-data/corpfiling/AttachLive/747dec2c-e682-4cfe-ab20-e9c8e979fa93.pdf,SBIMF Fortnightly Portfolio 15092026,2026-09-20T07:27:45.096633+00:00
68d4ec60af587624,BSE,SBI Long Term Advantage Fund - Series IV - Direct Plan - IDCW (9004031),,SBI Long Term Advantage Fund - Series IV - Direct Plan - IDCW (9004031),20-Sep-2026 12:56:46,https://www.bseindia.com/xml-data/corpfiling/AttachLive/747dec2c-e682-4cfe-ab20-e9c8e979fa93.pdf,SBIMF Fortnightly Portfolio 15092026,2026-09-20T07:27:45.096660+00:00
8314550cb229d789,BSE,SBI Banking & Financial Services Fund - Regular Plan - IDCW Payout (9004030),,SBI Banking & Financial Services Fund - Regular Plan - IDCW Payout (9004030),20-Sep-2026 12:56:46,https://www.bseindia.com/xml-data/corpfiling/AttachLive/747dec2c-e682-4cfe-ab20-e9c8e979fa93.pdf,SBIMF Fortnightly Portfolio 15092026,2026-09-20T07:27:45.096683+00:00
db9a52f6cdcdb02a,BSE,SBI Banking & PSU Fund - Direct Plan - Weekly IDCW Payout (9004029),,SBI Banking & PSU Fund - Direct Plan - Weekly IDCW Payout (9004029),20-Sep-2026 12:56:46,https://www.bseindia.com/xml-data/corpfiling/AttachLive/747dec2c-e682-4cfe-ab20-e9c8e979fa93.pdf,SBIMF Fortnightly Portfolio 15092026,2026-09-20T07:27:45.096708+00:00
1f199a82e49cb7c4,BSE,SBI PSU Fund - Direct Plan - IDCW Payout (9004028),,SBI PSU Fund - Direct Plan - IDCW Payout (9004028),20-Sep-2026 12:56:46,https://www.bseindia.com/xml-data/corpfiling/AttachLive/747dec2c-e682-4cfe-ab20-e9c8e979fa93.pdf,SBIMF Fortnightly Portfolio 15092026,2026-09-20T07:27:45.096730+00:00
99b3a731a12b2dae,BSE,SBI Short Term Debt Fund - Direct Plan Weekly IDCW Payout (9004027),,SBI Short Term Debt Fund - Direct Plan Weekly IDCW Payout (9004027),20-Sep-2026 12:56:46,https://www.bseindia.com/xml-data/corpfiling/AttachLive/747dec2c-e682-4cfe-ab20-e9c8e979fa93.pdf,SBIMF Fortnightly Portfolio 15092026,2026-09-20T07:27:45.096752+00:00
cf38b38e1c731359,BSE,SBI Short Term Debt Fund - Direct Plan - Monthly IDCW Payout (9004026),,SBI Short Term Debt Fund - Direct Plan - Monthly IDCW Payout (9004026),20-Sep-2026 12:56:46,https://www.bseindia.com/xml-data/corpfiling/AttachLive/747dec2c-e682-4cfe-ab20-e9c8e979fa93.pdf,SBIMF Fortnightly Portfolio 15092026,2026-09-20T07:27:45.096776+00:00
7ee57807fced25b1,BSE,SBI Short Term Debt Fund - Direct Plan Fortnightly IDCW Payout (9004025),,SBI Short Term Debt Fund - Direct Plan Fortnightly IDCW Payout (9004025),20-Sep-2026 12:56:46,https://www.bseindia.com/xml-data/corpfiling/AttachLive/747dec2c-e682-4cfe-ab20-e9c8e979fa93.pdf,SBIMF Fortnightly Portfolio 15092026,2026-09-20T07:27:45.096799+00:00
8f00cea6085168ee,BSE,SBI Nifty Next 50 Index Fund - Regular Plan - Growth (9004024),,SBI Nifty Next 50 Index Fund - Regular Plan - Growth (9004024),20-Sep-2026 12:56:46,https://www.bseindia.com/xml-data/corpfiling/AttachLive/747dec2c-e682-4cfe-ab20-e9c8e979fa93.pdf,SBIMF Fortnightly Portfolio 15092026,2026-09-20T07:27:45.096821+00:00
043f68112207655a,BSE,SBI Magnum Low Duration Fund - Direct Plan - Weekly IDCW Payout (9004023),,SBI Magnum Low Duration Fund - Direct Plan - Weekly IDCW Payout (9004023),20-Sep-2026 12:56:46,https://www.bseindia.com/xml-data/corpfiling/AttachLive/747dec2c-e682-4cfe-ab20-e9c8e979fa93.pdf,SBIMF Fortnightly Portfolio 15092026,2026-09-20T07:27:45.096843+00:00
ede13e2ab2386fde,BSE,SBI Magnum Low Duration Fund - Direct Plan - Monthly IDCW Payout (9004022),,SBI Magnum Low Duration Fund - Direct Plan - Monthly IDCW Payout (9004022),20-Sep-2026 12:56:46,https://www.bseindia.com/xml-data/corpfiling/AttachLive/747dec2c-e682-4cfe-ab20-e9c8e979fa93.pdf,SBIMF Fortnightly Portfolio 15092026,2026-09-20T07:27:45.096867+00:00
43320161cea66144,BSE,SBI Magnum Low Duration Fund - Direct Plan - Fortnightly IDCW Payout (9004021),,SBI Magnum Low Duration Fund - Direct Plan - Fortnightly IDCW Payout (9004021),20-Sep-2026 12:56:46,https://www.bseindia.com/xml-data/corpfiling/AttachLive/747dec2c-e682-4cfe-ab20-e9c8e979fa93.pdf,SBIMF Fortnightly Portfolio 15092026,2026-09-20T07:27:45.096891+00:00
3e7b235ada944f11,BSE,SBI Infrastructure Fund - Direct Plan - IDCW Payout (9004020),,SBI Infrastructure Fund - Direct Plan - IDCW Payout (9004020),20-Sep-2026 12:56:46,https://www.bseindia.com/xml-data/corpfiling/AttachLive/747dec2c-e682-4cfe-ab20-e9c8e979fa93.pdf,SBIMF Fortnightly Portfolio 15092026,2026-09-20T07:27:45.096914+00:00
78a69eab713035b9,BSE,SBI Blue Chip Fund - Direct Plan - IDCW Payout (9004019),,SBI Blue Chip Fund - Direct Plan - IDCW Payout (9004019),20-Sep-2026 12:56:46,https://www.bseindia.com/xml-data/corpfiling/AttachLive/747dec2c-e682-4cfe-ab20-e9c8e979fa93.pdf,SBIMF Fortnightly Portfolio 15092026,2026-09-20T07:27:45.096937+00:00
a5a7a5bf35b1aa54,BSE,SBI Multi Asset Allocation Fund - Direct Plan - Monthly IDCW Payout (9004018),,SBI Multi Asset Allocation Fund - Direct Plan - Monthly IDCW Payout (9004018),20-Sep-2026 12:56:46,https://www.bseindia.com/xml-data/corpfiling/AttachLive/747dec2c-e682-4cfe-ab20-e9c8e979fa93.pdf,SBIMF Fortnightly Portfolio 15092026,2026-09-20T07:27:45.096959+00:00
ea9efc080a3631c5,BSE,SBI Long Term Advantage Fund - Series VI - Direct - Growth (9004017),,SBI Long Term Advantage Fund - Series VI - Direct - Growth (9004017),20-Sep-2026 12:56:46,https://www.bseindia.com/xml-data/corpfiling/AttachLive/747dec2c-e682-4cfe-ab20-e9c8e979fa93.pdf,SBIMF Fortnightly Portfolio 15092026,2026-09-20T07:27:45.096981+00:00
587b785bf4bd4b7f,BSE,SBI Long Term Advantage Fund - Series VI - Regular - Growth (9004016),,SBI Long Term Advantage Fund - Series VI - Regular - Growth (9004016),20-Sep-2026 12:56:46,https://www.bseindia.com/xml-data/corpfiling/AttachLive/747dec2c-e682-4cfe-ab20-e9c8e979fa93.pdf,SBIMF Fortnightly Portfolio 15092026,2026-09-20T07:27:45.097003+00:00
307841d0ae249153,BSE,SBI Magnum Constant Maturity Fund - Direct Plan - IDCW Payout (9004015),,SBI Magnum Constant Maturity Fund - Direct Plan - IDCW Payout (9004015),20-Sep-2026 12:56:46,https://www.bseindia.com/xml-data/corpfiling/AttachLive/747dec2c-e682-4cfe-ab20-e9c8e979fa93.pdf,SBIMF Fortnightly Portfolio 15092026,2026-09-20T07:27:45.097025+00:00
d6fc20032e0dadb8,BSE,SBI Magnum MidCap Fund - Direct Plan - IDCW Payout (9004014),,SBI Magnum MidCap Fund - Direct Plan - IDCW Payout (9004014),20-Sep-2026 12:56:46,https://www.bseindia.com/xml-data/corpfiling/AttachLive/747dec2c-e682-4cfe-ab20-e9c8e979fa93.pdf,SBIMF Fortnightly Portfolio 15092026,2026-09-20T07:27:45.097049+00:00
f92b1551fff2d8a8,BSE,SBI Magnum Ultra Short Duration Fund - Direct Plan - Weekly IDCW Payout (9004013),,SBI Magnum Ultra Short Duration Fund - Direct Plan - Weekly IDCW Payout (9004013),20-Sep-2026 12:56:46,https://www.bseindia.com/xml-data/corpfiling/AttachLive/747dec2c-e682-4cfe-ab20-e9c8e979fa93.pdf,SBIMF Fortnightly Portfolio 15092026,2026-09-20T07:27:45.097072+00:00
460904d454c89807,BSE,SBI Conservative Hybrid Fund Direct Quarterly IDCW Payout (9004012),,SBI Conservative Hybrid Fund Direct Quarterly IDCW Payout (9004012),20-Sep-2026 12:56:46,https://www.bseindia.com/xml-data/corpfiling/AttachLive/747dec2c-e682-4cfe-ab20-e9c8e979fa93.pdf,SBIMF Fortnightly Portfolio 15092026,2026-09-20T07:27:45.097095+00:00
e46ab37cd5533d66,BSE,SBI Equity Savings Fund - Regular Plan - Monthly IDCW (9004011),,SBI Equity Savings Fund - Regular Plan - Monthly IDCW (9004011),20-Sep-2026 12:56:46,https://www.bseindia.com/xml-data/corpfiling/AttachLive/747dec2c-e682-4cfe-ab20-e9c8e979fa93.pdf,SBIMF Fortnightly Portfolio 15092026,2026-09-20T07:27:45.097116+00:00
2e8590b889109de4,BSE,SBI Equity Savings Fund - Direct Plan-Growth (9004010),,SBI Equity Savings Fund - Direct Plan-Growth (9004010),20-Sep-2026 12:56:46,https://www.bseindia.com/xml-data/corpfiling/AttachLive/747dec2c-e682-4cfe-ab20-e9c8e979fa93.pdf,SBIMF Fortnightly Portfolio 15092026,2026-09-20T07:27:45.097137+00:00
473ec2dab3d091fa,BSE,SBI Banking & Financial Services Fund - Regular Plan-Growth (9004009),,SBI Banking & Financial Services Fund - Regular Plan-Growth (9004009),20-Sep-2026 12:56:46,https://www.bseindia.com/xml-data/corpfiling/AttachLive/747dec2c-e682-4cfe-ab20-e9c8e979fa93.pdf,SBIMF Fortnightly Portfolio 15092026,2026-09-20T07:27:45.097160+00:00
0c8456fc28b00211,BSE,SBI Long Term Advantage Fund - Series IV - Direct - Growth (9004008),,SBI Long Term Advantage Fund - Series IV - Direct - Growth (9004008),20-Sep-2026 12:56:46,https://www.bseindia.com/xml-data/corpfiling/AttachLive/747dec2c-e682-4cfe-ab20-e9c8e979fa93.pdf,SBIMF Fortnightly Portfolio 15092026,2026-09-20T07:27:45.097182+00:00
7c0214472f0eba5f,BSE,SBI Nifty 10 yr Benchmark G-Sec ETF (9004007),,SBI Nifty 10 yr Benchmark G-Sec ETF (9004007),20-Sep-2026 12:56:46,https://www.bseindia.com/xml-data/corpfiling/AttachLive/747dec2c-e682-4cfe-ab20-e9c8e979fa93.pdf,SBIMF Fortnightly Portfolio 15092026,2026-09-20T07:27:45.097202+00:00
2401eb339301a463,BSE,SBI Equity Savings Fund - Direct Plan - Monthly IDCW Payout (9004006),,SBI Equity Savings Fund - Direct Plan - Monthly IDCW Payout (9004006),20-Sep-2026 12:56:46,https://www.bseindia.com/xml-data/corpfiling/AttachLive/747dec2c-e682-4cfe-ab20-e9c8e979fa93.pdf,SBIMF Fortnightly Portfolio 15092026,2026-09-20T07:27:45.097226+00:00
b4a26df6e8c2f596,BSE,SBI Long Term Advantage Fund - Series III - Direct - Growth (9004005),,SBI Long Term Advantage Fund - Series III - Direct - Growth (9004005),20-Sep-2026 12:56:46,https://www.bseindia.com/xml-data/corpfiling/AttachLive/747dec2c-e682-4cfe-ab20-e9c8e979fa93.pdf,SBIMF Fortnightly Portfolio 15092026,2026-09-20T07:27:45.097250+00:00
c9c9f837a0c0cd8b,BSE,SBI Balanced Advantage Fund - Regular Plan - IDCW (9004004),,SBI Balanced Advantage Fund - Regular Plan - IDCW (9004004),20-Sep-2026 12:56:46,https://www.bseindia.com/xml-data/corpfiling/AttachLive/747dec2c-e682-4cfe-ab20-e9c8e979fa93.pdf,SBIMF Fortnightly Portfolio 15092026,2026-09-20T07:27:45.097271+00:00
0b54b69e18f45c1d,BSE,SBI CPSE Bond Plus SDL Sep 2026 50:50 Index Fund - Regular Plan - IDCW Payout (9004003),,SBI CPSE Bond Plus SDL Sep 2026 50:50 Index Fund - Regular Plan - IDCW Payout (9004003),20-Sep-2026 12:56:46,https://www.bseindia.com/xml-data/corpfiling/AttachLive/747dec2c-e682-4cfe-ab20-e9c8e979fa93.pdf,SBIMF Fortnightly Portfolio 15092026,2026-09-20T07:27:45.097296+00:00
98ed48b6f0be22fe,BSE,SBI CPSE Bond Plus SDL Sep 2026 50:50 Index Fund - Direct Plan - IDCW (9004002),,SBI CPSE Bond Plus SDL Sep 2026 50:50 Index Fund - Direct Plan - IDCW (9004002),20-Sep-2026 12:56:46,https://www.bseindia.com/xml-data/corpfiling/AttachLive/747dec2c-e682-4cfe-ab20-e9c8e979fa93.pdf,SBIMF Fortnightly Portfolio 15092026,2026-09-20T07:27:45.097342+00:00
33dfa2e8dafff41c,BSE,SBI Nifty Next 50 ETF (9004001),,SBI Nifty Next 50 ETF (9004001),20-Sep-2026 12:56:46,https://www.bseindia.com/xml-data/corpfiling/AttachLive/747dec2c-e682-4cfe-ab20-e9c8e979fa93.pdf,SBIMF Fortnightly Portfolio 15092026,2026-09-20T07:27:45.097363+00:00
d5063f746f8609ab,BSE,SBI Long Term Advantage Fund - Series II - Direct - Growth (9004000),,SBI Long Term Advantage Fund - Series II - Direct - Growth (9004000),20-Sep-2026 12:56:46,https://www.bseindia.com/xml-data/corpfiling/AttachLive/747dec2c-e682-4cfe-ab20-e9c8e979fa93.pdf,SBIMF Fortnightly Portfolio 15092026,2026-09-20T07:27:45.097386+00:00
8504e33a0358322c,BSE,SBI Equity Savings Fund - Direct Plan - Monthly IDCW (9003999),,SBI Equity Savings Fund - Direct Plan - Monthly IDCW (9003999),20-Sep-2026 12:56:46,https://www.bseindia.com/xml-data/corpfiling/AttachLive/747dec2c-e682-4cfe-ab20-e9c8e979fa93.pdf,SBIMF Fortnightly Portfolio 15092026,2026-09-20T07:27:45.097409+00:00
aaddcc334487946c,BSE,SBI Fixed Maturity Plan (FMP) - Series 50 (1843 Days) Regular Plan - IDCW (9003998),,SBI Fixed Maturity Plan (FMP) - Series 50 (1843 Days) Regular Plan - IDCW (9003998),20-Sep-2026 12:56:46,https://www.bseindia.com/xml-data/corpfiling/AttachLive/747dec2c-e682-4cfe-ab20-e9c8e979fa93.pdf,SBIMF Fortnightly Portfolio 15092026,2026-09-20T07:27:45.097432+00:00
8d40a4224ed19367,BSE,SBI Nifty India Consumption Index Fund - Direct Plan - IDCW Payout (9003997),,SBI Nifty India Consumption Index Fund - Direct Plan - IDCW Payout (9003997),20-Sep-2026 12:56:46,https://www.bseindia.com/xml-data/corpfiling/AttachLive/747dec2c-e682-4cfe-ab20-e9c8e979fa93.pdf,SBIMF Fortnightly Portfolio 15092026,2026-09-20T07:27:45.097456+00:00
63ac20793742b98f,BSE,SBI Equity Savings Fund - Direct Plan - Quarterly IDCW Payout (9003996),,SBI Equity Savings Fund - Direct Plan - Quarterly IDCW Payout (9003996),20-Sep-2026 12:56:46,https://www.bseindia.com/xml-data/corpfiling/AttachLive/747dec2c-e682-4cfe-ab20-e9c8e979fa93.pdf,SBIMF Fortnightly Portfolio 15092026,2026-09-20T07:27:45.097478+00:00
f737306a083adef1,BSE,SBI Fixed Maturity Plan (FMP) - Series 49 (1823 Days) Regular Plan - IDCW (9003995),,SBI Fixed Maturity Plan (FMP) - Series 49 (1823 Days) Regular Plan - IDCW (9003995),20-Sep-2026 12:56:46,https://www.bseindia.com/xml-data/corpfiling/AttachLive/747dec2c-e682-4cfe-ab20-e9c8e979fa93.pdf,SBIMF Fortnightly Portfolio 15092026,2026-09-20T07:27:45.097500+00:00
7a93e4f621f25ef4,BSE,SBI Long Term Advantage Fund - Series III - Regular - Growth (9003994),,SBI Long Term Advantage Fund - Series III - Regular - Growth (9003994),20-Sep-2026 12:56:46,https://www.bseindia.com/xml-data/corpfiling/AttachLive/747dec2c-e682-4cfe-ab20-e9c8e979fa93.pdf,SBIMF Fortnightly Portfolio 15092026,2026-09-20T07:27:45.097522+00:00
19957085e48d1027,BSE,SBI Fixed Maturity Plan (FMP) - Series 64 (1169 Days) Reg Growth (9003993),,SBI Fixed Maturity Plan (FMP) - Series 64 (1169 Days) Reg Growth (9003993),20-Sep-2026 12:56:46,https://www.bseindia.com/xml-data/corpfiling/AttachLive/747dec2c-e682-4cfe-ab20-e9c8e979fa93.pdf,SBIMF Fortnightly Portfolio 15092026,2026-09-20T07:27:45.097545+00:00
e4bea2786473aaac,BSE,SBI Fixed Maturity Plan (FMP) - Series 64 (1169 Days) Regular Plan - IDCW (9003992),,SBI Fixed Maturity Plan (FMP) - Series 64 (1169 Days) Regular Plan - IDCW (9003992),20-Sep-2026 12:56:46,https://www.bseindia.com/xml-data/corpfiling/AttachLive/747dec2c-e682-4cfe-ab20-e9c8e979fa93.pdf,SBIMF Fortnightly Portfolio 15092026,2026-09-20T07:27:45.097568+00:00
974d70b5036172b8,BSE,SBI Fixed Maturity Plan (FMP) - Series 47 (1434 Days) Dir Growth (9003991),,SBI Fixed Maturity Plan (FMP) - Series 47 (1434 Days) Dir Growth (9003991),20-Sep-2026 12:56:46,https://www.bseindia.com/xml-data/corpfiling/AttachLive/747dec2c-e682-4cfe-ab20-e9c8e979fa93.pdf,SBIMF Fortnightly Portfolio 15092026,2026-09-20T07:27:45.097590+00:00
132570061f851cc1,BSE,SBI Fixed Maturity Plan (FMP) - Series 47 (1434 Days) Regular Plan - IDCW (9003990),,SBI Fixed Maturity Plan (FMP) - Series 47 (1434 Days) Regular Plan - IDCW (9003990),20-Sep-2026 12:56:46,https://www.bseindia.com/xml-data/corpfiling/AttachLive/747dec2c-e682-4cfe-ab20-e9c8e979fa93.pdf,SBIMF Fortnightly Portfolio 15092026,2026-09-20T07:27:45.097615+00:00
b32fb0a4e121c02b,BSE,SBI Nifty India Consumption Index Fund - Regular Plan - IDCW (9003989),,SBI Nifty India Consumption Index Fund - Regular Plan - IDCW (9003989),20-Sep-2026 12:56:46,https://www.bseindia.com/xml-data/corpfiling/AttachLive/747dec2c-e682-4cfe-ab20-e9c8e979fa93.pdf,SBIMF Fortnightly Portfolio 15092026,2026-09-20T07:27:45.097647+00:00
2a37aed1becc8130,BSE,SBI Balanced Advantage Fund - Direct Plan - IDCW Payout (9003988),,SBI Balanced Advantage Fund - Direct Plan - IDCW Payout (9003988),20-Sep-2026 12:56:46,https://www.bseindia.com/xml-data/corpfiling/AttachLive/747dec2c-e682-4cfe-ab20-e9c8e979fa93.pdf,SBIMF Fortnightly Portfolio 15092026,2026-09-20T07:27:45.097669+00:00
5269e18c0f0a21fe,BSE,SBI Balanced Advantage Fund - Direct Plan - IDCW (9003987),,SBI Balanced Advantage Fund - Direct Plan - IDCW (9003987),20-Sep-2026 12:56:46,https://www.bseindia.com/xml-data/corpfiling/AttachLive/747dec2c-e682-4cfe-ab20-e9c8e979fa93.pdf,SBIMF Fortnightly Portfolio 15092026,2026-09-20T07:27:45.097694+00:00
4af1e1ee1c99cdd5,BSE,SBI Nifty 50 ETF (9003986),,SBI Nifty 50 ETF (9003986),20-Sep-2026 12:56:46,https://www.bseindia.com/xml-data/corpfiling/AttachLive/747dec2c-e682-4cfe-ab20-e9c8e979fa93.pdf,SBIMF Fortnightly Portfolio 15092026,2026-09-20T07:27:45.097714+00:00
fb121e557753391e,BSE,SBI Long Term Advantage Fund - Series V - Regular - Growth (9003985),,SBI Long Term Advantage Fund - Series V - Regular - Growth (9003985),20-Sep-2026 12:56:46,https://www.bseindia.com/xml-data/corpfiling/AttachLive/747dec2c-e682-4cfe-ab20-e9c8e979fa93.pdf,SBIMF Fortnightly Portfolio 15092026,2026-09-20T07:27:45.097736+00:00
154f2546887a65b4,BSE,SBI Equity Savings Fund - Regular Plan - Quarterly IDCW Payout (9003984),,SBI Equity Savings Fund - Regular Plan - Quarterly IDCW Payout (9003984),20-Sep-2026 12:56:46,https://www.bseindia.com/xml-data/corpfiling/AttachLive/747dec2c-e682-4cfe-ab20-e9c8e979fa93.pdf,SBIMF Fortnightly Portfolio 15092026,2026-09-20T07:27:45.097758+00:00
47fcef732fb2f1fc,BSE,SBI Long Term Advantage Fund - Series VI - Regular Plan - IDCW (9003983),,SBI Long Term Advantage Fund - Series VI - Regular Plan - IDCW (9003983),20-Sep-2026 12:56:46,https://www.bseindia.com/xml-data/corpfiling/AttachLive/747dec2c-e682-4cfe-ab20-e9c8e979fa93.pdf,SBIMF Fortnightly Portfolio 15092026,2026-09-20T07:27:45.097781+00:00
ff243bc7f917592b,BSE,SBI Long Term Advantage Fund - Series II - Regular Plan - IDCW (9003982),,SBI Long Term Advantage Fund - Series II - Regular Plan - IDCW (9003982),20-Sep-2026 12:56:46,https://www.bseindia.com/xml-data/corpfiling/AttachLive/747dec2c-e682-4cfe-ab20-e9c8e979fa93.pdf,SBIMF Fortnightly Portfolio 15092026,2026-09-20T07:27:45.097804+00:00
d1855016d5af72cc,BSE,SBI Equity Savings Fund - Regular Plan - Monthly IDCW Payout (9003981),,SBI Equity Savings Fund - Regular Plan - Monthly IDCW Payout (9003981),20-Sep-2026 12:56:46,https://www.bseindia.com/xml-data/corpfiling/AttachLive/747dec2c-e682-4cfe-ab20-e9c8e979fa93.pdf,SBIMF Fortnightly Portfolio 15092026,2026-09-20T07:27:45.097826+00:00
81fe16b8a84a9198,BSE,SBI Balanced Advantage Fund - Regular Growth (9003980),,SBI Balanced Advantage Fund - Regular Growth (9003980),20-Sep-2026 12:56:46,https://www.bseindia.com/xml-data/corpfiling/AttachLive/747dec2c-e682-4cfe-ab20-e9c8e979fa93.pdf,SBIMF Fortnightly Portfolio 15092026,2026-09-20T07:27:45.097847+00:00
b7d71ce9888e79dd,BSE,SBI Equity Savings Fund - Regular Plan-Growth (9003979),,SBI Equity Savings Fund - Regular Plan-Growth (9003979),20-Sep-2026 12:56:46,https://www.bseindia.com/xml-data/corpfiling/AttachLive/747dec2c-e682-4cfe-ab20-e9c8e979fa93.pdf,SBIMF Fortnightly Portfolio 15092026,2026-09-20T07:27:45.097872+00:00
d9378bd31db45668,BSE,SBI Nifty Bank ETF (9003978),,SBI Nifty Bank ETF (9003978),20-Sep-2026 12:56:46,https://www.bseindia.com/xml-data/corpfiling/AttachLive/747dec2c-e682-4cfe-ab20-e9c8e979fa93.pdf,SBIMF Fortnightly Portfolio 15092026,2026-09-20T07:27:45.097891+00:00
b41da33474711e38,BSE,SBI Banking & Financial Services Fund - Regular Plan - IDCW (9003977),,SBI Banking & Financial Services Fund - Regular Plan - IDCW (9003977),20-Sep-2026 12:56:46,https://www.bseindia.com/xml-data/corpfiling/AttachLive/747dec2c-e682-4cfe-ab20-e9c8e979fa93.pdf,SBIMF Fortnightly Portfolio 15092026,2026-09-20T07:27:45.097914+00:00
7d13bc4b0d3ba272,BSE,SBI Gold ETF (9003976),,SBI Gold ETF (9003976),20-Sep-2026 12:56:46,https://www.bseindia.com/xml-data/corpfiling/AttachLive/747dec2c-e682-4cfe-ab20-e9c8e979fa93.pdf,SBIMF Fortnightly Portfolio 15092026,2026-09-20T07:27:45.097934+00:00
515ee9ff7b22938a,BSE,SBI Fixed Maturity Plan (FMP) - Series 50 (1843 Days) Reg Growth (9003975),,SBI Fixed Maturity Plan (FMP) - Series 50 (1843 Days) Reg Growth (9003975),20-Sep-2026 12:56:46,https://www.bseindia.com/xml-data/corpfiling/AttachLive/747dec2c-e682-4cfe-ab20-e9c8e979fa93.pdf,SBIMF Fortnightly Portfolio 15092026,2026-09-20T07:27:45.097957+00:00
c0413a0da7477431,BSE,SBI Small Cap Fund - Regular Plan - IDCW Payout (9003974),,SBI Small Cap Fund - Regular Plan - IDCW Payout (9003974),20-Sep-2026 12:56:46,https://www.bseindia.com/xml-data/corpfiling/AttachLive/747dec2c-e682-4cfe-ab20-e9c8e979fa93.pdf,SBIMF Fortnightly Portfolio 15092026,2026-09-20T07:27:45.097978+00:00
ff5776ecbd10b8f4,BSE,SBI Magnum Income Fund - Regular Plan - Quarterly IDCW (9003973),,SBI Magnum Income Fund - Regular Plan - Quarterly IDCW (9003973),20-Sep-2026 12:56:46,https://www.bseindia.com/xml-data/corpfiling/AttachLive/747dec2c-e682-4cfe-ab20-e9c8e979fa93.pdf,SBIMF Fortnightly Portfolio 15092026,2026-09-20T07:27:45.098003+00:00
7a794fb29717239b,BSE,SBI Small Cap Fund - Direct Plan - IDCW Payout (9003972),,SBI Small Cap Fund - Direct Plan - IDCW Payout (9003972),20-Sep-2026 12:56:46,https://www.bseindia.com/xml-data/corpfiling/AttachLive/747dec2c-e682-4cfe-ab20-e9c8e979fa93.pdf,SBIMF Fortnightly Portfolio 15092026,2026-09-20T07:27:45.098024+00:00
c923f9a4a9c6144a,BSE,SBI Small Cap Fund Direct Growth (9003971),,SBI Small Cap Fund Direct Growth (9003971),20-Sep-2026 12:56:46,https://www.bseindia.com/xml-data/corpfiling/AttachLive/747dec2c-e682-4cfe-ab20-e9c8e979fa93.pdf,SBIMF Fortnightly Portfolio 15092026,2026-09-20T07:27:45.098045+00:00
e80ea275007a40c4,BSE,SBI Small Cap Fund - Direct Plan - IDCW (9003970),,SBI Small Cap Fund - Direct Plan - IDCW (9003970),20-Sep-2026 12:56:46,https://www.bseindia.com/xml-data/corpfiling/AttachLive/747dec2c-e682-4cfe-ab20-e9c8e979fa93.pdf,SBIMF Fortnightly Portfolio 15092026,2026-09-20T07:27:45.098066+00:00
80f6ee09fe70654c,BSE,SBI Small Cap Fund Regular Growth (9003969),,SBI Small Cap Fund Regular Growth (9003969),20-Sep-2026 12:56:45,https://www.bseindia.com/xml-data/corpfiling/AttachLive/747dec2c-e682-4cfe-ab20-e9c8e979fa93.pdf,SBIMF Fortnightly Portfolio 15092026,2026-09-20T07:27:45.098091+00:00
886d843cbeb11a8e,BSE,SBI Banking & PSU Fund - Direct Plan - Monthly IDCW (9003968),,SBI Banking & PSU Fund - Direct Plan - Monthly IDCW (9003968),20-Sep-2026 12:56:45,https://www.bseindia.com/xml-data/corpfiling/AttachLive/747dec2c-e682-4cfe-ab20-e9c8e979fa93.pdf,SBIMF Fortnightly Portfolio 15092026,2026-09-20T07:27:45.098115+00:00
e3a6b8b4e68ad09d,BSE,SBI Banking & PSU Fund Regular Growth (9003967),,SBI Banking & PSU Fund Regular Growth (9003967),20-Sep-2026 12:56:45,https://www.bseindia.com/xml-data/corpfiling/AttachLive/747dec2c-e682-4cfe-ab20-e9c8e979fa93.pdf,SBIMF Fortnightly Portfolio 15092026,2026-09-20T07:27:45.098138+00:00
12876e148dd363e5,BSE,SBI Banking & PSU Fund - Regular Plan - Weekly IDCW (9003966),,SBI Banking & PSU Fund - Regular Plan - Weekly IDCW (9003966),20-Sep-2026 12:56:45,https://www.bseindia.com/xml-data/corpfiling/AttachLive/747dec2c-e682-4cfe-ab20-e9c8e979fa93.pdf,SBIMF Fortnightly Portfolio 15092026,2026-09-20T07:27:45.098160+00:00
b17cf09162e8ed1a,BSE,SBI Banking & PSU Fund Direct Growth (9003965),,SBI Banking & PSU Fund Direct Growth (9003965),20-Sep-2026 12:56:45,https://www.bseindia.com/xml-data/corpfiling/AttachLive/747dec2c-e682-4cfe-ab20-e9c8e979fa93.pdf,SBIMF Fortnightly Portfolio 15092026,2026-09-20T07:27:45.098182+00:00
3d8b67eb9a366d54,BSE,SBI Banking & PSU Fund - Regular Plan - Monthly IDCW Payout (9003964),,SBI Banking & PSU Fund - Regular Plan - Monthly IDCW Payout (9003964),20-Sep-2026 12:56:45,https://www.bseindia.com/xml-data/corpfiling/AttachLive/747dec2c-e682-4cfe-ab20-e9c8e979fa93.pdf,SBIMF Fortnightly Portfolio 15092026,2026-09-20T07:27:45.098204+00:00
804c6ab90c0352a0,BSE,SBI Banking & PSU Fund - Direct Plan - Weekly IDCW (9003963),,SBI Banking & PSU Fund - Direct Plan - Weekly IDCW (9003963),20-Sep-2026 12:56:45,https://www.bseindia.com/xml-data/corpfiling/AttachLive/747dec2c-e682-4cfe-ab20-e9c8e979fa93.pdf,SBIMF Fortnightly Portfolio 15092026,2026-09-20T07:27:45.098226+00:00
2b29cf16c743e25a,BSE,SBI Banking & PSU Fund - Regular Plan - Monthly IDCW (9003962),,SBI Banking & PSU Fund - Regular Plan - Monthly IDCW (9003962),20-Sep-2026 12:56:45,https://www.bseindia.com/xml-data/corpfiling/AttachLive/747dec2c-e682-4cfe-ab20-e9c8e979fa93.pdf,SBIMF Fortnightly Portfolio 15092026,2026-09-20T07:27:45.098248+00:00
d1c2f98b290622cf,BSE,SBI Banking & PSU Fund - Regular Plan - Daily IDCW (9003961),,SBI Banking & PSU Fund - Regular Plan - Daily IDCW (9003961),20-Sep-2026 12:56:45,https://www.bseindia.com/xml-data/corpfiling/AttachLive/747dec2c-e682-4cfe-ab20-e9c8e979fa93.pdf,SBIMF Fortnightly Portfolio 15092026,2026-09-20T07:27:45.098270+00:00
c7d636cca63e5fe8,BSE,SBI Banking & PSU Fund - Direct Plan - Daily IDCW (9003960),,SBI Banking & PSU Fund - Direct Plan - Daily IDCW (9003960),20-Sep-2026 12:56:45,https://www.bseindia.com/xml-data/corpfiling/AttachLive/747dec2c-e682-4cfe-ab20-e9c8e979fa93.pdf,SBIMF Fortnightly Portfolio 15092026,2026-09-20T07:27:45.098296+00:00
53b70b72f7280fff,BSE,SBI Small Cap Fund - Regular Plan - IDCW (9003959),,SBI Small Cap Fund - Regular Plan - IDCW (9003959),20-Sep-2026 12:56:45,https://www.bseindia.com/xml-data/corpfiling/AttachLive/747dec2c-e682-4cfe-ab20-e9c8e979fa93.pdf,SBIMF Fortnightly Portfolio 15092026,2026-09-20T07:27:45.098317+00:00
1692566cdd1fa8e5,BSE,SBI Banking & PSU Fund - Direct Plan - Monthly IDCW Payout (9003958),,SBI Banking & PSU Fund - Direct Plan - Monthly IDCW Payout (9003958),20-Sep-2026 12:56:45,https://www.bseindia.com/xml-data/corpfiling/AttachLive/747dec2c-e682-4cfe-ab20-e9c8e979fa93.pdf,SBIMF Fortnightly Portfolio 15092026,2026-09-20T07:27:45.098341+00:00
3bfc774bf82feb84,BSE,SBI Fixed Maturity Plan (FMP) - Series 61 (1927 Days) Reg Growth (9003957),,SBI Fixed Maturity Plan (FMP) - Series 61 (1927 Days) Reg Growth (9003957),20-Sep-2026 12:56:45,https://www.bseindia.com/xml-data/corpfiling/AttachLive/747dec2c-e682-4cfe-ab20-e9c8e979fa93.pdf,SBIMF Fortnightly Portfolio 15092026,2026-09-20T07:27:45.098365+00:00
cbf4bfe4dc2509ce,BSE,SBI Magnum Income Fund - Direct Plan - Quarterly IDCW (9003956),,SBI Magnum Income Fund - Direct Plan - Quarterly IDCW (9003956),20-Sep-2026 12:56:45,https://www.bseindia.com/xml-data/corpfiling/AttachLive/747dec2c-e682-4cfe-ab20-e9c8e979fa93.pdf,SBIMF Fortnightly Portfolio 15092026,2026-09-20T07:27:45.098391+00:00
dfa229274ea6e730,BSE,SBI Technology Opportunities Fund Direct Growth (9003955),,SBI Technology Opportunities Fund Direct Growth (9003955),20-Sep-2026 12:56:45,https://www.bseindia.com/xml-data/corpfiling/AttachLive/747dec2c-e682-4cfe-ab20-e9c8e979fa93.pdf,SBIMF Fortnightly Portfolio 15092026,2026-09-20T07:27:45.098412+00:00
c542c59168b76d51,BSE,SBI Short Term Debt Fund - Direct Plan Weekly IDCW (9003954),,SBI Short Term Debt Fund - Direct Plan Weekly IDCW (9003954),20-Sep-2026 12:56:45,https://www.bseindia.com/xml-data/corpfiling/AttachLive/747dec2c-e682-4cfe-ab20-e9c8e979fa93.pdf,SBIMF Fortnightly Portfolio 15092026,2026-09-20T07:27:45.098434+00:00
558796c3e8d64c9f,BSE,SBI Short Term Debt Fund - Direct Plan - Monthly IDCW (9003953),,SBI Short Term Debt Fund - Direct Plan - Monthly IDCW (9003953),20-Sep-2026 12:56:45,https://www.bseindia.com/xml-data/corpfiling/AttachLive/747dec2c-e682-4cfe-ab20-e9c8e979fa93.pdf,SBIMF Fortnightly Portfolio 15092026,2026-09-20T07:27:45.098459+00:00
83a9bcc60a6b7eee,BSE,SBI Short Term Debt Fund - Direct Plan Fortnightly IDCW (9003952),,SBI Short Term Debt Fund - Direct Plan Fortnightly IDCW (9003952),20-Sep-2026 12:56:45,https://www.bseindia.com/xml-data/corpfiling/AttachLive/747dec2c-e682-4cfe-ab20-e9c8e979fa93.pdf,SBIMF Fortnightly Portfolio 15092026,2026-09-20T07:27:45.098482+00:00
be6ee88ecfdbad9e,BSE,SBI Short Term Debt Fund - Direct Plan - Growth (9003951),,SBI Short Term Debt Fund - Direct Plan - Growth (9003951),20-Sep-2026 12:56:45,https://www.bseindia.com/xml-data/corpfiling/AttachLive/747dec2c-e682-4cfe-ab20-e9c8e979fa93.pdf,SBIMF Fortnightly Portfolio 15092026,2026-09-20T07:27:45.098504+00:00
bb7a16ac89007e7b,BSE,SBI Magnum Low Duration Fund - Direct Plan - Weekly IDCW (9003950),,SBI Magnum Low Duration Fund - Direct Plan - Weekly IDCW (9003950),20-Sep-2026 12:56:45,https://www.bseindia.com/xml-data/corpfiling/AttachLive/747dec2c-e682-4cfe-ab20-e9c8e979fa93.pdf,SBIMF Fortnightly Portfolio 15092026,2026-09-20T07:27:45.098528+00:00
1e8027ce6a1ec524,BSE,SBI Magnum Low Duration Fund Direct Growth (9003949),,SBI Magnum Low Duration Fund Direct Growth (9003949),20-Sep-2026 12:56:45,https://www.bseindia.com/xml-data/corpfiling/AttachLive/747dec2c-e682-4cfe-ab20-e9c8e979fa93.pdf,SBIMF Fortnightly Portfolio 15092026,2026-09-20T07:27:45.098550+00:00
f4ca2c80556d6ad7,BSE,SBI Magnum Low Duration Fund - Direct Plan - Monthly IDCW (9003948),,SBI Magnum Low Duration Fund - Direct Plan - Monthly IDCW (9003948),20-Sep-2026 12:56:45,https://www.bseindia.com/xml-data/corpfiling/AttachLive/747dec2c-e682-4cfe-ab20-e9c8e979fa93.pdf,SBIMF Fortnightly Portfolio 15092026,2026-09-20T07:27:45.098571+00:00
322e94d0eb18f449,BSE,SBI Magnum Low Duration Fund - Direct Plan - Fortnightly IDCW (9003947),,SBI Magnum Low Duration Fund - Direct Plan - Fortnightly IDCW (9003947),20-Sep-2026 12:56:45,https://www.bseindia.com/xml-data/corpfiling/AttachLive/747dec2c-e682-4cfe-ab20-e9c8e979fa93.pdf,SBIMF Fortnightly Portfolio 15092026,2026-09-20T07:27:45.098593+00:00
1b541320bd3635b7,BSE,SBI Magnum Low Duration Fund - Direct Plan - Daily IDCW (9003946),,SBI Magnum Low Duration Fund - Direct Plan - Daily IDCW (9003946),20-Sep-2026 12:56:45,https://www.bseindia.com/xml-data/corpfiling/AttachLive/747dec2c-e682-4cfe-ab20-e9c8e979fa93.pdf,SBIMF Fortnightly Portfolio 15092026,2026-09-20T07:27:45.098616+00:00
9dd819c88de4b138,BSE,SBI Infrastructure Fund - Direct Plan - IDCW (9003945),,SBI Infrastructure Fund - Direct Plan - IDCW (9003945),20-Sep-2026 12:56:45,https://www.bseindia.com/xml-data/corpfiling/AttachLive/747dec2c-e682-4cfe-ab20-e9c8e979fa93.pdf,SBIMF Fortnightly Portfolio 15092026,2026-09-20T07:27:45.098643+00:00
34869df256b8c835,BSE,SBI Infrastructure Fund - Direct Plan - Growth (9003944),,SBI Infrastructure Fund - Direct Plan - Growth (9003944),20-Sep-2026 12:56:45,https://www.bseindia.com/xml-data/corpfiling/AttachLive/747dec2c-e682-4cfe-ab20-e9c8e979fa93.pdf,SBIMF Fortnightly Portfolio 15092026,2026-09-20T07:27:45.098665+00:00
10822b68179b1433,BSE,SBI Long Term Advantage Fund - Series II - Regular - Growth (9003943),,SBI Long Term Advantage Fund - Series II - Regular - Growth (9003943),20-Sep-2026 12:56:45,https://www.bseindia.com/xml-data/corpfiling/AttachLive/747dec2c-e682-4cfe-ab20-e9c8e979fa93.pdf,SBIMF Fortnightly Portfolio 15092026,2026-09-20T07:27:45.098688+00:00
30500efe4adc1422,BSE,SBI Arbitrage Opportunities Fund - Direct Plan - IDCW (9003942),,SBI Arbitrage Opportunities Fund - Direct Plan - IDCW (9003942),20-Sep-2026 12:56:45,https://www.bseindia.com/xml-data/corpfiling/AttachLive/747dec2c-e682-4cfe-ab20-e9c8e979fa93.pdf,SBIMF Fortnightly Portfolio 15092026,2026-09-20T07:27:45.098710+00:00
1db8c7d65fbd5beb,BSE,SBI Arbitrage Opportunities Fund - Direct Plan - Growth (9003941),,SBI Arbitrage Opportunities Fund - Direct Plan - Growth (9003941),20-Sep-2026 12:56:45,https://www.bseindia.com/xml-data/corpfiling/AttachLive/747dec2c-e682-4cfe-ab20-e9c8e979fa93.pdf,SBIMF Fortnightly Portfolio 15092026,2026-09-20T07:27:45.098732+00:00
f541bf12a2d43a94,BSE,SBI Blue Chip Fund - Direct Plan - IDCW (9003940),,SBI Blue Chip Fund - Direct Plan - IDCW (9003940),20-Sep-2026 12:56:45,https://www.bseindia.com/xml-data/corpfiling/AttachLive/747dec2c-e682-4cfe-ab20-e9c8e979fa93.pdf,SBIMF Fortnightly Portfolio 15092026,2026-09-20T07:27:45.098753+00:00
7bb81b1fa4f81500,BSE,SBI Blue Chip Fund - Direct Plan - Growth (9003939),,SBI Blue Chip Fund - Direct Plan - Growth (9003939),20-Sep-2026 12:56:45,https://www.bseindia.com/xml-data/corpfiling/AttachLive/747dec2c-e682-4cfe-ab20-e9c8e979fa93.pdf,SBIMF Fortnightly Portfolio 15092026,2026-09-20T07:27:45.098777+00:00
978b7bb7f5c12d5a,BSE,SBI Savings Fund - Direct Plan Daily IDCW (9003938),,SBI Savings Fund - Direct Plan Daily IDCW (9003938),20-Sep-2026 12:56:45,https://www.bseindia.com/xml-data/corpfiling/AttachLive/747dec2c-e682-4cfe-ab20-e9c8e979fa93.pdf,SBIMF Fortnightly Portfolio 15092026,2026-09-20T07:27:45.098799+00:00
7fc3c397e62bca71,BSE,SBI Savings Fund - Direct Plan - IDCW (9003937),,SBI Savings Fund - Direct Plan - IDCW (9003937),20-Sep-2026 12:56:45,https://www.bseindia.com/xml-data/corpfiling/AttachLive/747dec2c-e682-4cfe-ab20-e9c8e979fa93.pdf,SBIMF Fortnightly Portfolio 15092026,2026-09-20T07:27:45.098821+00:00
51b12c9b6410272d,BSE,SBI Savings Fund - Direct Plan - Growth (9003936),,SBI Savings Fund - Direct Plan - Growth (9003936),20-Sep-2026 12:56:45,https://www.bseindia.com/xml-data/corpfiling/AttachLive/747dec2c-e682-4cfe-ab20-e9c8e979fa93.pdf,SBIMF Fortnightly Portfolio 15092026,2026-09-20T07:27:45.098844+00:00
8d6ea3d5aac93014,BSE,SBI Savings Fund - Direct Plan Weekly IDCW (9003935),,SBI Savings Fund - Direct Plan Weekly IDCW (9003935),20-Sep-2026 12:56:45,https://www.bseindia.com/xml-data/corpfiling/AttachLive/747dec2c-e682-4cfe-ab20-e9c8e979fa93.pdf,SBIMF Fortnightly Portfolio 15092026,2026-09-20T07:27:45.098866+00:00
fd17acdec54dba7d,BSE,SBI Dynamic Bond Fund - Direct Plan - Growth (9003934),,SBI Dynamic Bond Fund - Direct Plan - Growth (9003934),20-Sep-2026 12:56:45,https://www.bseindia.com/xml-data/corpfiling/AttachLive/747dec2c-e682-4cfe-ab20-e9c8e979fa93.pdf,SBIMF Fortnightly Portfolio 15092026,2026-09-20T07:27:45.098889+00:00
6497950ba5a35bdb,BSE,SBI Dynamic Bond Fund - Direct Plan - IDCW (9003933),,SBI Dynamic Bond Fund - Direct Plan - IDCW (9003933),20-Sep-2026 12:56:45,https://www.bseindia.com/xml-data/corpfiling/AttachLive/747dec2c-e682-4cfe-ab20-e9c8e979fa93.pdf,SBIMF Fortnightly Portfolio 15092026,2026-09-20T07:27:45.098911+00:00
a54537e6634b2c30,BSE,SBI Liquid Fund - Direct Plan - Weekly IDCW (9003932),,SBI Liquid Fund - Direct Plan - Weekly IDCW (9003932),20-Sep-2026 12:56:45,https://www.bseindia.com/xml-data/corpfiling/AttachLive/747dec2c-e682-4cfe-ab20-e9c8e979fa93.pdf,SBIMF Fortnightly Portfolio 15092026,2026-09-20T07:27:45.098932+00:00
80cff2e4f11bdf83,BSE,SBI Contra Fund - Direct Plan - Growth (9003931),,SBI Contra Fund - Direct Plan - Growth (9003931),20-Sep-2026 12:56:45,https://www.bseindia.com/xml-data/corpfiling/AttachLive/747dec2c-e682-4cfe-ab20-e9c8e979fa93.pdf,SBIMF Fortnightly Portfolio 15092026,2026-09-20T07:27:45.098952+00:00
256351db1e1da192,BSE,SBI Contra Fund - Direct Plan - IDCW (9003930),,SBI Contra Fund - Direct Plan - IDCW (9003930),20-Sep-2026 12:56:45,https://www.bseindia.com/xml-data/corpfiling/AttachLive/747dec2c-e682-4cfe-ab20-e9c8e979fa93.pdf,SBIMF Fortnightly Portfolio 15092026,2026-09-20T07:27:45.098973+00:00
5387002fd73a6a3c,BSE,SBI Healthcare Opportunities Fund Direct Growth (9003929),,SBI Healthcare Opportunities Fund Direct Growth (9003929),20-Sep-2026 12:56:45,https://www.bseindia.com/xml-data/corpfiling/AttachLive/747dec2c-e682-4cfe-ab20-e9c8e979fa93.pdf,SBIMF Fortnightly Portfolio 15092026,2026-09-20T07:27:45.098994+00:00
8f361cdc2bbd51bd,BSE,SBI Healthcare Opportunities Fund - Direct Plan - IDCW (9003928),,SBI Healthcare Opportunities Fund - Direct Plan - IDCW (9003928),20-Sep-2026 12:56:45,https://www.bseindia.com/xml-data/corpfiling/AttachLive/747dec2c-e682-4cfe-ab20-e9c8e979fa93.pdf,SBIMF Fortnightly Portfolio 15092026,2026-09-20T07:27:45.099015+00:00
8bc04b9abbcebc10,BSE,SBI Technology Opportunities Fund - Direct Plan - IDCW (9003927),,SBI Technology Opportunities Fund - Direct Plan - IDCW (9003927),20-Sep-2026 12:56:45,https://www.bseindia.com/xml-data/corpfiling/AttachLive/747dec2c-e682-4cfe-ab20-e9c8e979fa93.pdf,SBIMF Fortnightly Portfolio 15092026,2026-09-20T07:27:45.099036+00:00
ee0113a9448f5e6d,BSE,SBI Consumption Opportunities Fund - Direct Plan - IDCW (9003926),,SBI Consumption Opportunities Fund - Direct Plan - IDCW (9003926),20-Sep-2026 12:56:45,https://www.bseindia.com/xml-data/corpfiling/AttachLive/747dec2c-e682-4cfe-ab20-e9c8e979fa93.pdf,SBIMF Fortnightly Portfolio 15092026,2026-09-20T07:27:45.099057+00:00
abc2f5c12a076d8b,BSE,SBI Liquid Fund - Direct Fortnightly IDCW (9003925),,SBI Liquid Fund - Direct Fortnightly IDCW (9003925),20-Sep-2026 12:56:45,https://www.bseindia.com/xml-data/corpfiling/AttachLive/747dec2c-e682-4cfe-ab20-e9c8e979fa93.pdf,SBIMF Fortnightly Portfolio 15092026,2026-09-20T07:27:45.099079+00:00
5af87ef8b9e61dcc,BSE,SBI Liquid Fund - Direct Plan - Daily IDCW (9003924),,SBI Liquid Fund - Direct Plan - Daily IDCW (9003924),20-Sep-2026 12:56:45,https://www.bseindia.com/xml-data/corpfiling/AttachLive/747dec2c-e682-4cfe-ab20-e9c8e979fa93.pdf,SBIMF Fortnightly Portfolio 15092026,2026-09-20T07:27:45.099102+00:00
f92fd914529fc123,BSE,SBI Liquid Fund Direct Growth (9003923),,SBI Liquid Fund Direct Growth (9003923),20-Sep-2026 12:56:45,https://www.bseindia.com/xml-data/corpfiling/AttachLive/747dec2c-e682-4cfe-ab20-e9c8e979fa93.pdf,SBIMF Fortnightly Portfolio 15092026,2026-09-20T07:27:45.099125+00:00
428508e2926db8fa,BSE,SBI Magnum Medium Duration Fund Direct Growth (9003922),,SBI Magnum Medium Duration Fund Direct Growth (9003922),20-Sep-2026 12:56:45,https://www.bseindia.com/xml-data/corpfiling/AttachLive/747dec2c-e682-4cfe-ab20-e9c8e979fa93.pdf,SBIMF Fortnightly Portfolio 15092026,2026-09-20T07:27:45.099146+00:00
0df29d3adb89085c,BSE,SBI Magnum Medium Duration Fund - Direct Plan - IDCW (9003921),,SBI Magnum Medium Duration Fund - Direct Plan - IDCW (9003921),20-Sep-2026 12:56:45,https://www.bseindia.com/xml-data/corpfiling/AttachLive/747dec2c-e682-4cfe-ab20-e9c8e979fa93.pdf,SBIMF Fortnightly Portfolio 15092026,2026-09-20T07:27:45.099167+00:00
7e85de97b6b01734,BSE,SBI Overnight Fund Direct Growth (9003920),,SBI Overnight Fund Direct Growth (9003920),20-Sep-2026 12:56:45,https://www.bseindia.com/xml-data/corpfiling/AttachLive/747dec2c-e682-4cfe-ab20-e9c8e979fa93.pdf,SBIMF Fortnightly Portfolio 15092026,2026-09-20T07:27:45.099189+00:00
b5f2301b794d23ff,BSE,SBI Overnight Fund - Direct Plan - Daily IDCW (9003919),,SBI Overnight Fund - Direct Plan - Daily IDCW (9003919),20-Sep-2026 12:56:45,https://www.bseindia.com/xml-data/corpfiling/AttachLive/747dec2c-e682-4cfe-ab20-e9c8e979fa93.pdf,SBIMF Fortnightly Portfolio 15092026,2026-09-20T07:27:45.099212+00:00
bdd43d4b366adeb4,BSE,SBI Overnight Fund - Direct Plan - Weekly IDCW (9003918),,SBI Overnight Fund - Direct Plan - Weekly IDCW (9003918),20-Sep-2026 12:56:45,https://www.bseindia.com/xml-data/corpfiling/AttachLive/747dec2c-e682-4cfe-ab20-e9c8e979fa93.pdf,SBIMF Fortnightly Portfolio 15092026,2026-09-20T07:27:45.099233+00:00
868f30a0c94cf4ea,BSE,SBI Magnum Children's Benefit Fund - Savings Plan Direct Growth (9003917),,SBI Magnum Children's Benefit Fund - Savings Plan Direct Growth (9003917),20-Sep-2026 12:56:45,https://www.bseindia.com/xml-data/corpfiling/AttachLive/747dec2c-e682-4cfe-ab20-e9c8e979fa93.pdf,SBIMF Fortnightly Portfolio 15092026,2026-09-20T07:27:45.099255+00:00
f6d171e2f32fc587,BSE,SBI Nifty Index Fund - Direct Plan - Growth (9003916),,SBI Nifty Index Fund - Direct Plan - Growth (9003916),20-Sep-2026 12:56:45,https://www.bseindia.com/xml-data/corpfiling/AttachLive/747dec2c-e682-4cfe-ab20-e9c8e979fa93.pdf,SBIMF Fortnightly Portfolio 15092026,2026-09-20T07:27:45.099278+00:00
30a17a5773e523fb,BSE,SBI Nifty Index Fund - Direct Plan - IDCW (9003915),,SBI Nifty Index Fund - Direct Plan - IDCW (9003915),20-Sep-2026 12:56:45,https://www.bseindia.com/xml-data/corpfiling/AttachLive/747dec2c-e682-4cfe-ab20-e9c8e979fa93.pdf,SBIMF Fortnightly Portfolio 15092026,2026-09-20T07:27:45.099298+00:00
06de3e40935edccf,BSE,SBI Magnum Income Fund - Direct Plan - IDCW (9003914),,SBI Magnum Income Fund - Direct Plan - IDCW (9003914),20-Sep-2026 12:56:45,https://www.bseindia.com/xml-data/corpfiling/AttachLive/747dec2c-e682-4cfe-ab20-e9c8e979fa93.pdf,SBIMF Fortnightly Portfolio 15092026,2026-09-20T07:27:45.099320+00:00
8195480b707b51fc,BSE,SBI Magnum Income Fund - Direct Plan - Bonus (9003913),,SBI Magnum Income Fund - Direct Plan - Bonus (9003913),20-Sep-2026 12:56:45,https://www.bseindia.com/xml-data/corpfiling/AttachLive/747dec2c-e682-4cfe-ab20-e9c8e979fa93.pdf,SBIMF Fortnightly Portfolio 15092026,2026-09-20T07:27:45.099341+00:00
98e2c463238fbe22,BSE,SBI Magnum Income Fund - Direct Plan - Growth (9003912),,SBI Magnum Income Fund - Direct Plan - Growth (9003912),20-Sep-2026 12:56:45,https://www.bseindia.com/xml-data/corpfiling/AttachLive/747dec2c-e682-4cfe-ab20-e9c8e979fa93.pdf,SBIMF Fortnightly Portfolio 15092026,2026-09-20T07:27:45.099361+00:00
badd5b51ee98bd6f,BSE,SBI Equity Hybrid Fund - Direct Plan - IDCW (9003911),,SBI Equity Hybrid Fund - Direct Plan - IDCW (9003911),20-Sep-2026 12:56:45,https://www.bseindia.com/xml-data/corpfiling/AttachLive/747dec2c-e682-4cfe-ab20-e9c8e979fa93.pdf,SBIMF Fortnightly Portfolio 15092026,2026-09-20T07:27:45.099382+00:00
42d90777d7a172e9,BSE,SBI Equity Hybrid Fund Direct Growth (9003910),,SBI Equity Hybrid Fund Direct Growth (9003910),20-Sep-2026 12:56:45,https://www.bseindia.com/xml-data/corpfiling/AttachLive/747dec2c-e682-4cfe-ab20-e9c8e979fa93.pdf,SBIMF Fortnightly Portfolio 15092026,2026-09-20T07:27:45.099403+00:00
47a04365cd3c7400,BSE,SBI Magnum Global Fund - Direct Plan - IDCW (9003909),,SBI Magnum Global Fund - Direct Plan - IDCW (9003909),20-Sep-2026 12:56:45,https://www.bseindia.com/xml-data/corpfiling/AttachLive/747dec2c-e682-4cfe-ab20-e9c8e979fa93.pdf,SBIMF Fortnightly Portfolio 15092026,2026-09-20T07:27:45.099424+00:00
e16250198ce008f5,BSE,SBI Magnum Global Fund - Direct Plan - Growth (9003908),,SBI Magnum Global Fund - Direct Plan - Growth (9003908),20-Sep-2026 12:56:45,https://www.bseindia.com/xml-data/corpfiling/AttachLive/747dec2c-e682-4cfe-ab20-e9c8e979fa93.pdf,SBIMF Fortnightly Portfolio 15092026,2026-09-20T07:27:45.099446+00:00
83ccc72e78a03b12,BSE,SBI Consumption Opportunities Fund Direct Growth (9003907),,SBI Consumption Opportunities Fund Direct Growth (9003907),20-Sep-2026 12:56:45,https://www.bseindia.com/xml-data/corpfiling/AttachLive/747dec2c-e682-4cfe-ab20-e9c8e979fa93.pdf,SBIMF Fortnightly Portfolio 15092026,2026-09-20T07:27:45.099468+00:00
bda6d74a2d23370b,BSE,SBI Focused Equity Fund Direct Growth (9003906),,SBI Focused Equity Fund Direct Growth (9003906),20-Sep-2026 12:56:45,https://www.bseindia.com/xml-data/corpfiling/AttachLive/747dec2c-e682-4cfe-ab20-e9c8e979fa93.pdf,SBIMF Fortnightly Portfolio 15092026,2026-09-20T07:27:45.099492+00:00
6666571de8d9de54,BSE,SBI Focused Equity Fund - Direct Plan - IDCW Payout (9003905),,SBI Focused Equity Fund - Direct Plan - IDCW Payout (9003905),20-Sep-2026 12:56:45,https://www.bseindia.com/xml-data/corpfiling/AttachLive/747dec2c-e682-4cfe-ab20-e9c8e979fa93.pdf,SBIMF Fortnightly Portfolio 15092026,2026-09-20T07:27:45.099515+00:00
8a1f9dc33025f2ac,BSE,SBI Focused Equity Fund - Direct Plan - IDCW (9003904),,SBI Focused Equity Fund - Direct Plan - IDCW (9003904),20-Sep-2026 12:56:45,https://www.bseindia.com/xml-data/corpfiling/AttachLive/747dec2c-e682-4cfe-ab20-e9c8e979fa93.pdf,SBIMF Fortnightly Portfolio 15092026,2026-09-20T07:27:45.099536+00:00
4d13dde59e8d43e2,BSE,SBI Long Term Equity Fund - Direct Plan - Growth (9003903),,SBI Long Term Equity Fund - Direct Plan - Growth (9003903),20-Sep-2026 12:56:45,https://www.bseindia.com/xml-data/corpfiling/AttachLive/747dec2c-e682-4cfe-ab20-e9c8e979fa93.pdf,SBIMF Fortnightly Portfolio 15092026,2026-09-20T07:27:45.099558+00:00
a890c973891dddcd,BSE,SBI Long Term Equity Fund - Direct Plan - IDCW (9003902),,SBI Long Term Equity Fund - Direct Plan - IDCW (9003902),20-Sep-2026 12:56:45,https://www.bseindia.com/xml-data/corpfiling/AttachLive/747dec2c-e682-4cfe-ab20-e9c8e979fa93.pdf,SBIMF Fortnightly Portfolio 15092026,2026-09-20T07:27:45.099579+00:00
f8464900ffb55366,BSE,SBI Large & Midcap Fund - Direct Plan - IDCW (9003901),,SBI Large & Midcap Fund - Direct Plan - IDCW (9003901),20-Sep-2026 12:56:45,https://www.bseindia.com/xml-data/corpfiling/AttachLive/747dec2c-e682-4cfe-ab20-e9c8e979fa93.pdf,SBIMF Fortnightly Portfolio 15092026,2026-09-20T07:27:45.099607+00:00
1ab2232156e6e92b,BSE,SBI Large & Midcap Fund Direct Growth (9003900),,SBI Large & Midcap Fund Direct Growth (9003900),20-Sep-2026 12:56:45,https://www.bseindia.com/xml-data/corpfiling/AttachLive/747dec2c-e682-4cfe-ab20-e9c8e979fa93.pdf,SBIMF Fortnightly Portfolio 15092026,2026-09-20T07:27:45.099628+00:00
e99b27e421f56e0f,BSE,SBI ESG Exclusionary Strategy Fund Direct Growth (9003899),,SBI ESG Exclusionary Strategy Fund Direct Growth (9003899),20-Sep-2026 12:56:45,https://www.bseindia.com/xml-data/corpfiling/AttachLive/747dec2c-e682-4cfe-ab20-e9c8e979fa93.pdf,SBIMF Fortnightly Portfolio 15092026,2026-09-20T07:27:45.099656+00:00
50d152091dc31dab,BSE,SBI ESG Exclusionary Strategy Fund Direct Plan - IDCW (9003898),,SBI ESG Exclusionary Strategy Fund Direct Plan - IDCW (9003898),20-Sep-2026 12:56:45,https://www.bseindia.com/xml-data/corpfiling/AttachLive/747dec2c-e682-4cfe-ab20-e9c8e979fa93.pdf,SBIMF Fortnightly Portfolio 15092026,2026-09-20T07:27:45.099679+00:00
8bd4729140b13604,BSE,SBI Technology Opportunities Fund Regular Growth (9003897),,SBI Technology Opportunities Fund Regular Growth (9003897),20-Sep-2026 12:56:45,https://www.bseindia.com/xml-data/corpfiling/AttachLive/747dec2c-e682-4cfe-ab20-e9c8e979fa93.pdf,SBIMF Fortnightly Portfolio 15092026,2026-09-20T07:27:45.099700+00:00
52dc969a78d148dc,BSE,SBI Consumption Opportunities Fund Regular Growth (9003896),,SBI Consumption Opportunities Fund Regular Growth (9003896),20-Sep-2026 12:56:45,https://www.bseindia.com/xml-data/corpfiling/AttachLive/747dec2c-e682-4cfe-ab20-e9c8e979fa93.pdf,SBIMF Fortnightly Portfolio 15092026,2026-09-20T07:27:45.099721+00:00
3d41839471429b65,BSE,SBI Gold Fund - Direct Plan - IDCW (9003895),,SBI Gold Fund - Direct Plan - IDCW (9003895),20-Sep-2026 12:56:45,https://www.bseindia.com/xml-data/corpfiling/AttachLive/747dec2c-e682-4cfe-ab20-e9c8e979fa93.pdf,SBIMF Fortnightly Portfolio 15092026,2026-09-20T07:27:45.099742+00:00
db09b7b125616a03,BSE,SBI Gold Fund - Direct Plan - Growth (9003894),,SBI Gold Fund - Direct Plan - Growth (9003894),20-Sep-2026 12:56:45,https://www.bseindia.com/xml-data/corpfiling/AttachLive/747dec2c-e682-4cfe-ab20-e9c8e979fa93.pdf,SBIMF Fortnightly Portfolio 15092026,2026-09-20T07:27:45.099763+00:00
495137515d5bd2db,BSE,SBI Multi Asset Allocation Fund - Direct Plan - Monthly IDCW (9003893),,SBI Multi Asset Allocation Fund - Direct Plan - Monthly IDCW (9003893),20-Sep-2026 12:56:44,https://www.bseindia.com/xml-data/corpfiling/AttachLive/747dec2c-e682-4cfe-ab20-e9c8e979fa93.pdf,SBIMF Fortnightly Portfolio 15092026,2026-09-20T07:27:45.099785+00:00
e884587cdfa5cc9b,BSE,SBI Multi Asset Allocation Fund - Direct Plan - Annual IDCW (9003892),,SBI Multi Asset Allocation Fund - Direct Plan - Annual IDCW (9003892),20-Sep-2026 12:56:44,https://www.bseindia.com/xml-data/corpfiling/AttachLive/747dec2c-e682-4cfe-ab20-e9c8e979fa93.pdf,SBIMF Fortnightly Portfolio 15092026,2026-09-20T07:27:45.099806+00:00
95112af0b60437c1,BSE,SBI Multi Asset Allocation Fund - Direct Plan - Quarterly IDCW (9003891),,SBI Multi Asset Allocation Fund - Direct Plan - Quarterly IDCW (9003891),20-Sep-2026 12:56:44,https://www.bseindia.com/xml-data/corpfiling/AttachLive/747dec2c-e682-4cfe-ab20-e9c8e979fa93.pdf,SBIMF Fortnightly Portfolio 15092026,2026-09-20T07:27:45.099830+00:00
40ac963eaf4ae26f,BSE,SBI Multi Asset Allocation Fund Direct Growth (9003890),,SBI Multi Asset Allocation Fund Direct Growth (9003890),20-Sep-2026 12:56:44,https://www.bseindia.com/xml-data/corpfiling/AttachLive/747dec2c-e682-4cfe-ab20-e9c8e979fa93.pdf,SBIMF Fortnightly Portfolio 15092026,2026-09-20T07:27:45.099851+00:00
14d76b7fe054ecbd,BSE,SBI Flexicap Fund - Direct Plan - Growth (9003889),,SBI Flexicap Fund - Direct Plan - Growth (9003889),20-Sep-2026 12:56:44,https://www.bseindia.com/xml-data/corpfiling/AttachLive/747dec2c-e682-4cfe-ab20-e9c8e979fa93.pdf,SBIMF Fortnightly Portfolio 15092026,2026-09-20T07:27:45.099873+00:00
64a82ed962868c16,BSE,SBI Flexicap Fund - Direct Plan - IDCW (9003888),,SBI Flexicap Fund - Direct Plan - IDCW (9003888),20-Sep-2026 12:56:44,https://www.bseindia.com/xml-data/corpfiling/AttachLive/747dec2c-e682-4cfe-ab20-e9c8e979fa93.pdf,SBIMF Fortnightly Portfolio 15092026,2026-09-20T07:27:45.099895+00:00
4d8102125159636c,BSE,SBI Magnum Gilt Fund - Direct Plan - IDCW (9003887),,SBI Magnum Gilt Fund - Direct Plan - IDCW (9003887),20-Sep-2026 12:56:44,https://www.bseindia.com/xml-data/corpfiling/AttachLive/747dec2c-e682-4cfe-ab20-e9c8e979fa93.pdf,SBIMF Fortnightly Portfolio 15092026,2026-09-20T07:27:45.099918+00:00
72db399f6d3145e1,BSE,SBI Magnum Gilt Fund Direct Growth (9003886),,SBI Magnum Gilt Fund Direct Growth (9003886),20-Sep-2026 12:56:44,https://www.bseindia.com/xml-data/corpfiling/AttachLive/747dec2c-e682-4cfe-ab20-e9c8e979fa93.pdf,SBIMF Fortnightly Portfolio 15092026,2026-09-20T07:27:45.099938+00:00
be4fe5b9459e917d,BSE,SBI Magnum Comma Fund - Direct Plan - Growth (9003885),,SBI Magnum Comma Fund - Direct Plan - Growth (9003885),20-Sep-2026 12:56:44,https://www.bseindia.com/xml-data/corpfiling/AttachLive/747dec2c-e682-4cfe-ab20-e9c8e979fa93.pdf,SBIMF Fortnightly Portfolio 15092026,2026-09-20T07:27:45.099961+00:00
5679fcde23365574,BSE,SBI Magnum Comma Fund - Direct Plan - IDCW (9003884),,SBI Magnum Comma Fund - Direct Plan - IDCW (9003884),20-Sep-2026 12:56:44,https://www.bseindia.com/xml-data/corpfiling/AttachLive/747dec2c-e682-4cfe-ab20-e9c8e979fa93.pdf,SBIMF Fortnightly Portfolio 15092026,2026-09-20T07:27:45.099981+00:00
925aad67b40cf078,BSE,SBI Magnum Constant Maturity Fund - Direct Plan - IDCW (9003883),,SBI Magnum Constant Maturity Fund - Direct Plan - IDCW (9003883),20-Sep-2026 12:56:44,https://www.bseindia.com/xml-data/corpfiling/AttachLive/747dec2c-e682-4cfe-ab20-e9c8e979fa93.pdf,SBIMF Fortnightly Portfolio 15092026,2026-09-20T07:27:45.100003+00:00
2d35af28288d9f01,BSE,SBI Magnum Constant Maturity Fund Direct Growth (9003882),,SBI Magnum Constant Maturity Fund Direct Growth (9003882),20-Sep-2026 12:56:44,https://www.bseindia.com/xml-data/corpfiling/AttachLive/747dec2c-e682-4cfe-ab20-e9c8e979fa93.pdf,SBIMF Fortnightly Portfolio 15092026,2026-09-20T07:27:45.100026+00:00
5f980f4f515d8def,BSE,SBI Magnum MidCap Fund - Direct Plan - Growth (9003881),,SBI Magnum MidCap Fund - Direct Plan - Growth (9003881),20-Sep-2026 12:56:44,https://www.bseindia.com/xml-data/corpfiling/AttachLive/747dec2c-e682-4cfe-ab20-e9c8e979fa93.pdf,SBIMF Fortnightly Portfolio 15092026,2026-09-20T07:27:45.100047+00:00
193f65a1365623fe,BSE,SBI Magnum MidCap Fund - Direct Plan - IDCW (9003880),,SBI Magnum MidCap Fund - Direct Plan - IDCW (9003880),20-Sep-2026 12:56:44,https://www.bseindia.com/xml-data/corpfiling/AttachLive/747dec2c-e682-4cfe-ab20-e9c8e979fa93.pdf,SBIMF Fortnightly Portfolio 15092026,2026-09-20T07:27:45.100070+00:00
89ac9cdf2420067f,BSE,SBI Magnum Ultra Short Duration Fund Direct Growth (9003879),,SBI Magnum Ultra Short Duration Fund Direct Growth (9003879),20-Sep-2026 12:56:44,https://www.bseindia.com/xml-data/corpfiling/AttachLive/747dec2c-e682-4cfe-ab20-e9c8e979fa93.pdf,SBIMF Fortnightly Portfolio 15092026,2026-09-20T07:27:45.100091+00:00
c10904310f03b3cc,BSE,SBI Magnum Ultra Short Duration Fund - Direct Plan - Weekly IDCW (9003878),,SBI Magnum Ultra Short Duration Fund - Direct Plan - Weekly IDCW (9003878),20-Sep-2026 12:56:44,https://www.bseindia.com/xml-data/corpfiling/AttachLive/747dec2c-e682-4cfe-ab20-e9c8e979fa93.pdf,SBIMF Fortnightly Portfolio 15092026,2026-09-20T07:27:45.100114+00:00
9bd3cae486fbc3c3,BSE,SBI Magnum Ultra Short Duration Fund - Direct Plan - Daily IDCW (9003877),,SBI Magnum Ultra Short Duration Fund - Direct Plan - Daily IDCW (9003877),20-Sep-2026 12:56:44,https://www.bseindia.com/xml-data/corpfiling/AttachLive/747dec2c-e682-4cfe-ab20-e9c8e979fa93.pdf,SBIMF Fortnightly Portfolio 15092026,2026-09-20T07:27:45.100136+00:00
2588205853789398,BSE,SBI Conservative Hybrid Fund Direct Growth (9003876),,SBI Conservative Hybrid Fund Direct Growth (9003876),20-Sep-2026 12:56:44,https://www.bseindia.com/xml-data/corpfiling/AttachLive/747dec2c-e682-4cfe-ab20-e9c8e979fa93.pdf,SBIMF Fortnightly Portfolio 15092026,2026-09-20T07:27:45.100158+00:00
36e37e5185b6a95d,BSE,SBI Conservative Hybrid Fund Direct Quarterly IDCW (9003875),,SBI Conservative Hybrid Fund Direct Quarterly IDCW (9003875),20-Sep-2026 12:56:44,https://www.bseindia.com/xml-data/corpfiling/AttachLive/747dec2c-e682-4cfe-ab20-e9c8e979fa93.pdf,SBIMF Fortnightly Portfolio 15092026,2026-09-20T07:27:45.100181+00:00
494d5db2b758a808,BSE,SBI Conservative Hybrid Fund Direct Monthly IDCW (9003874),,SBI Conservative Hybrid Fund Direct Monthly IDCW (9003874),20-Sep-2026 12:56:44,https://www.bseindia.com/xml-data/corpfiling/AttachLive/747dec2c-e682-4cfe-ab20-e9c8e979fa93.pdf,SBIMF Fortnightly Portfolio 15092026,2026-09-20T07:27:45.100204+00:00
d66d5e3f63915367,BSE,SBI Conservative Hybrid Fund Direct Annual IDCW (9003873),,SBI Conservative Hybrid Fund Direct Annual IDCW (9003873),20-Sep-2026 12:56:44,https://www.bseindia.com/xml-data/corpfiling/AttachLive/747dec2c-e682-4cfe-ab20-e9c8e979fa93.pdf,SBIMF Fortnightly Portfolio 15092026,2026-09-20T07:27:45.100225+00:00
874715eec8151f24,BSE,SBI Credit Risk Fund - Direct Plan - Daily IDCW (9003872),,SBI Credit Risk Fund - Direct Plan - Daily IDCW (9003872),20-Sep-2026 12:56:44,https://www.bseindia.com/xml-data/corpfiling/AttachLive/747dec2c-e682-4cfe-ab20-e9c8e979fa93.pdf,SBIMF Fortnightly Portfolio 15092026,2026-09-20T07:27:45.100271+00:00
af95882cb10c9947,BSE,SBI Credit Risk Fund - Direct Plan - IDCW (9003871),,SBI Credit Risk Fund - Direct Plan - IDCW (9003871),20-Sep-2026 12:56:44,https://www.bseindia.com/xml-data/corpfiling/AttachLive/747dec2c-e682-4cfe-ab20-e9c8e979fa93.pdf,SBIMF Fortnightly Portfolio 15092026,2026-09-20T07:27:45.100296+00:00
a74e1ae4948d648a,BSE,SBI Credit Risk Fund Direct Growth (9003870),,SBI Credit Risk Fund Direct Growth (9003870),20-Sep-2026 12:56:44,https://www.bseindia.com/xml-data/corpfiling/AttachLive/747dec2c-e682-4cfe-ab20-e9c8e979fa93.pdf,SBIMF Fortnightly Portfolio 15092026,2026-09-20T07:27:45.100316+00:00
3c63e1c6af7228bf,BSE,SBI PSU Fund - Direct Plan - Growth (9003869),,SBI PSU Fund - Direct Plan - Growth (9003869),20-Sep-2026 12:56:44,https://www.bseindia.com/xml-data/corpfiling/AttachLive/747dec2c-e682-4cfe-ab20-e9c8e979fa93.pdf,SBIMF Fortnightly Portfolio 15092026,2026-09-20T07:27:45.100337+00:00
3410a98ac687ff4d,BSE,SBI PSU Fund - Direct Plan - IDCW (9003868),,SBI PSU Fund - Direct Plan - IDCW (9003868),20-Sep-2026 12:56:44,https://www.bseindia.com/xml-data/corpfiling/AttachLive/747dec2c-e682-4cfe-ab20-e9c8e979fa93.pdf,SBIMF Fortnightly Portfolio 15092026,2026-09-20T07:27:45.100360+00:00
054dcfae98d79920,BSE,SBI Credit Risk Fund - Regular Plan - Daily IDCW (9003867),,SBI Credit Risk Fund - Regular Plan - Daily IDCW (9003867),20-Sep-2026 12:56:44,https://www.bseindia.com/xml-data/corpfiling/AttachLive/747dec2c-e682-4cfe-ab20-e9c8e979fa93.pdf,SBIMF Fortnightly Portfolio 15092026,2026-09-20T07:27:45.100381+00:00
06033c3b4f766ae7,BSE,SBI Dividend Yield Fund - Regular Plan - IDCW Payout (9003866),,SBI Dividend Yield Fund - Regular Plan - IDCW Payout (9003866),20-Sep-2026 12:56:44,https://www.bseindia.com/xml-data/corpfiling/AttachLive/747dec2c-e682-4cfe-ab20-e9c8e979fa93.pdf,SBIMF Fortnightly Portfolio 15092026,2026-09-20T07:27:45.100403+00:00
207b2e70a5c34919,BSE,SBI Long Duration Fund - Regular Plan - IDCW Payout (9003865),,SBI Long Duration Fund - Regular Plan - IDCW Payout (9003865),20-Sep-2026 12:56:44,https://www.bseindia.com/xml-data/corpfiling/AttachLive/747dec2c-e682-4cfe-ab20-e9c8e979fa93.pdf,SBIMF Fortnightly Portfolio 15092026,2026-09-20T07:27:45.100429+00:00
659bbcfa4fc98f4e,BSE,SBI Magnum Low Duration Fund - Regular Plan - Weekly IDCW (9003864),,SBI Magnum Low Duration Fund - Regular Plan - Weekly IDCW (9003864),20-Sep-2026 12:56:44,https://www.bseindia.com/xml-data/corpfiling/AttachLive/747dec2c-e682-4cfe-ab20-e9c8e979fa93.pdf,SBIMF Fortnightly Portfolio 15092026,2026-09-20T07:27:45.100453+00:00
845b2ade9c221c07,BSE,SBI Magnum Low Duration Fund Regular Growth (9003863),,SBI Magnum Low Duration Fund Regular Growth (9003863),20-Sep-2026 12:56:44,https://www.bseindia.com/xml-data/corpfiling/AttachLive/747dec2c-e682-4cfe-ab20-e9c8e979fa93.pdf,SBIMF Fortnightly Portfolio 15092026,2026-09-20T07:27:45.100474+00:00
daa1bd24d592c453,BSE,SBI Magnum Low Duration Fund - Institutional Monthly IDCW Payout (9003862),,SBI Magnum Low Duration Fund - Institutional Monthly IDCW Payout (9003862),20-Sep-2026 12:56:44,https://www.bseindia.com/xml-data/corpfiling/AttachLive/747dec2c-e682-4cfe-ab20-e9c8e979fa93.pdf,SBIMF Fortnightly Portfolio 15092026,2026-09-20T07:27:45.100497+00:00
c5bf847502cfd183,BSE,SBI Magnum Low Duration Fund - Regular Plan - Fornightly IDCW Payout (9003861),,SBI Magnum Low Duration Fund - Regular Plan - Fornightly IDCW Payout (9003861),20-Sep-2026 12:56:44,https://www.bseindia.com/xml-data/corpfiling/AttachLive/747dec2c-e682-4cfe-ab20-e9c8e979fa93.pdf,SBIMF Fortnightly Portfolio 15092026,2026-09-20T07:27:45.100520+00:00
61bd6beb2de064db,BSE,SBI Energy Opportunities Fund - Regular Plan - IDCW (9003860),,SBI Energy Opportunities Fund - Regular Plan - IDCW (9003860),20-Sep-2026 12:56:44,https://www.bseindia.com/xml-data/corpfiling/AttachLive/747dec2c-e682-4cfe-ab20-e9c8e979fa93.pdf,SBIMF Fortnightly Portfolio 15092026,2026-09-20T07:27:45.100543+00:00
672411c689ac48ac,BSE,SBI Liquid Fund - Regular Plan - Weekly IDCW (9003859),,SBI Liquid Fund - Regular Plan - Weekly IDCW (9003859),20-Sep-2026 12:56:44,https://www.bseindia.com/xml-data/corpfiling/AttachLive/747dec2c-e682-4cfe-ab20-e9c8e979fa93.pdf,SBIMF Fortnightly Portfolio 15092026,2026-09-20T07:27:45.100564+00:00
8ba32ca63acaeabc,BSE,SBI Liquid Fund Institutional Growth (9003858),,SBI Liquid Fund Institutional Growth (9003858),20-Sep-2026 12:56:44,https://www.bseindia.com/xml-data/corpfiling/AttachLive/747dec2c-e682-4cfe-ab20-e9c8e979fa93.pdf,SBIMF Fortnightly Portfolio 15092026,2026-09-20T07:27:45.100585+00:00
e52af5847a632388,BSE,SBI Magnum Ultra Short Duration Fund Regular Growth (9003857),,SBI Magnum Ultra Short Duration Fund Regular Growth (9003857),20-Sep-2026 12:56:44,https://www.bseindia.com/xml-data/corpfiling/AttachLive/747dec2c-e682-4cfe-ab20-e9c8e979fa93.pdf,SBIMF Fortnightly Portfolio 15092026,2026-09-20T07:27:45.100608+00:00
89f1d2fce3d1b53b,BSE,SBI Magnum Children's Benefit Fund- Investment Plan Regular Growth (9003856),,SBI Magnum Children's Benefit Fund- Investment Plan Regular Growth (9003856),20-Sep-2026 12:56:44,https://www.bseindia.com/xml-data/corpfiling/AttachLive/747dec2c-e682-4cfe-ab20-e9c8e979fa93.pdf,SBIMF Fortnightly Portfolio 15092026,2026-09-20T07:27:45.100630+00:00
62fbbb0e962f9ffb,BSE,SBI Magnum Low Duration Fund - Regular Plan - Monthly IDCW Payout (9003855),,SBI Magnum Low Duration Fund - Regular Plan - Monthly IDCW Payout (9003855),20-Sep-2026 12:56:44,https://www.bseindia.com/xml-data/corpfiling/AttachLive/747dec2c-e682-4cfe-ab20-e9c8e979fa93.pdf,SBIMF Fortnightly Portfolio 15092026,2026-09-20T07:27:45.100660+00:00
25ddafe9debc3402,BSE,SBI Magnum Low Duration Fund - Regular Plan - Monthly IDCW (9003854),,SBI Magnum Low Duration Fund - Regular Plan - Monthly IDCW (9003854),20-Sep-2026 12:56:44,https://www.bseindia.com/xml-data/corpfiling/AttachLive/747dec2c-e682-4cfe-ab20-e9c8e979fa93.pdf,SBIMF Fortnightly Portfolio 15092026,2026-09-20T07:27:45.100682+00:00
1e83183d5bc69067,BSE,SBI Liquid Fund - Regular Plan - Fortnightly IDCW (9003853),,SBI Liquid Fund - Regular Plan - Fortnightly IDCW (9003853),20-Sep-2026 12:56:44,https://www.bseindia.com/xml-data/corpfiling/AttachLive/747dec2c-e682-4cfe-ab20-e9c8e979fa93.pdf,SBIMF Fortnightly Portfolio 15092026,2026-09-20T07:27:45.100704+00:00
1da62d9ccc688385,BSE,SBI Liquid Fund - Regular Plan - Daily IDCW (9003852),,SBI Liquid Fund - Regular Plan - Daily IDCW (9003852),20-Sep-2026 12:56:44,https://www.bseindia.com/xml-data/corpfiling/AttachLive/747dec2c-e682-4cfe-ab20-e9c8e979fa93.pdf,SBIMF Fortnightly Portfolio 15092026,2026-09-20T07:27:45.100726+00:00
6c443a730d2f6d52,BSE,SBI Magnum Ultra Short Duration Fund - Regular Plan - Weekly IDCW (9003851),,SBI Magnum Ultra Short Duration Fund - Regular Plan - Weekly IDCW (9003851),20-Sep-2026 12:56:44,https://www.bseindia.com/xml-data/corpfiling/AttachLive/747dec2c-e682-4cfe-ab20-e9c8e979fa93.pdf,SBIMF Fortnightly Portfolio 15092026,2026-09-20T07:27:45.100750+00:00
e479b2638d32d996,BSE,SBI Fixed Maturity Plan (FMP) - Series 61 (1927 Days) Dir Growth (9003850),,SBI Fixed Maturity Plan (FMP) - Series 61 (1927 Days) Dir Growth (9003850),20-Sep-2026 12:56:44,https://www.bseindia.com/xml-data/corpfiling/AttachLive/747dec2c-e682-4cfe-ab20-e9c8e979fa93.pdf,SBIMF Fortnightly Portfolio 15092026,2026-09-20T07:27:45.100773+00:00
8d6014518ae606ba,BSE,SBI Magnum Low Duration Fund - Institutional Fortnightly IDCW (9003849),,SBI Magnum Low Duration Fund - Institutional Fortnightly IDCW (9003849),20-Sep-2026 12:56:44,https://www.bseindia.com/xml-data/corpfiling/AttachLive/747dec2c-e682-4cfe-ab20-e9c8e979fa93.pdf,SBIMF Fortnightly Portfolio 15092026,2026-09-20T07:27:45.100796+00:00
0422a51c1e6ae5d3,BSE,SBI Liquid Fund - Institutional Daily IDCW (9003848),,SBI Liquid Fund - Institutional Daily IDCW (9003848),20-Sep-2026 12:56:44,https://www.bseindia.com/xml-data/corpfiling/AttachLive/747dec2c-e682-4cfe-ab20-e9c8e979fa93.pdf,SBIMF Fortnightly Portfolio 15092026,2026-09-20T07:27:45.100817+00:00
bd5fd9e9e85e8d79,BSE,SBI Overnight Fund Regular Growth (9003847),,SBI Overnight Fund Regular Growth (9003847),20-Sep-2026 12:56:44,https://www.bseindia.com/xml-data/corpfiling/AttachLive/747dec2c-e682-4cfe-ab20-e9c8e979fa93.pdf,SBIMF Fortnightly Portfolio 15092026,2026-09-20T07:27:45.100838+00:00
683a4da6afe029fc,BSE,SBI Magnum Ultra Short Duration Fund - Regular Plan - Daily IDCW (9003846),,SBI Magnum Ultra Short Duration Fund - Regular Plan - Daily IDCW (9003846),20-Sep-2026 12:56:44,https://www.bseindia.com/xml-data/corpfiling/AttachLive/747dec2c-e682-4cfe-ab20-e9c8e979fa93.pdf,SBIMF Fortnightly Portfolio 15092026,2026-09-20T07:27:45.100860+00:00
0a3d0bb5eb8f68ec,BSE,SBI Magnum Low Duration Fund - Regular Plan - Fornightly IDCW (9003845),,SBI Magnum Low Duration Fund - Regular Plan - Fornightly IDCW (9003845),20-Sep-2026 12:56:44,https://www.bseindia.com/xml-data/corpfiling/AttachLive/747dec2c-e682-4cfe-ab20-e9c8e979fa93.pdf,SBIMF Fortnightly Portfolio 15092026,2026-09-20T07:27:45.100882+00:00
87655760e228ce2b,BSE,SBI Magnum Low Duration Fund - Regular Plan - Daily IDCW (9003844),,SBI Magnum Low Duration Fund - Regular Plan - Daily IDCW (9003844),20-Sep-2026 12:56:44,https://www.bseindia.com/xml-data/corpfiling/AttachLive/747dec2c-e682-4cfe-ab20-e9c8e979fa93.pdf,SBIMF Fortnightly Portfolio 15092026,2026-09-20T07:27:45.100903+00:00
fa9d1b681c34ca7b,BSE,SBI Magnum Low Duration Fund - Institutional Monthly IDCW (9003843),,SBI Magnum Low Duration Fund - Institutional Monthly IDCW (9003843),20-Sep-2026 12:56:44,https://www.bseindia.com/xml-data/corpfiling/AttachLive/747dec2c-e682-4cfe-ab20-e9c8e979fa93.pdf,SBIMF Fortnightly Portfolio 15092026,2026-09-20T07:27:45.100925+00:00
c014bbc67ce0fa29,BSE,SBI Liquid Fund Regular Growth (9003842),,SBI Liquid Fund Regular Growth (9003842),20-Sep-2026 12:56:44,https://www.bseindia.com/xml-data/corpfiling/AttachLive/747dec2c-e682-4cfe-ab20-e9c8e979fa93.pdf,SBIMF Fortnightly Portfolio 15092026,2026-09-20T07:27:45.100945+00:00
cd34d030b48fc005,BSE,SBI Overnight Fund - Regular Plan - Daily IDCW (9003841),,SBI Overnight Fund - Regular Plan - Daily IDCW (9003841),20-Sep-2026 12:56:44,https://www.bseindia.com/xml-data/corpfiling/AttachLive/747dec2c-e682-4cfe-ab20-e9c8e979fa93.pdf,SBIMF Fortnightly Portfolio 15092026,2026-09-20T07:27:45.100966+00:00
138f4566d5b0aaa8,BSE,SBI Magnum Low Duration Fund - Institutional Weekly IDCW (9003840),,SBI Magnum Low Duration Fund - Institutional Weekly IDCW (9003840),20-Sep-2026 12:56:44,https://www.bseindia.com/xml-data/corpfiling/AttachLive/747dec2c-e682-4cfe-ab20-e9c8e979fa93.pdf,SBIMF Fortnightly Portfolio 15092026,2026-09-20T07:27:45.100991+00:00
67c152e3eb5e02c1,BSE,SBI Magnum Low Duration Fund - Institutional Daily IDCW (9003839),,SBI Magnum Low Duration Fund - Institutional Daily IDCW (9003839),20-Sep-2026 12:56:44,https://www.bseindia.com/xml-data/corpfiling/AttachLive/747dec2c-e682-4cfe-ab20-e9c8e979fa93.pdf,SBIMF Fortnightly Portfolio 15092026,2026-09-20T07:27:45.101012+00:00
b86372fb811264a1,BSE,SBI Magnum Low Duration Fund - Institutional Fortnightly IDCW Payout (9003838),,SBI Magnum Low Duration Fund - Institutional Fortnightly IDCW Payout (9003838),20-Sep-2026 12:56:44,https://www.bseindia.com/xml-data/corpfiling/AttachLive/747dec2c-e682-4cfe-ab20-e9c8e979fa93.pdf,SBIMF Fortnightly Portfolio 15092026,2026-09-20T07:27:45.101037+00:00
b9305f58d968dac0,BSE,SBI Liquid Fund - Institutional Weekly IDCW (9003837),,SBI Liquid Fund - Institutional Weekly IDCW (9003837),20-Sep-2026 12:56:44,https://www.bseindia.com/xml-data/corpfiling/AttachLive/747dec2c-e682-4cfe-ab20-e9c8e979fa93.pdf,SBIMF Fortnightly Portfolio 15092026,2026-09-20T07:27:45.101058+00:00
de2371ed0b0b0534,BSE,SBI Floating Rate DEBT Fund Regular Plan Growth (9003836),,SBI Floating Rate DEBT Fund Regular Plan Growth (9003836),20-Sep-2026 12:56:44,https://www.bseindia.com/xml-data/corpfiling/AttachLive/747dec2c-e682-4cfe-ab20-e9c8e979fa93.pdf,SBIMF Fortnightly Portfolio 15092026,2026-09-20T07:27:45.101079+00:00
235050d519b52e77,BSE,SBI Magnum Low Duration Fund Institutional Growth (9003835),,SBI Magnum Low Duration Fund Institutional Growth (9003835),20-Sep-2026 12:56:44,https://www.bseindia.com/xml-data/corpfiling/AttachLive/747dec2c-e682-4cfe-ab20-e9c8e979fa93.pdf,SBIMF Fortnightly Portfolio 15092026,2026-09-20T07:27:45.101100+00:00
d406c09a27f11059,BSE,SBI Liquid Fund - Institutional Fortnightly IDCW (9003834),,SBI Liquid Fund - Institutional Fortnightly IDCW (9003834),20-Sep-2026 12:56:44,https://www.bseindia.com/xml-data/corpfiling/AttachLive/747dec2c-e682-4cfe-ab20-e9c8e979fa93.pdf,SBIMF Fortnightly Portfolio 15092026,2026-09-20T07:27:45.101120+00:00
2ee68103213c1fb5,BSE,SBI Overnight Fund - Regular Plan - Weekly IDCW (9003833),,SBI Overnight Fund - Regular Plan - Weekly IDCW (9003833),20-Sep-2026 12:56:44,https://www.bseindia.com/xml-data/corpfiling/AttachLive/747dec2c-e682-4cfe-ab20-e9c8e979fa93.pdf,SBIMF Fortnightly Portfolio 15092026,2026-09-20T07:27:45.101146+00:00
0517913b5251afb5,BSE,SBI Fixed Maturity Plan (FMP) - Series 61 (1927 Days) Direct Plan - IDCW (9003832),,SBI Fixed Maturity Plan (FMP) - Series 61 (1927 Days) Direct Plan - IDCW (9003832),20-Sep-2026 12:56:44,https://www.bseindia.com/xml-data/corpfiling/AttachLive/747dec2c-e682-4cfe-ab20-e9c8e979fa93.pdf,SBIMF Fortnightly Portfolio 15092026,2026-09-20T07:27:45.101170+00:00
dff26ea5e1591f75,BSE,SBI-SHF- Ultra Short Term Fund - Retail PLAN - Monthly IDCW Payout (9003831),,SBI-SHF- Ultra Short Term Fund - Retail PLAN - Monthly IDCW Payout (9003831),20-Sep-2026 12:56:44,https://www.bseindia.com/xml-data/corpfiling/AttachLive/747dec2c-e682-4cfe-ab20-e9c8e979fa93.pdf,SBIMF Fortnightly Portfolio 15092026,2026-09-20T07:27:45.101193+00:00
090a8423c647cf33,BSE,SBI Gold Fund - Regular Plan - IDCW Payout (9003830),,SBI Gold Fund - Regular Plan - IDCW Payout (9003830),20-Sep-2026 12:56:44,https://www.bseindia.com/xml-data/corpfiling/AttachLive/747dec2c-e682-4cfe-ab20-e9c8e979fa93.pdf,SBIMF Fortnightly Portfolio 15092026,2026-09-20T07:27:45.101214+00:00
565ba5938c150a46,BSE,SBI SHDF-Short Term-Retail Plan-Fortnightly IDCW Payout (9003829),,SBI SHDF-Short Term-Retail Plan-Fortnightly IDCW Payout (9003829),20-Sep-2026 12:56:44,https://www.bseindia.com/xml-data/corpfiling/AttachLive/747dec2c-e682-4cfe-ab20-e9c8e979fa93.pdf,SBIMF Fortnightly Portfolio 15092026,2026-09-20T07:27:45.101236+00:00
8199c1a31b0c92fe,BSE,SBI Short Term Debt Fund - Regular Plan Fortnightly IDCW Payout (9003828),,SBI Short Term Debt Fund - Regular Plan Fortnightly IDCW Payout (9003828),20-Sep-2026 12:56:43,https://www.bseindia.com/xml-data/corpfiling/AttachLive/747dec2c-e682-4cfe-ab20-e9c8e979fa93.pdf,SBIMF Fortnightly Portfolio 15092026,2026-09-20T07:27:45.101259+00:00
acd902418a9f3981,BSE,SBI Short Term Debt Fund - Regular Plan - Monthly IDCW Payout (9003827),,SBI Short Term Debt Fund - Regular Plan - Monthly IDCW Payout (9003827),20-Sep-2026 12:56:43,https://www.bseindia.com/xml-data/corpfiling/AttachLive/747dec2c-e682-4cfe-ab20-e9c8e979fa93.pdf,SBIMF Fortnightly Portfolio 15092026,2026-09-20T07:27:45.101282+00:00
caf9c33bcdaa5a1d,BSE,SBI-SHF- Ultra Short Term - Institutional PLAN - Monthly IDCW Payout (9003826),,SBI-SHF- Ultra Short Term - Institutional PLAN - Monthly IDCW Payout (9003826),20-Sep-2026 12:56:43,https://www.bseindia.com/xml-data/corpfiling/AttachLive/747dec2c-e682-4cfe-ab20-e9c8e979fa93.pdf,SBIMF Fortnightly Portfolio 15092026,2026-09-20T07:27:45.101304+00:00
0e1005cb3f6adf1a,BSE,SBI-SHF- Ultra Short Term Fund - Retail PLAN - Fortnightly IDCW Payout (9003825),,SBI-SHF- Ultra Short Term Fund - Retail PLAN - Fortnightly IDCW Payout (9003825),20-Sep-2026 12:56:43,https://www.bseindia.com/xml-data/corpfiling/AttachLive/747dec2c-e682-4cfe-ab20-e9c8e979fa93.pdf,SBIMF Fortnightly Portfolio 15092026,2026-09-20T07:27:45.101327+00:00
bc1253853ff280d3,BSE,SBI-SHF- Ultra Short Term Fund - Institutional PLAN - Fortnightly IDCW Payout (9003824),,SBI-SHF- Ultra Short Term Fund - Institutional PLAN - Fortnightly IDCW Payout (9003824),20-Sep-2026 12:56:43,https://www.bseindia.com/xml-data/corpfiling/AttachLive/747dec2c-e682-4cfe-ab20-e9c8e979fa93.pdf,SBIMF Fortnightly Portfolio 15092026,2026-09-20T07:27:45.101350+00:00
790a40ff36792b4e,BSE,SBI SHDF-Short Term-Retail Plan-Monthly IDCW Payout (9003823),,SBI SHDF-Short Term-Retail Plan-Monthly IDCW Payout (9003823),20-Sep-2026 12:56:43,https://www.bseindia.com/xml-data/corpfiling/AttachLive/747dec2c-e682-4cfe-ab20-e9c8e979fa93.pdf,SBIMF Fortnightly Portfolio 15092026,2026-09-20T07:27:45.101372+00:00
78c0810b36d8b644,BSE,SBI Gold Fund - Regular Plan - IDCW (9003822),,SBI Gold Fund - Regular Plan - IDCW (9003822),20-Sep-2026 12:56:43,https://www.bseindia.com/xml-data/corpfiling/AttachLive/747dec2c-e682-4cfe-ab20-e9c8e979fa93.pdf,SBIMF Fortnightly Portfolio 15092026,2026-09-20T07:27:45.101393+00:00
8277c69a0c8c3724,BSE,SBI Gold Fund - Regular Plan - Growth (9003821),,SBI Gold Fund - Regular Plan - Growth (9003821),20-Sep-2026 12:56:43,https://www.bseindia.com/xml-data/corpfiling/AttachLive/747dec2c-e682-4cfe-ab20-e9c8e979fa93.pdf,SBIMF Fortnightly Portfolio 15092026,2026-09-20T07:27:45.101416+00:00
4ef4e951b438876c,BSE,SBI Long Duration Fund - Regular Plan - IDCW (9003820),,SBI Long Duration Fund - Regular Plan - IDCW (9003820),20-Sep-2026 12:56:43,https://www.bseindia.com/xml-data/corpfiling/AttachLive/747dec2c-e682-4cfe-ab20-e9c8e979fa93.pdf,SBIMF Fortnightly Portfolio 15092026,2026-09-20T07:27:45.101437+00:00
3c6d1873154eb6ad,BSE,SBI Magnum Gilt Fund - Long Term IDCW PF Regular Payout (9003819),,SBI Magnum Gilt Fund - Long Term IDCW PF Regular Payout (9003819),20-Sep-2026 12:56:43,https://www.bseindia.com/xml-data/corpfiling/AttachLive/747dec2c-e682-4cfe-ab20-e9c8e979fa93.pdf,SBIMF Fortnightly Portfolio 15092026,2026-09-20T07:27:45.101459+00:00
47fa5260a2d07ec1,BSE,SBI Magnum Gilt Fund - Long Term IDCW PF Fix 3 Years Payout (9003818),,SBI Magnum Gilt Fund - Long Term IDCW PF Fix 3 Years Payout (9003818),20-Sep-2026 12:56:43,https://www.bseindia.com/xml-data/corpfiling/AttachLive/747dec2c-e682-4cfe-ab20-e9c8e979fa93.pdf,SBIMF Fortnightly Portfolio 15092026,2026-09-20T07:27:45.101483+00:00
f99c16a1587a3ca8,BSE,SBI Fixed Maturity Plan (FMP) - Series 72 (1239 Days) Direct Plan - IDCW (9003817),,SBI Fixed Maturity Plan (FMP) - Series 72 (1239 Days) Direct Plan - IDCW (9003817),20-Sep-2026 12:56:43,https://www.bseindia.com/xml-data/corpfiling/AttachLive/747dec2c-e682-4cfe-ab20-e9c8e979fa93.pdf,SBIMF Fortnightly Portfolio 15092026,2026-09-20T07:27:45.101506+00:00
8945fd418d55615e,BSE,SBI Nifty India Consumption Index Fund - Direct Plan - IDCW (9003816),,SBI Nifty India Consumption Index Fund - Direct Plan - IDCW (9003816),20-Sep-2026 12:56:43,https://www.bseindia.com/xml-data/corpfiling/AttachLive/747dec2c-e682-4cfe-ab20-e9c8e979fa93.pdf,SBIMF Fortnightly Portfolio 15092026,2026-09-20T07:27:45.101530+00:00
d0ec1627fba4fd86,BSE,SBI Dividend Yield Fund - Regular Plan - Growth (9003815),,SBI Dividend Yield Fund - Regular Plan - Growth (9003815),20-Sep-2026 12:56:43,https://www.bseindia.com/xml-data/corpfiling/AttachLive/747dec2c-e682-4cfe-ab20-e9c8e979fa93.pdf,SBIMF Fortnightly Portfolio 15092026,2026-09-20T07:27:45.101555+00:00
30a86b5d942c83c6,BSE,SBI Multi Asset Allocation Fund - Regular Plan - Monthly IDCW Payout (9003814),,SBI Multi Asset Allocation Fund - Regular Plan - Monthly IDCW Payout (9003814),20-Sep-2026 12:56:43,https://www.bseindia.com/xml-data/corpfiling/AttachLive/747dec2c-e682-4cfe-ab20-e9c8e979fa93.pdf,SBIMF Fortnightly Portfolio 15092026,2026-09-20T07:27:45.101577+00:00
ca30af0048987db5,BSE,SBI Magnum Medium Duration Fund - Regular Plan - IDCW Payout (9003813),,SBI Magnum Medium Duration Fund - Regular Plan - IDCW Payout (9003813),20-Sep-2026 12:56:43,https://www.bseindia.com/xml-data/corpfiling/AttachLive/747dec2c-e682-4cfe-ab20-e9c8e979fa93.pdf,SBIMF Fortnightly Portfolio 15092026,2026-09-20T07:27:45.101598+00:00
46120804d65568ff,BSE,SBI Focused Equity Fund - Regular Plan - IDCW Payout (9003812),,SBI Focused Equity Fund - Regular Plan - IDCW Payout (9003812),20-Sep-2026 12:56:43,https://www.bseindia.com/xml-data/corpfiling/AttachLive/747dec2c-e682-4cfe-ab20-e9c8e979fa93.pdf,SBIMF Fortnightly Portfolio 15092026,2026-09-20T07:27:45.101620+00:00
051f38af0fdde627,BSE,SBI Savings Fund - Regular Plan - IDCW Payout (9003811),,SBI Savings Fund - Regular Plan - IDCW Payout (9003811),20-Sep-2026 12:56:43,https://www.bseindia.com/xml-data/corpfiling/AttachLive/747dec2c-e682-4cfe-ab20-e9c8e979fa93.pdf,SBIMF Fortnightly Portfolio 15092026,2026-09-20T07:27:45.101648+00:00
0a8b0cb2cb054d9a,BSE,SBI PSU Fund - Regular Plan - IDCW Payout (9003810),,SBI PSU Fund - Regular Plan - IDCW Payout (9003810),20-Sep-2026 12:56:43,https://www.bseindia.com/xml-data/corpfiling/AttachLive/747dec2c-e682-4cfe-ab20-e9c8e979fa93.pdf,SBIMF Fortnightly Portfolio 15092026,2026-09-20T07:27:45.101669+00:00
83781c86f4422681,BSE,SBI Dynamic Bond Fund - Regular Plan - IDCW Payout (9003809),,SBI Dynamic Bond Fund - Regular Plan - IDCW Payout (9003809),20-Sep-2026 12:56:43,https://www.bseindia.com/xml-data/corpfiling/AttachLive/747dec2c-e682-4cfe-ab20-e9c8e979fa93.pdf,SBIMF Fortnightly Portfolio 15092026,2026-09-20T07:27:45.101691+00:00
a6623b3d9cdffb6e,BSE,SBI Fixed Maturity Plan (FMP) - Series 72 (1239 Days) Regular Plan - IDCW (9003808),,SBI Fixed Maturity Plan (FMP) - Series 72 (1239 Days) Regular Plan - IDCW (9003808),20-Sep-2026 12:56:43,https://www.bseindia.com/xml-data/corpfiling/AttachLive/747dec2c-e682-4cfe-ab20-e9c8e979fa93.pdf,SBIMF Fortnightly Portfolio 15092026,2026-09-20T07:27:45.101714+00:00
45dee7fbb7263d33,BSE,SBI Arbitrage Opportunities Fund - Regular Plan - IDCW Payout (9003807),,SBI Arbitrage Opportunities Fund - Regular Plan - IDCW Payout (9003807),20-Sep-2026 12:56:43,https://www.bseindia.com/xml-data/corpfiling/AttachLive/747dec2c-e682-4cfe-ab20-e9c8e979fa93.pdf,SBIMF Fortnightly Portfolio 15092026,2026-09-20T07:27:45.101737+00:00
e844af35e21ad9d8,BSE,SBI Long Term Equity Fund - Regular Plan - IDCW Payout (9003806),,SBI Long Term Equity Fund - Regular Plan - IDCW Payout (9003806),20-Sep-2026 12:56:43,https://www.bseindia.com/xml-data/corpfiling/AttachLive/747dec2c-e682-4cfe-ab20-e9c8e979fa93.pdf,SBIMF Fortnightly Portfolio 15092026,2026-09-20T07:27:45.101759+00:00
057aa49af4763753,BSE,SBI Contra Fund - Regular Plan - IDCW Payout (9003805),,SBI Contra Fund - Regular Plan - IDCW Payout (9003805),20-Sep-2026 12:56:43,https://www.bseindia.com/xml-data/corpfiling/AttachLive/747dec2c-e682-4cfe-ab20-e9c8e979fa93.pdf,SBIMF Fortnightly Portfolio 15092026,2026-09-20T07:27:45.101780+00:00
cf4213aa8da1d5dd,BSE,SBI Flexicap Fund - Regular Plan - IDCW Payout (9003804),,SBI Flexicap Fund - Regular Plan - IDCW Payout (9003804),20-Sep-2026 12:56:43,https://www.bseindia.com/xml-data/corpfiling/AttachLive/747dec2c-e682-4cfe-ab20-e9c8e979fa93.pdf,SBIMF Fortnightly Portfolio 15092026,2026-09-20T07:27:45.101802+00:00
1994ffa7b3661604,BSE,SBI Conservative Hybrid Fund Regular Annual IDCW Payout (9003803),,SBI Conservative Hybrid Fund Regular Annual IDCW Payout (9003803),20-Sep-2026 12:56:43,https://www.bseindia.com/xml-data/corpfiling/AttachLive/747dec2c-e682-4cfe-ab20-e9c8e979fa93.pdf,SBIMF Fortnightly Portfolio 15092026,2026-09-20T07:27:45.101825+00:00
1147eee89774116e,BSE,SBI Infrastructure Fund - Regular Plan - IDCW Payout (9003802),,SBI Infrastructure Fund - Regular Plan - IDCW Payout (9003802),20-Sep-2026 12:56:43,https://www.bseindia.com/xml-data/corpfiling/AttachLive/747dec2c-e682-4cfe-ab20-e9c8e979fa93.pdf,SBIMF Fortnightly Portfolio 15092026,2026-09-20T07:27:45.101847+00:00
48d6fb83e119a3c9,BSE,SBI Blue Chip Fund - Regular Plan - IDCW Payout (9003801),,SBI Blue Chip Fund - Regular Plan - IDCW Payout (9003801),20-Sep-2026 12:56:43,https://www.bseindia.com/xml-data/corpfiling/AttachLive/747dec2c-e682-4cfe-ab20-e9c8e979fa93.pdf,SBIMF Fortnightly Portfolio 15092026,2026-09-20T07:27:45.101870+00:00
86c1c02f11893ae4,BSE,SBI Multi Asset Allocation Fund - Regular Plan - Quarterly IDCW Payout (9003800),,SBI Multi Asset Allocation Fund - Regular Plan - Quarterly IDCW Payout (9003800),20-Sep-2026 12:56:43,https://www.bseindia.com/xml-data/corpfiling/AttachLive/747dec2c-e682-4cfe-ab20-e9c8e979fa93.pdf,SBIMF Fortnightly Portfolio 15092026,2026-09-20T07:27:45.101892+00:00
7760a80fb57b1c3a,BSE,SBI Magnum MidCap Fund - Regular Plan - IDCW Payout (9003799),,SBI Magnum MidCap Fund - Regular Plan - IDCW Payout (9003799),20-Sep-2026 12:56:43,https://www.bseindia.com/xml-data/corpfiling/AttachLive/747dec2c-e682-4cfe-ab20-e9c8e979fa93.pdf,SBIMF Fortnightly Portfolio 15092026,2026-09-20T07:27:45.101915+00:00
3b6470e4d531a831,BSE,SBI Conservative Hybrid Fund Regular Monthly IDCW Payout (9003798),,SBI Conservative Hybrid Fund Regular Monthly IDCW Payout (9003798),20-Sep-2026 12:56:43,https://www.bseindia.com/xml-data/corpfiling/AttachLive/747dec2c-e682-4cfe-ab20-e9c8e979fa93.pdf,SBIMF Fortnightly Portfolio 15092026,2026-09-20T07:27:45.101936+00:00
270029418e0b1564,BSE,SBI Magnum Gilt Fund - Long Term IDCW PF Fix 1 Year Payout (9003797),,SBI Magnum Gilt Fund - Long Term IDCW PF Fix 1 Year Payout (9003797),20-Sep-2026 12:56:43,https://www.bseindia.com/xml-data/corpfiling/AttachLive/747dec2c-e682-4cfe-ab20-e9c8e979fa93.pdf,SBIMF Fortnightly Portfolio 15092026,2026-09-20T07:27:45.101959+00:00
7b00325e06226cda,BSE,SBI Magnum Comma Fund - Regular Plan - IDCW Payout (9003796),,SBI Magnum Comma Fund - Regular Plan - IDCW Payout (9003796),20-Sep-2026 12:56:43,https://www.bseindia.com/xml-data/corpfiling/AttachLive/747dec2c-e682-4cfe-ab20-e9c8e979fa93.pdf,SBIMF Fortnightly Portfolio 15092026,2026-09-20T07:27:45.101982+00:00
b8ccc92d5d41b1c1,BSE,SBI Technology Opportunities Fund - Regular Plan - IDCW Payout (9003795),,SBI Technology Opportunities Fund - Regular Plan - IDCW Payout (9003795),20-Sep-2026 12:56:43,https://www.bseindia.com/xml-data/corpfiling/AttachLive/747dec2c-e682-4cfe-ab20-e9c8e979fa93.pdf,SBIMF Fortnightly Portfolio 15092026,2026-09-20T07:27:45.102004+00:00
db229eff705e1bf8,BSE,SBI Long Term Advantage Fund - Series I - Direct - Growth (9003794),,SBI Long Term Advantage Fund - Series I - Direct - Growth (9003794),20-Sep-2026 12:56:43,https://www.bseindia.com/xml-data/corpfiling/AttachLive/747dec2c-e682-4cfe-ab20-e9c8e979fa93.pdf,SBIMF Fortnightly Portfolio 15092026,2026-09-20T07:27:45.102026+00:00
1e53418fb285979d,BSE,SBI Magnum Income Fund - Regular Plan - IDCW Payout (9003793),,SBI Magnum Income Fund - Regular Plan - IDCW Payout (9003793),20-Sep-2026 12:56:43,https://www.bseindia.com/xml-data/corpfiling/AttachLive/747dec2c-e682-4cfe-ab20-e9c8e979fa93.pdf,SBIMF Fortnightly Portfolio 15092026,2026-09-20T07:27:45.102049+00:00
fd120dd6a1fd57dd,BSE,SBI Large & Midcap Fund - Regular Plan - IDCW Payout (9003792),,SBI Large & Midcap Fund - Regular Plan - IDCW Payout (9003792),20-Sep-2026 12:56:43,https://www.bseindia.com/xml-data/corpfiling/AttachLive/747dec2c-e682-4cfe-ab20-e9c8e979fa93.pdf,SBIMF Fortnightly Portfolio 15092026,2026-09-20T07:27:45.102075+00:00
7702016bc0952009,BSE,SBI Magnum Constant Maturity Fund - Regular Plan - IDCW Payout (9003791),,SBI Magnum Constant Maturity Fund - Regular Plan - IDCW Payout (9003791),20-Sep-2026 12:56:43,https://www.bseindia.com/xml-data/corpfiling/AttachLive/747dec2c-e682-4cfe-ab20-e9c8e979fa93.pdf,SBIMF Fortnightly Portfolio 15092026,2026-09-20T07:27:45.102097+00:00
bf4a9d29704ed3c1,BSE,SBI Multi Asset Allocation Fund - Regular Plan - Annual IDCW Payout (9003790),,SBI Multi Asset Allocation Fund - Regular Plan - Annual IDCW Payout (9003790),20-Sep-2026 12:56:43,https://www.bseindia.com/xml-data/corpfiling/AttachLive/747dec2c-e682-4cfe-ab20-e9c8e979fa93.pdf,SBIMF Fortnightly Portfolio 15092026,2026-09-20T07:27:45.102119+00:00
2ee1bba17d721017,BSE,SBI Fixed Maturity Plan (FMP)-Series 81 (1157 Days) Regular Plan- IDCW (9003789),,SBI Fixed Maturity Plan (FMP)-Series 81 (1157 Days) Regular Plan- IDCW (9003789),20-Sep-2026 12:56:43,https://www.bseindia.com/xml-data/corpfiling/AttachLive/747dec2c-e682-4cfe-ab20-e9c8e979fa93.pdf,SBIMF Fortnightly Portfolio 15092026,2026-09-20T07:27:45.102142+00:00
e7a904971975be9f,BSE,SBI Long Duration Fund - Direct Plan - IDCW Payout (9003788),,SBI Long Duration Fund - Direct Plan - IDCW Payout (9003788),20-Sep-2026 12:56:43,https://www.bseindia.com/xml-data/corpfiling/AttachLive/747dec2c-e682-4cfe-ab20-e9c8e979fa93.pdf,SBIMF Fortnightly Portfolio 15092026,2026-09-20T07:27:45.102163+00:00
0a8d207b3e5ff1e6,BSE,SBI Savings Fund - Regular Plan Weekly IDCW Payout (9003787),,SBI Savings Fund - Regular Plan Weekly IDCW Payout (9003787),20-Sep-2026 12:56:43,https://www.bseindia.com/xml-data/corpfiling/AttachLive/747dec2c-e682-4cfe-ab20-e9c8e979fa93.pdf,SBIMF Fortnightly Portfolio 15092026,2026-09-20T07:27:45.102187+00:00
d6b805facee991f8,BSE,SBI Equity Hybrid Fund - Regular Plan - IDCW Payout (9003786),,SBI Equity Hybrid Fund - Regular Plan - IDCW Payout (9003786),20-Sep-2026 12:56:43,https://www.bseindia.com/xml-data/corpfiling/AttachLive/747dec2c-e682-4cfe-ab20-e9c8e979fa93.pdf,SBIMF Fortnightly Portfolio 15092026,2026-09-20T07:27:45.102208+00:00
c47c1f257c5e1eba,BSE,SBI Magnum Gilt Fund - Long Term IDCW PF Fix 2 Years Payout (9003785),,SBI Magnum Gilt Fund - Long Term IDCW PF Fix 2 Years Payout (9003785),20-Sep-2026 12:56:43,https://www.bseindia.com/xml-data/corpfiling/AttachLive/747dec2c-e682-4cfe-ab20-e9c8e979fa93.pdf,SBIMF Fortnightly Portfolio 15092026,2026-09-20T07:27:45.102232+00:00
e5096a84b55c0583,BSE,SBI Magnum Gilt Fund - Regular Plan - IDCW Payout (9003784),,SBI Magnum Gilt Fund - Regular Plan - IDCW Payout (9003784),20-Sep-2026 12:56:43,https://www.bseindia.com/xml-data/corpfiling/AttachLive/747dec2c-e682-4cfe-ab20-e9c8e979fa93.pdf,SBIMF Fortnightly Portfolio 15092026,2026-09-20T07:27:45.102255+00:00
e4cb2fdcbd550ea0,BSE,SBI PSU Fund - Regular Plan - Growth (9003783),,SBI PSU Fund - Regular Plan - Growth (9003783),20-Sep-2026 12:56:43,https://www.bseindia.com/xml-data/corpfiling/AttachLive/747dec2c-e682-4cfe-ab20-e9c8e979fa93.pdf,SBIMF Fortnightly Portfolio 15092026,2026-09-20T07:27:45.102276+00:00
94208c8d45170676,BSE,SBI PSU Fund - Regular Plan - IDCW (9003782),,SBI PSU Fund - Regular Plan - IDCW (9003782),20-Sep-2026 12:56:43,https://www.bseindia.com/xml-data/corpfiling/AttachLive/747dec2c-e682-4cfe-ab20-e9c8e979fa93.pdf,SBIMF Fortnightly Portfolio 15092026,2026-09-20T07:27:45.102298+00:00
8006b157c40f1dc1,BSE,SBI - ETF Gold Scheme (9003781),,SBI - ETF Gold Scheme (9003781),20-Sep-2026 12:56:43,https://www.bseindia.com/xml-data/corpfiling/AttachLive/747dec2c-e682-4cfe-ab20-e9c8e979fa93.pdf,SBIMF Fortnightly Portfolio 15092026,2026-09-20T07:27:45.102318+00:00
78884cf45bf342ea,BSE,SBI - Magnum Insta Cash Fund Liquid Floater Plan - Daily IDCW (9003780),,SBI - Magnum Insta Cash Fund Liquid Floater Plan - Daily IDCW (9003780),20-Sep-2026 12:56:43,https://www.bseindia.com/xml-data/corpfiling/AttachLive/747dec2c-e682-4cfe-ab20-e9c8e979fa93.pdf,SBIMF Fortnightly Portfolio 15092026,2026-09-20T07:27:45.102341+00:00
5e94f564d0892a58,BSE,SBI Fixed Maturity Plan (FMP)- Series 74 (1243 Days) Direct Growth (9003779),,SBI Fixed Maturity Plan (FMP)- Series 74 (1243 Days) Direct Growth (9003779),20-Sep-2026 12:56:43,https://www.bseindia.com/xml-data/corpfiling/AttachLive/747dec2c-e682-4cfe-ab20-e9c8e979fa93.pdf,SBIMF Fortnightly Portfolio 15092026,2026-09-20T07:27:45.102363+00:00
abef1ee2b70abe29,BSE,SBI Fixed Maturity Plan (FMP)-Series 74 (1243 Days)- Regular Plan- IDCW-Payout (9003778),,SBI Fixed Maturity Plan (FMP)-Series 74 (1243 Days)- Regular Plan- IDCW-Payout (9003778),20-Sep-2026 12:56:43,https://www.bseindia.com/xml-data/corpfiling/AttachLive/747dec2c-e682-4cfe-ab20-e9c8e979fa93.pdf,SBIMF Fortnightly Portfolio 15092026,2026-09-20T07:27:45.102386+00:00
5a3c001b7b1adc23,BSE,SBI Fixed Maturity Plan (FMP) - Series 72 (1239 Days) Reg Growth (9003777),,SBI Fixed Maturity Plan (FMP) - Series 72 (1239 Days) Reg Growth (9003777),20-Sep-2026 12:56:43,https://www.bseindia.com/xml-data/corpfiling/AttachLive/747dec2c-e682-4cfe-ab20-e9c8e979fa93.pdf,SBIMF Fortnightly Portfolio 15092026,2026-09-20T07:27:45.102409+00:00
d5f0db2b9754f821,BSE,SBI Long Term Equity Fund - Regular Plan - Growth (9003776),,SBI Long Term Equity Fund - Regular Plan - Growth (9003776),20-Sep-2026 12:56:43,https://www.bseindia.com/xml-data/corpfiling/AttachLive/747dec2c-e682-4cfe-ab20-e9c8e979fa93.pdf,SBIMF Fortnightly Portfolio 15092026,2026-09-20T07:27:45.102432+00:00
052d6aa619836a99,BSE,SBI Premier Liquid Fund - Super Institutional- Growth (9003775),,SBI Premier Liquid Fund - Super Institutional- Growth (9003775),20-Sep-2026 12:56:43,https://www.bseindia.com/xml-data/corpfiling/AttachLive/747dec2c-e682-4cfe-ab20-e9c8e979fa93.pdf,SBIMF Fortnightly Portfolio 15092026,2026-09-20T07:27:45.102453+00:00
643c20c66da4a544,BSE,SBI - Magnum Insta Cash Fund - Daily IDCW (9003774),,SBI - Magnum Insta Cash Fund - Daily IDCW (9003774),20-Sep-2026 12:56:43,https://www.bseindia.com/xml-data/corpfiling/AttachLive/747dec2c-e682-4cfe-ab20-e9c8e979fa93.pdf,SBIMF Fortnightly Portfolio 15092026,2026-09-20T07:27:45.102474+00:00
b48d42b3356d8e93,BSE,SBI-SHF- Ultra Short Term - Retail PLAN - Weekly IDCW (9003773),,SBI-SHF- Ultra Short Term - Retail PLAN - Weekly IDCW (9003773),20-Sep-2026 12:56:43,https://www.bseindia.com/xml-data/corpfiling/AttachLive/747dec2c-e682-4cfe-ab20-e9c8e979fa93.pdf,SBIMF Fortnightly Portfolio 15092026,2026-09-20T07:27:45.102496+00:00
a172837dd01e7174,BSE,SBI-SHF- Ultra Short Term Fund - Retail PLAN - Daily IDCW (9003772),,SBI-SHF- Ultra Short Term Fund - Retail PLAN - Daily IDCW (9003772),20-Sep-2026 12:56:43,https://www.bseindia.com/xml-data/corpfiling/AttachLive/747dec2c-e682-4cfe-ab20-e9c8e979fa93.pdf,SBIMF Fortnightly Portfolio 15092026,2026-09-20T07:27:45.102517+00:00
8b47135ffec025bb,BSE,SBI-SHF- Ultra Short Term Fund - Retail PLAN - Growth (9003771),,SBI-SHF- Ultra Short Term Fund - Retail PLAN - Growth (9003771),20-Sep-2026 12:56:43,https://www.bseindia.com/xml-data/corpfiling/AttachLive/747dec2c-e682-4cfe-ab20-e9c8e979fa93.pdf,SBIMF Fortnightly Portfolio 15092026,2026-09-20T07:27:45.102543+00:00
de9df50f120d7178,BSE,SBI Infrastructure Fund - Regular Plan - IDCW (9003770),,SBI Infrastructure Fund - Regular Plan - IDCW (9003770),20-Sep-2026 12:56:42,https://www.bseindia.com/xml-data/corpfiling/AttachLive/747dec2c-e682-4cfe-ab20-e9c8e979fa93.pdf,SBIMF Fortnightly Portfolio 15092026,2026-09-20T07:27:45.102566+00:00
1f4e77e70bdccf35,BSE,SBI Energy Opportunities Fund- Direct Plan - IDCW (9003769),,SBI Energy Opportunities Fund- Direct Plan - IDCW (9003769),20-Sep-2026 12:56:42,https://www.bseindia.com/xml-data/corpfiling/AttachLive/747dec2c-e682-4cfe-ab20-e9c8e979fa93.pdf,SBIMF Fortnightly Portfolio 15092026,2026-09-20T07:27:45.102593+00:00
69d057c7d87f4abf,BSE,SBI Infrastructure Fund - Regular Plan - Growth (9003768),,SBI Infrastructure Fund - Regular Plan - Growth (9003768),20-Sep-2026 12:56:42,https://www.bseindia.com/xml-data/corpfiling/AttachLive/747dec2c-e682-4cfe-ab20-e9c8e979fa93.pdf,SBIMF Fortnightly Portfolio 15092026,2026-09-20T07:27:45.102614+00:00
e89c44693044daff,BSE,SBI-SHF- Ultra Short Term - Institutional PLAN - Monthly IDCW (9003767),,SBI-SHF- Ultra Short Term - Institutional PLAN - Monthly IDCW (9003767),20-Sep-2026 12:56:42,https://www.bseindia.com/xml-data/corpfiling/AttachLive/747dec2c-e682-4cfe-ab20-e9c8e979fa93.pdf,SBIMF Fortnightly Portfolio 15092026,2026-09-20T07:27:45.102637+00:00
6940cc2d7dc2f3e3,BSE,SBI-SHF- Ultra Short Term Fund - Institutional PLAN - Fortnightly IDCW (9003766),,SBI-SHF- Ultra Short Term Fund - Institutional PLAN - Fortnightly IDCW (9003766),20-Sep-2026 12:56:42,https://www.bseindia.com/xml-data/corpfiling/AttachLive/747dec2c-e682-4cfe-ab20-e9c8e979fa93.pdf,SBIMF Fortnightly Portfolio 15092026,2026-09-20T07:27:45.102665+00:00
012ae886b9bde5b8,BSE,SBI - SHF- Ultra Short Term Fund - Institutional PLAN -Weekly IDCW (9003765),,SBI - SHF- Ultra Short Term Fund - Institutional PLAN -Weekly IDCW (9003765),20-Sep-2026 12:56:42,https://www.bseindia.com/xml-data/corpfiling/AttachLive/747dec2c-e682-4cfe-ab20-e9c8e979fa93.pdf,SBIMF Fortnightly Portfolio 15092026,2026-09-20T07:27:45.102687+00:00
2cdff55024ee575a,BSE,SBI Premier Liquid Fund - Super Institutional - Daily IDCW (9003764),,SBI Premier Liquid Fund - Super Institutional - Daily IDCW (9003764),20-Sep-2026 12:56:42,https://www.bseindia.com/xml-data/corpfiling/AttachLive/747dec2c-e682-4cfe-ab20-e9c8e979fa93.pdf,SBIMF Fortnightly Portfolio 15092026,2026-09-20T07:27:45.102709+00:00
107e04302ed778ec,BSE,SBI-SHF- Ultra Short Term Fund - Institutional PLAN - Daily IDCW (9003763),,SBI-SHF- Ultra Short Term Fund - Institutional PLAN - Daily IDCW (9003763),20-Sep-2026 12:56:42,https://www.bseindia.com/xml-data/corpfiling/AttachLive/747dec2c-e682-4cfe-ab20-e9c8e979fa93.pdf,SBIMF Fortnightly Portfolio 15092026,2026-09-20T07:27:45.102731+00:00
fcb127cf20c35658,BSE,SBI-SHF- Ultra Short Term Fund - Institutional PLAN - Growth (9003762),,SBI-SHF- Ultra Short Term Fund - Institutional PLAN - Growth (9003762),20-Sep-2026 12:56:42,https://www.bseindia.com/xml-data/corpfiling/AttachLive/747dec2c-e682-4cfe-ab20-e9c8e979fa93.pdf,SBIMF Fortnightly Portfolio 15092026,2026-09-20T07:27:45.102754+00:00
59d359d07bed230c,BSE,SBI-SHF- Ultra Short Term Fund - Retail PLAN - Monthly IDCW (9003761),,SBI-SHF- Ultra Short Term Fund - Retail PLAN - Monthly IDCW (9003761),20-Sep-2026 12:56:42,https://www.bseindia.com/xml-data/corpfiling/AttachLive/747dec2c-e682-4cfe-ab20-e9c8e979fa93.pdf,SBIMF Fortnightly Portfolio 15092026,2026-09-20T07:27:45.102776+00:00
d4a61f0f81e0ee4b,BSE,SBI-SHF- Ultra Short Term Fund - Retail PLAN - Fortnightly IDCW (9003760),,SBI-SHF- Ultra Short Term Fund - Retail PLAN - Fortnightly IDCW (9003760),20-Sep-2026 12:56:42,https://www.bseindia.com/xml-data/corpfiling/AttachLive/747dec2c-e682-4cfe-ab20-e9c8e979fa93.pdf,SBIMF Fortnightly Portfolio 15092026,2026-09-20T07:27:45.102799+00:00
01d33f6d7172363f,BSE,SBI Short Term Debt Fund - Regular Plan - Monthly IDCW (9003759),,SBI Short Term Debt Fund - Regular Plan - Monthly IDCW (9003759),20-Sep-2026 12:56:42,https://www.bseindia.com/xml-data/corpfiling/AttachLive/747dec2c-e682-4cfe-ab20-e9c8e979fa93.pdf,SBIMF Fortnightly Portfolio 15092026,2026-09-20T07:27:45.102822+00:00
2ebf0e8dd10fabbc,BSE,SBI Short Term Debt Fund - Regular Plan Fortnightly IDCW (9003758),,SBI Short Term Debt Fund - Regular Plan Fortnightly IDCW (9003758),20-Sep-2026 12:56:42,https://www.bseindia.com/xml-data/corpfiling/AttachLive/747dec2c-e682-4cfe-ab20-e9c8e979fa93.pdf,SBIMF Fortnightly Portfolio 15092026,2026-09-20T07:27:45.102844+00:00
ecf20db573f6f846,BSE,SBI Short Term Debt Fund - Regular Plan Weekly IDCW (9003757),,SBI Short Term Debt Fund - Regular Plan Weekly IDCW (9003757),20-Sep-2026 12:56:42,https://www.bseindia.com/xml-data/corpfiling/AttachLive/747dec2c-e682-4cfe-ab20-e9c8e979fa93.pdf,SBIMF Fortnightly Portfolio 15092026,2026-09-20T07:27:45.102865+00:00
016e2d8af995a07c,BSE,SBI Short Term Debt Fund - Regular Plan - Growth (9003756),,SBI Short Term Debt Fund - Regular Plan - Growth (9003756),20-Sep-2026 12:56:42,https://www.bseindia.com/xml-data/corpfiling/AttachLive/747dec2c-e682-4cfe-ab20-e9c8e979fa93.pdf,SBIMF Fortnightly Portfolio 15092026,2026-09-20T07:27:45.102887+00:00
ca1e48ecd63494c1,BSE,SBI SHDF-Short Term-Retail Plan-Monthly IDCW (9003755),,SBI SHDF-Short Term-Retail Plan-Monthly IDCW (9003755),20-Sep-2026 12:56:42,https://www.bseindia.com/xml-data/corpfiling/AttachLive/747dec2c-e682-4cfe-ab20-e9c8e979fa93.pdf,SBIMF Fortnightly Portfolio 15092026,2026-09-20T07:27:45.102908+00:00
b7307f76323271ea,BSE,SBI SHDF-Short Term-Retail Plan-Fortnightly IDCW (9003754),,SBI SHDF-Short Term-Retail Plan-Fortnightly IDCW (9003754),20-Sep-2026 12:56:42,https://www.bseindia.com/xml-data/corpfiling/AttachLive/747dec2c-e682-4cfe-ab20-e9c8e979fa93.pdf,SBIMF Fortnightly Portfolio 15092026,2026-09-20T07:27:45.102929+00:00
054bbcfd7b2b32a0,BSE,SBI SHDF-Short Term-Retail Plan-Weekly IDCW (9003753),,SBI SHDF-Short Term-Retail Plan-Weekly IDCW (9003753),20-Sep-2026 12:56:42,https://www.bseindia.com/xml-data/corpfiling/AttachLive/747dec2c-e682-4cfe-ab20-e9c8e979fa93.pdf,SBIMF Fortnightly Portfolio 15092026,2026-09-20T07:27:45.102952+00:00
bb162195b635db38,BSE,SBI SHDF-Short Term-Retail Plan-Growth (9003752),,SBI SHDF-Short Term-Retail Plan-Growth (9003752),20-Sep-2026 12:56:42,https://www.bseindia.com/xml-data/corpfiling/AttachLive/747dec2c-e682-4cfe-ab20-e9c8e979fa93.pdf,SBIMF Fortnightly Portfolio 15092026,2026-09-20T07:27:45.102973+00:00
d32acbdf9913178d,BSE,SBI ESG Exclusionary Strategy Fund Regular Growth (9003751),,SBI ESG Exclusionary Strategy Fund Regular Growth (9003751),20-Sep-2026 12:56:42,https://www.bseindia.com/xml-data/corpfiling/AttachLive/747dec2c-e682-4cfe-ab20-e9c8e979fa93.pdf,SBIMF Fortnightly Portfolio 15092026,2026-09-20T07:27:45.102995+00:00
1e939d3a9a0a0a04,BSE,SBI Fixed Maturity Plan (FMP)- Series 74 (1243 Days) Direct Plan IDCW (9003750),,SBI Fixed Maturity Plan (FMP)- Series 74 (1243 Days) Direct Plan IDCW (9003750),20-Sep-2026 12:56:42,https://www.bseindia.com/xml-data/corpfiling/AttachLive/747dec2c-e682-4cfe-ab20-e9c8e979fa93.pdf,SBIMF Fortnightly Portfolio 15092026,2026-09-20T07:27:45.103018+00:00
7f5086daf6d20975,BSE,SBI Arbitrage Opportunities Fund - Regular Plan - Growth (9003749),,SBI Arbitrage Opportunities Fund - Regular Plan - Growth (9003749),20-Sep-2026 12:56:42,https://www.bseindia.com/xml-data/corpfiling/AttachLive/747dec2c-e682-4cfe-ab20-e9c8e979fa93.pdf,SBIMF Fortnightly Portfolio 15092026,2026-09-20T07:27:45.103039+00:00
31a043d329ac8565,BSE,SBI Arbitrage Opportunities Fund - Regular Plan - IDCW (9003748),,SBI Arbitrage Opportunities Fund - Regular Plan - IDCW (9003748),20-Sep-2026 12:56:42,https://www.bseindia.com/xml-data/corpfiling/AttachLive/747dec2c-e682-4cfe-ab20-e9c8e979fa93.pdf,SBIMF Fortnightly Portfolio 15092026,2026-09-20T07:27:45.103061+00:00
a58ba10c0a126a4c,BSE,SBI ESG Exclusionary Strategy Fund Regular Plan - IDCW Payout (9003747),,SBI ESG Exclusionary Strategy Fund Regular Plan - IDCW Payout (9003747),20-Sep-2026 12:56:42,https://www.bseindia.com/xml-data/corpfiling/AttachLive/747dec2c-e682-4cfe-ab20-e9c8e979fa93.pdf,SBIMF Fortnightly Portfolio 15092026,2026-09-20T07:27:45.103085+00:00
7b0d444536e4c176,BSE,SBI Fixed Maturity Plan (FMP)-Series 81 (1157 Days) Regular Growth (9003746),,SBI Fixed Maturity Plan (FMP)-Series 81 (1157 Days) Regular Growth (9003746),20-Sep-2026 12:56:42,https://www.bseindia.com/xml-data/corpfiling/AttachLive/747dec2c-e682-4cfe-ab20-e9c8e979fa93.pdf,SBIMF Fortnightly Portfolio 15092026,2026-09-20T07:27:45.103108+00:00
22abfd58f455c778,BSE,SBI Credit Risk Fund - Regular Plan - IDCW Payout (9003745),,SBI Credit Risk Fund - Regular Plan - IDCW Payout (9003745),20-Sep-2026 12:56:42,https://www.bseindia.com/xml-data/corpfiling/AttachLive/747dec2c-e682-4cfe-ab20-e9c8e979fa93.pdf,SBIMF Fortnightly Portfolio 15092026,2026-09-20T07:27:45.103132+00:00
a529cfebf0aea831,BSE,SBI Healthcare Opportunities Fund - Regular Plan - IDCW Payout (9003744),,SBI Healthcare Opportunities Fund - Regular Plan - IDCW Payout (9003744),20-Sep-2026 12:56:42,https://www.bseindia.com/xml-data/corpfiling/AttachLive/747dec2c-e682-4cfe-ab20-e9c8e979fa93.pdf,SBIMF Fortnightly Portfolio 15092026,2026-09-20T07:27:45.103154+00:00
b6a4659bc73c014f,BSE,SBI Credit Risk Fund - Regular Plan - IDCW (9003743),,SBI Credit Risk Fund - Regular Plan - IDCW (9003743),20-Sep-2026 12:56:42,https://www.bseindia.com/xml-data/corpfiling/AttachLive/747dec2c-e682-4cfe-ab20-e9c8e979fa93.pdf,SBIMF Fortnightly Portfolio 15092026,2026-09-20T07:27:45.103175+00:00
e1f3270fd15abd5d,BSE,SBI Savings Fund - Regular Plan - Growth (9003742),,SBI Savings Fund - Regular Plan - Growth (9003742),20-Sep-2026 12:56:42,https://www.bseindia.com/xml-data/corpfiling/AttachLive/747dec2c-e682-4cfe-ab20-e9c8e979fa93.pdf,SBIMF Fortnightly Portfolio 15092026,2026-09-20T07:27:45.103196+00:00
894c52f3053b939c,BSE,SBI Savings Fund - Regular Plan - IDCW (9003741),,SBI Savings Fund - Regular Plan - IDCW (9003741),20-Sep-2026 12:56:42,https://www.bseindia.com/xml-data/corpfiling/AttachLive/747dec2c-e682-4cfe-ab20-e9c8e979fa93.pdf,SBIMF Fortnightly Portfolio 15092026,2026-09-20T07:27:45.103216+00:00
c1497c2ab0b6408c,BSE,SBI Magnum Income Fund - Regular Plan - Bonus (9003740),,SBI Magnum Income Fund - Regular Plan - Bonus (9003740),20-Sep-2026 12:56:42,https://www.bseindia.com/xml-data/corpfiling/AttachLive/747dec2c-e682-4cfe-ab20-e9c8e979fa93.pdf,SBIMF Fortnightly Portfolio 15092026,2026-09-20T07:27:45.103237+00:00
3fb48c2bf92ebdae,BSE,SBI Magnum Income Fund - Regular Plan - Growth (9003739),,SBI Magnum Income Fund - Regular Plan - Growth (9003739),20-Sep-2026 12:56:42,https://www.bseindia.com/xml-data/corpfiling/AttachLive/747dec2c-e682-4cfe-ab20-e9c8e979fa93.pdf,SBIMF Fortnightly Portfolio 15092026,2026-09-20T07:27:45.103259+00:00
9b5fd7a55b435927,BSE,SBI Magnum Income Fund - Regular Plan - IDCW (9003738),,SBI Magnum Income Fund - Regular Plan - IDCW (9003738),20-Sep-2026 12:56:42,https://www.bseindia.com/xml-data/corpfiling/AttachLive/747dec2c-e682-4cfe-ab20-e9c8e979fa93.pdf,SBIMF Fortnightly Portfolio 15092026,2026-09-20T07:27:45.103280+00:00
c844b21db0060f9a,BSE,SBI Nifty Index Fund - Regular Plan - Growth (9003737),,SBI Nifty Index Fund - Regular Plan - Growth (9003737),20-Sep-2026 12:56:42,https://www.bseindia.com/xml-data/corpfiling/AttachLive/747dec2c-e682-4cfe-ab20-e9c8e979fa93.pdf,SBIMF Fortnightly Portfolio 15092026,2026-09-20T07:27:45.103302+00:00
f7271ebf446246b1,BSE,SBI Magnum Constant Maturity Fund Regular Growth (9003736),,SBI Magnum Constant Maturity Fund Regular Growth (9003736),20-Sep-2026 12:56:42,https://www.bseindia.com/xml-data/corpfiling/AttachLive/747dec2c-e682-4cfe-ab20-e9c8e979fa93.pdf,SBIMF Fortnightly Portfolio 15092026,2026-09-20T07:27:45.103326+00:00
ed8320c7b4b65063,BSE,SBI Magnum Constant Maturity Fund - Regular Plan - IDCW (9003735),,SBI Magnum Constant Maturity Fund - Regular Plan - IDCW (9003735),20-Sep-2026 12:56:42,https://www.bseindia.com/xml-data/corpfiling/AttachLive/747dec2c-e682-4cfe-ab20-e9c8e979fa93.pdf,SBIMF Fortnightly Portfolio 15092026,2026-09-20T07:27:45.103350+00:00
dbc899e8b72edee2,BSE,SBI Flexicap Fund - Regular Plan - Growth (9003734),,SBI Flexicap Fund - Regular Plan - Growth (9003734),20-Sep-2026 12:56:42,https://www.bseindia.com/xml-data/corpfiling/AttachLive/747dec2c-e682-4cfe-ab20-e9c8e979fa93.pdf,SBIMF Fortnightly Portfolio 15092026,2026-09-20T07:27:45.103372+00:00
7b26e0009b6f349a,BSE,SBI Consumption Opportunities Fund - Regular Plan - IDCW Payout (9003733),,SBI Consumption Opportunities Fund - Regular Plan - IDCW Payout (9003733),20-Sep-2026 12:56:42,https://www.bseindia.com/xml-data/corpfiling/AttachLive/747dec2c-e682-4cfe-ab20-e9c8e979fa93.pdf,SBIMF Fortnightly Portfolio 15092026,2026-09-20T07:27:45.103394+00:00
22f01d349db1e27a,BSE,SBI Contra Fund - Regular Plan - Growth (9003732),,SBI Contra Fund - Regular Plan - Growth (9003732),20-Sep-2026 12:56:42,https://www.bseindia.com/xml-data/corpfiling/AttachLive/747dec2c-e682-4cfe-ab20-e9c8e979fa93.pdf,SBIMF Fortnightly Portfolio 15092026,2026-09-20T07:27:45.103415+00:00
6a7537da8fae914c,BSE,SBI Blue Chip Fund - Regular Plan - IDCW (9003731),,SBI Blue Chip Fund - Regular Plan - IDCW (9003731),20-Sep-2026 12:56:42,https://www.bseindia.com/xml-data/corpfiling/AttachLive/747dec2c-e682-4cfe-ab20-e9c8e979fa93.pdf,SBIMF Fortnightly Portfolio 15092026,2026-09-20T07:27:45.103436+00:00
ce8427b8601a3354,BSE,SBI Multi Asset Allocation Fund - Regular Plan - Annual IDCW (9003730),,SBI Multi Asset Allocation Fund - Regular Plan - Annual IDCW (9003730),20-Sep-2026 12:56:42,https://www.bseindia.com/xml-data/corpfiling/AttachLive/747dec2c-e682-4cfe-ab20-e9c8e979fa93.pdf,SBIMF Fortnightly Portfolio 15092026,2026-09-20T07:27:45.103458+00:00
63714f5296cd65aa,BSE,SBI Multi Asset Allocation Fund - Regular Plan - Quarterly IDCW (9003729),,SBI Multi Asset Allocation Fund - Regular Plan - Quarterly IDCW (9003729),20-Sep-2026 12:56:42,https://www.bseindia.com/xml-data/corpfiling/AttachLive/747dec2c-e682-4cfe-ab20-e9c8e979fa93.pdf,SBIMF Fortnightly Portfolio 15092026,2026-09-20T07:27:45.103479+00:00
838f9470d3ca1468,BSE,SBI Multi Asset Allocation Fund - Regular Plan - Monthly IDCW (9003728),,SBI Multi Asset Allocation Fund - Regular Plan - Monthly IDCW (9003728),20-Sep-2026 12:56:42,https://www.bseindia.com/xml-data/corpfiling/AttachLive/747dec2c-e682-4cfe-ab20-e9c8e979fa93.pdf,SBIMF Fortnightly Portfolio 15092026,2026-09-20T07:27:45.103501+00:00
e1cfecace1c68959,BSE,SBI Multi Asset Allocation Fund Regular Growth (9003727),,SBI Multi Asset Allocation Fund Regular Growth (9003727),20-Sep-2026 12:56:42,https://www.bseindia.com/xml-data/corpfiling/AttachLive/747dec2c-e682-4cfe-ab20-e9c8e979fa93.pdf,SBIMF Fortnightly Portfolio 15092026,2026-09-20T07:27:45.103524+00:00
def9a7288bba5db5,BSE,SBI Long Term Advantage Fund - Series I - Regular Plan - IDCW (9003726),,SBI Long Term Advantage Fund - Series I - Regular Plan - IDCW (9003726),20-Sep-2026 12:56:42,https://www.bseindia.com/xml-data/corpfiling/AttachLive/747dec2c-e682-4cfe-ab20-e9c8e979fa93.pdf,SBIMF Fortnightly Portfolio 15092026,2026-09-20T07:27:45.103547+00:00
f3a41e8f2e3d0677,BSE,SBI Savings Fund - Regular Plan Daily IDCW (9003725),,SBI Savings Fund - Regular Plan Daily IDCW (9003725),20-Sep-2026 12:56:42,https://www.bseindia.com/xml-data/corpfiling/AttachLive/747dec2c-e682-4cfe-ab20-e9c8e979fa93.pdf,SBIMF Fortnightly Portfolio 15092026,2026-09-20T07:27:45.103570+00:00
a59977234603f126,BSE,SBI Equity Hybrid Fund Regular Growth (9003724),,SBI Equity Hybrid Fund Regular Growth (9003724),20-Sep-2026 12:56:42,https://www.bseindia.com/xml-data/corpfiling/AttachLive/747dec2c-e682-4cfe-ab20-e9c8e979fa93.pdf,SBIMF Fortnightly Portfolio 15092026,2026-09-20T07:27:45.103592+00:00
dab4e2ec862f8c90,BSE,SBI Healthcare Opportunities Fund Regular Growth (9003723),,SBI Healthcare Opportunities Fund Regular Growth (9003723),20-Sep-2026 12:56:42,https://www.bseindia.com/xml-data/corpfiling/AttachLive/747dec2c-e682-4cfe-ab20-e9c8e979fa93.pdf,SBIMF Fortnightly Portfolio 15092026,2026-09-20T07:27:45.103615+00:00
c48962d6acfce1ed,BSE,SBI Blue Chip Fund - Regular Plan - Growth (9003722),,SBI Blue Chip Fund - Regular Plan - Growth (9003722),20-Sep-2026 12:56:42,https://www.bseindia.com/xml-data/corpfiling/AttachLive/747dec2c-e682-4cfe-ab20-e9c8e979fa93.pdf,SBIMF Fortnightly Portfolio 15092026,2026-09-20T07:27:45.103636+00:00
264eaa7745cf71e1,BSE,SBI Magnum Global Fund - Regular Plan - Growth (9003721),,SBI Magnum Global Fund - Regular Plan - Growth (9003721),20-Sep-2026 12:56:42,https://www.bseindia.com/xml-data/corpfiling/AttachLive/747dec2c-e682-4cfe-ab20-e9c8e979fa93.pdf,SBIMF Fortnightly Portfolio 15092026,2026-09-20T07:27:45.103662+00:00
73aa91cf56f5820e,BSE,SBI Flexicap Fund - Regular Plan - IDCW (9003720),,SBI Flexicap Fund - Regular Plan - IDCW (9003720),20-Sep-2026 12:56:42,https://www.bseindia.com/xml-data/corpfiling/AttachLive/747dec2c-e682-4cfe-ab20-e9c8e979fa93.pdf,SBIMF Fortnightly Portfolio 15092026,2026-09-20T07:27:45.103683+00:00
dfa895f1468fa303,BSE,SBI Magnum Comma Fund - Regular Plan - Growth (9003719),,SBI Magnum Comma Fund - Regular Plan - Growth (9003719),20-Sep-2026 12:56:42,https://www.bseindia.com/xml-data/corpfiling/AttachLive/747dec2c-e682-4cfe-ab20-e9c8e979fa93.pdf,SBIMF Fortnightly Portfolio 15092026,2026-09-20T07:27:45.103705+00:00
0fe4135a835663fb,BSE,SBI Premier Liquid Fund - Institutional - Fortnightly IDCW (9003718),,SBI Premier Liquid Fund - Institutional - Fortnightly IDCW (9003718),20-Sep-2026 12:56:42,https://www.bseindia.com/xml-data/corpfiling/AttachLive/747dec2c-e682-4cfe-ab20-e9c8e979fa93.pdf,SBIMF Fortnightly Portfolio 15092026,2026-09-20T07:27:45.103728+00:00
507d27ed9ca9db2a,BSE,SBI Premier Liquid Fund - Institutional - Weekly IDCW (9003717),,SBI Premier Liquid Fund - Institutional - Weekly IDCW (9003717),20-Sep-2026 12:56:42,https://www.bseindia.com/xml-data/corpfiling/AttachLive/747dec2c-e682-4cfe-ab20-e9c8e979fa93.pdf,SBIMF Fortnightly Portfolio 15092026,2026-09-20T07:27:45.103751+00:00
ce0556387e31bff8,BSE,SBI Savings Fund - Regular Plan Weekly IDCW (9003716),,SBI Savings Fund - Regular Plan Weekly IDCW (9003716),20-Sep-2026 12:56:42,https://www.bseindia.com/xml-data/corpfiling/AttachLive/747dec2c-e682-4cfe-ab20-e9c8e979fa93.pdf,SBIMF Fortnightly Portfolio 15092026,2026-09-20T07:27:45.103773+00:00
a9cb42cf4d00b08c,BSE,SBI Large & Midcap Fund - Regular Plan - IDCW (9003715),,SBI Large & Midcap Fund - Regular Plan - IDCW (9003715),20-Sep-2026 12:56:42,https://www.bseindia.com/xml-data/corpfiling/AttachLive/747dec2c-e682-4cfe-ab20-e9c8e979fa93.pdf,SBIMF Fortnightly Portfolio 15092026,2026-09-20T07:27:45.103796+00:00
8d9db692e799e410,BSE,SBI Magnum Comma Fund - Regular Plan - IDCW (9003714),,SBI Magnum Comma Fund - Regular Plan - IDCW (9003714),20-Sep-2026 12:56:42,https://www.bseindia.com/xml-data/corpfiling/AttachLive/747dec2c-e682-4cfe-ab20-e9c8e979fa93.pdf,SBIMF Fortnightly Portfolio 15092026,2026-09-20T07:27:45.103817+00:00
fd879864c8b2606b,BSE,SBI Large & Midcap Fund Regular Growth (9003713),,SBI Large & Midcap Fund Regular Growth (9003713),20-Sep-2026 12:56:42,https://www.bseindia.com/xml-data/corpfiling/AttachLive/747dec2c-e682-4cfe-ab20-e9c8e979fa93.pdf,SBIMF Fortnightly Portfolio 15092026,2026-09-20T07:27:45.103838+00:00
5c2f0132baa68f65,BSE,SBI Energy Opportunities Fund- Regular Growth (9003712),,SBI Energy Opportunities Fund- Regular Growth (9003712),20-Sep-2026 12:56:42,https://www.bseindia.com/xml-data/corpfiling/AttachLive/747dec2c-e682-4cfe-ab20-e9c8e979fa93.pdf,SBIMF Fortnightly Portfolio 15092026,2026-09-20T07:27:45.103859+00:00
66f1264aebd38c69,BSE,SBI Fixed Maturity Plan (FMP) - Series 64 (1169 Days) Direct Plan - IDCW (9003711),,SBI Fixed Maturity Plan (FMP) - Series 64 (1169 Days) Direct Plan - IDCW (9003711),20-Sep-2026 12:56:42,https://www.bseindia.com/xml-data/corpfiling/AttachLive/747dec2c-e682-4cfe-ab20-e9c8e979fa93.pdf,SBIMF Fortnightly Portfolio 15092026,2026-09-20T07:27:45.103883+00:00
a8bd518928a08bf7,BSE,SBI Magnum MidCap Fund - Regular Plan - Growth (9003710),,SBI Magnum MidCap Fund - Regular Plan - Growth (9003710),20-Sep-2026 12:56:42,https://www.bseindia.com/xml-data/corpfiling/AttachLive/747dec2c-e682-4cfe-ab20-e9c8e979fa93.pdf,SBIMF Fortnightly Portfolio 15092026,2026-09-20T07:27:45.103904+00:00
bea79305150bc085,BSE,SBI Magnum MidCap Fund - Regular Plan - IDCW (9003709),,SBI Magnum MidCap Fund - Regular Plan - IDCW (9003709),20-Sep-2026 12:56:42,https://www.bseindia.com/xml-data/corpfiling/AttachLive/747dec2c-e682-4cfe-ab20-e9c8e979fa93.pdf,SBIMF Fortnightly Portfolio 15092026,2026-09-20T07:27:45.103927+00:00
52caa6cb5d7e2073,BSE,SBI - Magnum Insta Cash Fund Liquid Floater Plan - IDCW (9003708),,SBI - Magnum Insta Cash Fund Liquid Floater Plan - IDCW (9003708),20-Sep-2026 12:56:42,https://www.bseindia.com/xml-data/corpfiling/AttachLive/747dec2c-e682-4cfe-ab20-e9c8e979fa93.pdf,SBIMF Fortnightly Portfolio 15092026,2026-09-20T07:27:45.103948+00:00
3a443829ca4214c8,BSE,SBI - Magnum Insta Cash Fund Liquid Floater Plan - Growth (9003707),,SBI - Magnum Insta Cash Fund Liquid Floater Plan - Growth (9003707),20-Sep-2026 12:56:42,https://www.bseindia.com/xml-data/corpfiling/AttachLive/747dec2c-e682-4cfe-ab20-e9c8e979fa93.pdf,SBIMF Fortnightly Portfolio 15092026,2026-09-20T07:27:45.103970+00:00
b7e7ecd96f1ddca0,BSE,SBI Premier Liquid Fund - Institutional - Growth (9003706),,SBI Premier Liquid Fund - Institutional - Growth (9003706),20-Sep-2026 12:56:42,https://www.bseindia.com/xml-data/corpfiling/AttachLive/747dec2c-e682-4cfe-ab20-e9c8e979fa93.pdf,SBIMF Fortnightly Portfolio 15092026,2026-09-20T07:27:45.103991+00:00
0b15acd44ed588f7,BSE,SBI Premier Liquid Fund - Institutional - Daily IDCW (9003705),,SBI Premier Liquid Fund - Institutional - Daily IDCW (9003705),20-Sep-2026 12:56:42,https://www.bseindia.com/xml-data/corpfiling/AttachLive/747dec2c-e682-4cfe-ab20-e9c8e979fa93.pdf,SBIMF Fortnightly Portfolio 15092026,2026-09-20T07:27:45.104013+00:00
fc9861a68749392c,BSE,SBI Nifty Index Fund - Regular Plan - IDCW Payout (9003704),,SBI Nifty Index Fund - Regular Plan - IDCW Payout (9003704),20-Sep-2026 12:56:42,https://www.bseindia.com/xml-data/corpfiling/AttachLive/747dec2c-e682-4cfe-ab20-e9c8e979fa93.pdf,SBIMF Fortnightly Portfolio 15092026,2026-09-20T07:27:45.104034+00:00
5b9142444b6aa867,BSE,SBI Magnum Global Fund - Regular Plan - IDCW Payout (9003703),,SBI Magnum Global Fund - Regular Plan - IDCW Payout (9003703),20-Sep-2026 12:56:42,https://www.bseindia.com/xml-data/corpfiling/AttachLive/747dec2c-e682-4cfe-ab20-e9c8e979fa93.pdf,SBIMF Fortnightly Portfolio 15092026,2026-09-20T07:27:45.104057+00:00
6a0acb63f95596de,BSE,SBI Multicap Fund - Direct Plan - IDCW (9003702),,SBI Multicap Fund - Direct Plan - IDCW (9003702),20-Sep-2026 12:56:42,https://www.bseindia.com/xml-data/corpfiling/AttachLive/747dec2c-e682-4cfe-ab20-e9c8e979fa93.pdf,SBIMF Fortnightly Portfolio 15092026,2026-09-20T07:27:45.104079+00:00
c4e4d918ee22bd71,BSE,SBI Magnum Global Fund - Regular Plan - IDCW (9003701),,SBI Magnum Global Fund - Regular Plan - IDCW (9003701),20-Sep-2026 12:56:42,https://www.bseindia.com/xml-data/corpfiling/AttachLive/747dec2c-e682-4cfe-ab20-e9c8e979fa93.pdf,SBIMF Fortnightly Portfolio 15092026,2026-09-20T07:27:45.104103+00:00
8908feebb625dca0,BSE,SBI Dynamic Bond Fund - Regular Plan - Growth (9003700),,SBI Dynamic Bond Fund - Regular Plan - Growth (9003700),20-Sep-2026 12:56:42,https://www.bseindia.com/xml-data/corpfiling/AttachLive/747dec2c-e682-4cfe-ab20-e9c8e979fa93.pdf,SBIMF Fortnightly Portfolio 15092026,2026-09-20T07:27:45.104125+00:00
c45c41aecf28523e,BSE,SBI Dynamic Bond Fund - Regular Plan - IDCW (9003699),,SBI Dynamic Bond Fund - Regular Plan - IDCW (9003699),20-Sep-2026 12:56:42,https://www.bseindia.com/xml-data/corpfiling/AttachLive/747dec2c-e682-4cfe-ab20-e9c8e979fa93.pdf,SBIMF Fortnightly Portfolio 15092026,2026-09-20T07:27:45.104151+00:00
e1a6efb898fefe23,BSE,SBI Nifty Midcap 150 Index Fund - Direct Plan - IDCW Payout (9003698),,SBI Nifty Midcap 150 Index Fund - Direct Plan - IDCW Payout (9003698),20-Sep-2026 12:56:42,https://www.bseindia.com/xml-data/corpfiling/AttachLive/747dec2c-e682-4cfe-ab20-e9c8e979fa93.pdf,SBIMF Fortnightly Portfolio 15092026,2026-09-20T07:27:45.104174+00:00
4521a9c3fb1644cd,BSE,SBI Magnum Medium Duration Fund - Regular Plan - IDCW (9003697),,SBI Magnum Medium Duration Fund - Regular Plan - IDCW (9003697),20-Sep-2026 12:56:42,https://www.bseindia.com/xml-data/corpfiling/AttachLive/747dec2c-e682-4cfe-ab20-e9c8e979fa93.pdf,SBIMF Fortnightly Portfolio 15092026,2026-09-20T07:27:45.104196+00:00
399b248366bee0fe,BSE,SBI Magnum Medium Duration Fund Regular Growth (9003696),,SBI Magnum Medium Duration Fund Regular Growth (9003696),20-Sep-2026 12:56:42,https://www.bseindia.com/xml-data/corpfiling/AttachLive/747dec2c-e682-4cfe-ab20-e9c8e979fa93.pdf,SBIMF Fortnightly Portfolio 15092026,2026-09-20T07:27:45.104217+00:00
cb49fcf52e6dca7b,BSE,SBI Magnum Gilt Fund Long Term Growth PF Fixed 3 Years (9003695),,SBI Magnum Gilt Fund Long Term Growth PF Fixed 3 Years (9003695),20-Sep-2026 12:56:41,https://www.bseindia.com/xml-data/corpfiling/AttachLive/747dec2c-e682-4cfe-ab20-e9c8e979fa93.pdf,SBIMF Fortnightly Portfolio 15092026,2026-09-20T07:27:45.104239+00:00
0a85230475815f41,BSE,SBI Magnum Gilt Fund Long Term Growth PF Fixed 2 Years (9003694),,SBI Magnum Gilt Fund Long Term Growth PF Fixed 2 Years (9003694),20-Sep-2026 12:56:41,https://www.bseindia.com/xml-data/corpfiling/AttachLive/747dec2c-e682-4cfe-ab20-e9c8e979fa93.pdf,SBIMF Fortnightly Portfolio 15092026,2026-09-20T07:27:45.104262+00:00
3f29352df18037c8,BSE,SBI Long Term Equity Fund - Regular Plan - IDCW (9003693),,SBI Long Term Equity Fund - Regular Plan - IDCW (9003693),20-Sep-2026 12:56:41,https://www.bseindia.com/xml-data/corpfiling/AttachLive/747dec2c-e682-4cfe-ab20-e9c8e979fa93.pdf,SBIMF Fortnightly Portfolio 15092026,2026-09-20T07:27:45.104283+00:00
28f1248c449a23f8,BSE,SBI - Magnum Insta Cash Fund - Cash Option (9003692),,SBI - Magnum Insta Cash Fund - Cash Option (9003692),20-Sep-2026 12:56:41,https://www.bseindia.com/xml-data/corpfiling/AttachLive/747dec2c-e682-4cfe-ab20-e9c8e979fa93.pdf,SBIMF Fortnightly Portfolio 15092026,2026-09-20T07:27:45.104304+00:00
79e51ca0ecbaaacd,BSE,SBI CPSE Bond Plus SDL Sep 2026 50:50 Index Fund - Direct Plan - IDCW Payout (9003691),,SBI CPSE Bond Plus SDL Sep 2026 50:50 Index Fund - Direct Plan - IDCW Payout (9003691),20-Sep-2026 12:56:41,https://www.bseindia.com/xml-data/corpfiling/AttachLive/747dec2c-e682-4cfe-ab20-e9c8e979fa93.pdf,SBIMF Fortnightly Portfolio 15092026,2026-09-20T07:27:45.104328+00:00
1f027459efcdfe0c,BSE,SBI Nifty Next 50 Index Fund - Regular Plan - IDCW Payout (9003690),,SBI Nifty Next 50 Index Fund - Regular Plan - IDCW Payout (9003690),20-Sep-2026 12:56:41,https://www.bseindia.com/xml-data/corpfiling/AttachLive/747dec2c-e682-4cfe-ab20-e9c8e979fa93.pdf,SBIMF Fortnightly Portfolio 15092026,2026-09-20T07:27:45.104351+00:00
fbbb0ee90fd6a57d,BSE,SBI Magnum Children's Benefit Fund - Savings Plan Regular Growth (9003689),,SBI Magnum Children's Benefit Fund - Savings Plan Regular Growth (9003689),20-Sep-2026 12:56:41,https://www.bseindia.com/xml-data/corpfiling/AttachLive/747dec2c-e682-4cfe-ab20-e9c8e979fa93.pdf,SBIMF Fortnightly Portfolio 15092026,2026-09-20T07:27:45.104374+00:00
00ada0f3cff30062,BSE,SBI Magnum Gilt Fund - Regular Plan - IDCW (9003688),,SBI Magnum Gilt Fund - Regular Plan - IDCW (9003688),20-Sep-2026 12:56:41,https://www.bseindia.com/xml-data/corpfiling/AttachLive/747dec2c-e682-4cfe-ab20-e9c8e979fa93.pdf,SBIMF Fortnightly Portfolio 15092026,2026-09-20T07:27:45.104395+00:00
a0224b854bdaae61,BSE,SBI Nifty Index Fund - Regular Plan - IDCW (9003687),,SBI Nifty Index Fund - Regular Plan - IDCW (9003687),20-Sep-2026 12:56:41,https://www.bseindia.com/xml-data/corpfiling/AttachLive/747dec2c-e682-4cfe-ab20-e9c8e979fa93.pdf,SBIMF Fortnightly Portfolio 15092026,2026-09-20T07:27:45.104416+00:00
473fc25ffb215e3a,BSE,SBI Consumption Opportunities Fund - Regular Plan - IDCW (9003686),,SBI Consumption Opportunities Fund - Regular Plan - IDCW (9003686),20-Sep-2026 12:56:41,https://www.bseindia.com/xml-data/corpfiling/AttachLive/747dec2c-e682-4cfe-ab20-e9c8e979fa93.pdf,SBIMF Fortnightly Portfolio 15092026,2026-09-20T07:27:45.104439+00:00
e71576ccedcd3a93,BSE,SBI ESG Exclusionary Strategy Fund Regular Plan - IDCW (9003685),,SBI ESG Exclusionary Strategy Fund Regular Plan - IDCW (9003685),20-Sep-2026 12:56:41,https://www.bseindia.com/xml-data/corpfiling/AttachLive/747dec2c-e682-4cfe-ab20-e9c8e979fa93.pdf,SBIMF Fortnightly Portfolio 15092026,2026-09-20T07:27:45.104462+00:00
3a90fdfd1190a0b7,BSE,SBI Fixed Maturity Plan (FMP)-Series 81 (1157 Days) Direct Plan- IDCW (9003684),,SBI Fixed Maturity Plan (FMP)-Series 81 (1157 Days) Direct Plan- IDCW (9003684),20-Sep-2026 12:56:41,https://www.bseindia.com/xml-data/corpfiling/AttachLive/747dec2c-e682-4cfe-ab20-e9c8e979fa93.pdf,SBIMF Fortnightly Portfolio 15092026,2026-09-20T07:27:45.104486+00:00
90ce7b057d85117e,BSE,SBI Dividend Yield Fund - Direct Plan - IDCW Payout (9003683),,SBI Dividend Yield Fund - Direct Plan - IDCW Payout (9003683),20-Sep-2026 12:56:41,https://www.bseindia.com/xml-data/corpfiling/AttachLive/747dec2c-e682-4cfe-ab20-e9c8e979fa93.pdf,SBIMF Fortnightly Portfolio 15092026,2026-09-20T07:27:45.104507+00:00
4ae67da05fee8037,BSE,SBI Nifty Consumption ETF (9003682),,SBI Nifty Consumption ETF (9003682),20-Sep-2026 12:56:41,https://www.bseindia.com/xml-data/corpfiling/AttachLive/747dec2c-e682-4cfe-ab20-e9c8e979fa93.pdf,SBIMF Fortnightly Portfolio 15092026,2026-09-20T07:27:45.104528+00:00
15a239b3201dd81c,BSE,SBI Magnum Gilt Fund - Long Term IDCW PF Fix 2 Years (9003681),,SBI Magnum Gilt Fund - Long Term IDCW PF Fix 2 Years (9003681),20-Sep-2026 12:56:41,https://www.bseindia.com/xml-data/corpfiling/AttachLive/747dec2c-e682-4cfe-ab20-e9c8e979fa93.pdf,SBIMF Fortnightly Portfolio 15092026,2026-09-20T07:27:45.104550+00:00
c545b731d9c45773,BSE,SBI Conservative Hybrid Fund Regular Quarterly IDCW Payout (9003680),,SBI Conservative Hybrid Fund Regular Quarterly IDCW Payout (9003680),20-Sep-2026 12:56:41,https://www.bseindia.com/xml-data/corpfiling/AttachLive/747dec2c-e682-4cfe-ab20-e9c8e979fa93.pdf,SBIMF Fortnightly Portfolio 15092026,2026-09-20T07:27:45.104572+00:00
910fb0d5338bf387,BSE,SBI Magnum Gilt Fund - Long Term IDCW PF Fix 1 Year (9003679),,SBI Magnum Gilt Fund - Long Term IDCW PF Fix 1 Year (9003679),20-Sep-2026 12:56:41,https://www.bseindia.com/xml-data/corpfiling/AttachLive/747dec2c-e682-4cfe-ab20-e9c8e979fa93.pdf,SBIMF Fortnightly Portfolio 15092026,2026-09-20T07:27:45.104596+00:00
b8154f41389f44b1,BSE,SBI BSE Sensex Index Fund-Regular Plan-Growth (9003678),,SBI BSE Sensex Index Fund-Regular Plan-Growth (9003678),20-Sep-2026 12:56:41,https://www.bseindia.com/xml-data/corpfiling/AttachLive/747dec2c-e682-4cfe-ab20-e9c8e979fa93.pdf,SBIMF Fortnightly Portfolio 15092026,2026-09-20T07:27:45.104619+00:00
d531314dad57ced5,BSE,SBI BSE Sensex Index Fund-Direct Plan-IDCW Payout (9003677),,SBI BSE Sensex Index Fund-Direct Plan-IDCW Payout (9003677),20-Sep-2026 12:56:41,https://www.bseindia.com/xml-data/corpfiling/AttachLive/747dec2c-e682-4cfe-ab20-e9c8e979fa93.pdf,SBIMF Fortnightly Portfolio 15092026,2026-09-20T07:27:45.104651+00:00
1f4aaa418c03aa2a,BSE,SBI Long Duration Fund - Direct Growth (9003676),,SBI Long Duration Fund - Direct Growth (9003676),20-Sep-2026 12:56:41,https://www.bseindia.com/xml-data/corpfiling/AttachLive/747dec2c-e682-4cfe-ab20-e9c8e979fa93.pdf,SBIMF Fortnightly Portfolio 15092026,2026-09-20T07:27:45.104675+00:00
9d1a2ed06614a6ae,BSE,SBI Fixed Maturity Plan (FMP) - Series 73 (1226 Days) Reg Growth (9003675),,SBI Fixed Maturity Plan (FMP) - Series 73 (1226 Days) Reg Growth (9003675),20-Sep-2026 12:56:41,https://www.bseindia.com/xml-data/corpfiling/AttachLive/747dec2c-e682-4cfe-ab20-e9c8e979fa93.pdf,SBIMF Fortnightly Portfolio 15092026,2026-09-20T07:27:45.104698+00:00
8c36c6b3d6ff18aa,BSE,SBI Long Term Advantage Fund - Series I - Direct Plan - IDCW (9003674),,SBI Long Term Advantage Fund - Series I - Direct Plan - IDCW (9003674),20-Sep-2026 12:56:41,https://www.bseindia.com/xml-data/corpfiling/AttachLive/747dec2c-e682-4cfe-ab20-e9c8e979fa93.pdf,SBIMF Fortnightly Portfolio 15092026,2026-09-20T07:27:45.104720+00:00
c6543fe868b4a70f,BSE,SBI Long Term Advantage Fund - Series I - Regular - Growth (9003673),,SBI Long Term Advantage Fund - Series I - Regular - Growth (9003673),20-Sep-2026 12:56:41,https://www.bseindia.com/xml-data/corpfiling/AttachLive/747dec2c-e682-4cfe-ab20-e9c8e979fa93.pdf,SBIMF Fortnightly Portfolio 15092026,2026-09-20T07:27:45.104742+00:00
aa1295f88f85f2d4,BSE,SBI Contra Fund - Regular Plan - IDCW (9003672),,SBI Contra Fund - Regular Plan - IDCW (9003672),20-Sep-2026 12:56:41,https://www.bseindia.com/xml-data/corpfiling/AttachLive/747dec2c-e682-4cfe-ab20-e9c8e979fa93.pdf,SBIMF Fortnightly Portfolio 15092026,2026-09-20T07:27:45.104763+00:00
b145fe2f76e43e9d,BSE,SBI Healthcare Opportunities Fund - Regular Plan - IDCW (9003671),,SBI Healthcare Opportunities Fund - Regular Plan - IDCW (9003671),20-Sep-2026 12:56:41,https://www.bseindia.com/xml-data/corpfiling/AttachLive/747dec2c-e682-4cfe-ab20-e9c8e979fa93.pdf,SBIMF Fortnightly Portfolio 15092026,2026-09-20T07:27:45.104786+00:00
34248152a5a21653,BSE,SBI Technology Opportunities Fund - Regular Plan - IDCW (9003670),,SBI Technology Opportunities Fund - Regular Plan - IDCW (9003670),20-Sep-2026 12:56:41,https://www.bseindia.com/xml-data/corpfiling/AttachLive/747dec2c-e682-4cfe-ab20-e9c8e979fa93.pdf,SBIMF Fortnightly Portfolio 15092026,2026-09-20T07:27:45.104807+00:00
07cc1b176b389541,BSE,SBI - Magnum Insta Cash Fund - IDCW (9003669),,SBI - Magnum Insta Cash Fund - IDCW (9003669),20-Sep-2026 12:56:41,https://www.bseindia.com/xml-data/corpfiling/AttachLive/747dec2c-e682-4cfe-ab20-e9c8e979fa93.pdf,SBIMF Fortnightly Portfolio 15092026,2026-09-20T07:27:45.104831+00:00
6b7a3236910b684a,BSE,SBI Equity Hybrid Fund - Regular Plan - IDCW (9003668),,SBI Equity Hybrid Fund - Regular Plan - IDCW (9003668),20-Sep-2026 12:56:41,https://www.bseindia.com/xml-data/corpfiling/AttachLive/747dec2c-e682-4cfe-ab20-e9c8e979fa93.pdf,SBIMF Fortnightly Portfolio 15092026,2026-09-20T07:27:45.104853+00:00
f10e869b6ccf5f02,BSE,SBI Conservative Hybrid Fund Regular Growth (9003667),,SBI Conservative Hybrid Fund Regular Growth (9003667),20-Sep-2026 12:56:41,https://www.bseindia.com/xml-data/corpfiling/AttachLive/747dec2c-e682-4cfe-ab20-e9c8e979fa93.pdf,SBIMF Fortnightly Portfolio 15092026,2026-09-20T07:27:45.104875+00:00
dd6204efecb1579a,BSE,SBI Conservative Hybrid Fund Regular Annual IDCW (9003666),,SBI Conservative Hybrid Fund Regular Annual IDCW (9003666),20-Sep-2026 12:56:41,https://www.bseindia.com/xml-data/corpfiling/AttachLive/747dec2c-e682-4cfe-ab20-e9c8e979fa93.pdf,SBIMF Fortnightly Portfolio 15092026,2026-09-20T07:27:45.104897+00:00
625155d5c7c8a393,BSE,SBI Conservative Hybrid Fund Regular Quarterly IDCW (9003665),,SBI Conservative Hybrid Fund Regular Quarterly IDCW (9003665),20-Sep-2026 12:56:41,https://www.bseindia.com/xml-data/corpfiling/AttachLive/747dec2c-e682-4cfe-ab20-e9c8e979fa93.pdf,SBIMF Fortnightly Portfolio 15092026,2026-09-20T07:27:45.104918+00:00
b3503f56176ab923,BSE,SBI Conservative Hybrid Fund Regular Monthly IDCW (9003664),,SBI Conservative Hybrid Fund Regular Monthly IDCW (9003664),20-Sep-2026 12:56:41,https://www.bseindia.com/xml-data/corpfiling/AttachLive/747dec2c-e682-4cfe-ab20-e9c8e979fa93.pdf,SBIMF Fortnightly Portfolio 15092026,2026-09-20T07:27:45.104939+00:00
a9b2368d00b193f0,BSE,SBI Credit Risk Fund Regular Growth (9003663),,SBI Credit Risk Fund Regular Growth (9003663),20-Sep-2026 12:56:41,https://www.bseindia.com/xml-data/corpfiling/AttachLive/747dec2c-e682-4cfe-ab20-e9c8e979fa93.pdf,SBIMF Fortnightly Portfolio 15092026,2026-09-20T07:27:45.104963+00:00
08cfe4426a59b765,BSE,SBI Magnum Gilt Fund Long Term Growth PF Fixed 1 Year (9003662),,SBI Magnum Gilt Fund Long Term Growth PF Fixed 1 Year (9003662),20-Sep-2026 12:56:41,https://www.bseindia.com/xml-data/corpfiling/AttachLive/747dec2c-e682-4cfe-ab20-e9c8e979fa93.pdf,SBIMF Fortnightly Portfolio 15092026,2026-09-20T07:27:45.104984+00:00
c6b5f11726e434d9,BSE,SBI Magnum Gilt Fund Long Term Growth PF Regular (9003661),,SBI Magnum Gilt Fund Long Term Growth PF Regular (9003661),20-Sep-2026 12:56:41,https://www.bseindia.com/xml-data/corpfiling/AttachLive/747dec2c-e682-4cfe-ab20-e9c8e979fa93.pdf,SBIMF Fortnightly Portfolio 15092026,2026-09-20T07:27:45.105005+00:00
061ae85f7f4035b0,BSE,SBI Energy Opportunities Fund - Regular Plan - IDCW Payout (9003660),,SBI Energy Opportunities Fund - Regular Plan - IDCW Payout (9003660),20-Sep-2026 12:56:41,https://www.bseindia.com/xml-data/corpfiling/AttachLive/747dec2c-e682-4cfe-ab20-e9c8e979fa93.pdf,SBIMF Fortnightly Portfolio 15092026,2026-09-20T07:27:45.105027+00:00
2ffaafe1459d3892,BSE,SBI Fixed Maturity Plan (FMP) - Series 73 (1226 Days) Direct Plan - IDCW (9003659),,SBI Fixed Maturity Plan (FMP) - Series 73 (1226 Days) Direct Plan - IDCW (9003659),20-Sep-2026 12:56:41,https://www.bseindia.com/xml-data/corpfiling/AttachLive/747dec2c-e682-4cfe-ab20-e9c8e979fa93.pdf,SBIMF Fortnightly Portfolio 15092026,2026-09-20T07:27:45.105050+00:00
8b5a3e9b58213a5b,BSE,SBI Magnum Gilt Fund Regular Growth (9003658),,SBI Magnum Gilt Fund Regular Growth (9003658),20-Sep-2026 12:56:41,https://www.bseindia.com/xml-data/corpfiling/AttachLive/747dec2c-e682-4cfe-ab20-e9c8e979fa93.pdf,SBIMF Fortnightly Portfolio 15092026,2026-09-20T07:27:45.105070+00:00
ec33b749e3b958ce,BSE,SBI Magnum Gilt Fund - Long Term IDCW PF Fix 3 Years (9003657),,SBI Magnum Gilt Fund - Long Term IDCW PF Fix 3 Years (9003657),20-Sep-2026 12:56:41,https://www.bseindia.com/xml-data/corpfiling/AttachLive/747dec2c-e682-4cfe-ab20-e9c8e979fa93.pdf,SBIMF Fortnightly Portfolio 15092026,2026-09-20T07:27:45.105093+00:00
cee4fce5b49775ce,BSE,SBI Focused Equity Fund - Regular Plan - IDCW (9003656),,SBI Focused Equity Fund - Regular Plan - IDCW (9003656),20-Sep-2026 12:56:41,https://www.bseindia.com/xml-data/corpfiling/AttachLive/747dec2c-e682-4cfe-ab20-e9c8e979fa93.pdf,SBIMF Fortnightly Portfolio 15092026,2026-09-20T07:27:45.105117+00:00
b43368eee79c0eac,BSE,SBI Focused Equity Fund Regular Growth (9003655),,SBI Focused Equity Fund Regular Growth (9003655),20-Sep-2026 12:56:41,https://www.bseindia.com/xml-data/corpfiling/AttachLive/747dec2c-e682-4cfe-ab20-e9c8e979fa93.pdf,SBIMF Fortnightly Portfolio 15092026,2026-09-20T07:27:45.105137+00:00
2fed868502bbc85d,BSE,SBI Nifty Smallcap 250 ETF,544763,SBI Nifty Smallcap 250 ETF (544763),20-Sep-2026 12:56:41,https://www.bseindia.com/xml-data/corpfiling/AttachLive/747dec2c-e682-4cfe-ab20-e9c8e979fa93.pdf,SBIMF Fortnightly Portfolio 15092026,2026-09-20T07:27:45.105161+00:00
e5705bd3fa6dfa86,BSE,SBI Nifty200 Value 30 ETF,544762,SBI Nifty200 Value 30 ETF (544762),20-Sep-2026 12:56:41,https://www.bseindia.com/xml-data/corpfiling/AttachLive/747dec2c-e682-4cfe-ab20-e9c8e979fa93.pdf,SBIMF Fortnightly Portfolio 15092026,2026-09-20T07:27:45.105184+00:00
253ec135c5ec6732,BSE,SBI Nifty Midcap 150 ETF,544745,SBI Nifty Midcap 150 ETF (544745),20-Sep-2026 12:56:41,https://www.bseindia.com/xml-data/corpfiling/AttachLive/747dec2c-e682-4cfe-ab20-e9c8e979fa93.pdf,SBIMF Fortnightly Portfolio 15092026,2026-09-20T07:27:45.105204+00:00
d725a54bb3f6114d,BSE,SBI Nifty Midcap 150 Momentum 50 ETF,544722,SBI Nifty Midcap 150 Momentum 50 ETF (544722),20-Sep-2026 12:56:41,https://www.bseindia.com/xml-data/corpfiling/AttachLive/747dec2c-e682-4cfe-ab20-e9c8e979fa93.pdf,SBIMF Fortnightly Portfolio 15092026,2026-09-20T07:27:45.105225+00:00
e45930710df60bbc,BSE,SBI Mutual Fund,544593,SBI Mutual Fund (544593),20-Sep-2026 12:56:41,https://www.bseindia.com/xml-data/corpfiling/AttachLive/747dec2c-e682-4cfe-ab20-e9c8e979fa93.pdf,SBIMF Fortnightly Portfolio 15092026,2026-09-20T07:27:45.105246+00:00
376634ce12b45bae,BSE,SBI Mutual Fund,544592,SBI Mutual Fund (544592),20-Sep-2026 12:56:41,https://www.bseindia.com/xml-data/corpfiling/AttachLive/747dec2c-e682-4cfe-ab20-e9c8e979fa93.pdf,SBIMF Fortnightly Portfolio 15092026,2026-09-20T07:27:45.105266+00:00
4acf4b3c8ee264bc,BSE,SBI Mutual Fund,544591,SBI Mutual Fund (544591),20-Sep-2026 12:56:41,https://www.bseindia.com/xml-data/corpfiling/AttachLive/747dec2c-e682-4cfe-ab20-e9c8e979fa93.pdf,SBIMF Fortnightly Portfolio 15092026,2026-09-20T07:27:45.105285+00:00
b62d4a85ddfba80c,BSE,SBI Mutual Fund,544590,SBI Mutual Fund (544590),20-Sep-2026 12:56:40,https://www.bseindia.com/xml-data/corpfiling/AttachLive/747dec2c-e682-4cfe-ab20-e9c8e979fa93.pdf,SBIMF Fortnightly Portfolio 15092026,2026-09-20T07:27:45.105305+00:00
acdd5f39ab3027a8,BSE,SBI Mutual Fund,544589,SBI Mutual Fund (544589),20-Sep-2026 12:56:40,https://www.bseindia.com/xml-data/corpfiling/AttachLive/747dec2c-e682-4cfe-ab20-e9c8e979fa93.pdf,SBIMF Fortnightly Portfolio 15092026,2026-09-20T07:27:45.105326+00:00
aabd69844bd481a6,BSE,SBI Mutual Fund,544588,SBI Mutual Fund (544588),20-Sep-2026 12:56:40,https://www.bseindia.com/xml-data/corpfiling/AttachLive/747dec2c-e682-4cfe-ab20-e9c8e979fa93.pdf,SBIMF Fortnightly Portfolio 15092026,2026-09-20T07:27:45.105345+00:00
00b1d8dbc2ff3dc1,BSE,SBI NIFTY 1D RATE LIQUID ETF- GROWTH,544478,SBI NIFTY 1D RATE LIQUID ETF- GROWTH (544478),20-Sep-2026 12:56:40,https://www.bseindia.com/xml-data/corpfiling/AttachLive/747dec2c-e682-4cfe-ab20-e9c8e979fa93.pdf,SBIMF Fortnightly Portfolio 15092026,2026-09-20T07:27:45.105366+00:00
ec8eadc01b20c52b,BSE,SBI BSE PSU BANK ETF,544385,SBI BSE PSU BANK ETF (544385),20-Sep-2026 12:56:40,https://www.bseindia.com/xml-data/corpfiling/AttachLive/747dec2c-e682-4cfe-ab20-e9c8e979fa93.pdf,SBIMF Fortnightly Portfolio 15092026,2026-09-20T07:27:45.105389+00:00
3fca93373dbff939,BSE,SBI NIFTY50 EQUAL WEIGHT ETF,544215,SBI NIFTY50 EQUAL WEIGHT ETF (544215),20-Sep-2026 12:56:40,https://www.bseindia.com/xml-data/corpfiling/AttachLive/747dec2c-e682-4cfe-ab20-e9c8e979fa93.pdf,SBIMF Fortnightly Portfolio 15092026,2026-09-20T07:27:45.105410+00:00
1bacb48823d6263a,BSE,SBI SILVER ETF,544206,SBI SILVER ETF (544206),20-Sep-2026 12:56:40,https://www.bseindia.com/xml-data/corpfiling/AttachLive/747dec2c-e682-4cfe-ab20-e9c8e979fa93.pdf,SBIMF Fortnightly Portfolio 15092026,2026-09-20T07:27:45.105429+00:00
8fb5b90579f7f711,BSE,SBI Fixed Maturity Plan (FMP) - Series 92 (91 Days) - Direct Plan - IDCW Payout,544116,SBI Fixed Maturity Plan (FMP) - Series 92 (91 Days) - Direct Plan - IDCW Payout (544116),20-Sep-2026 12:56:40,https://www.bseindia.com/xml-data/corpfiling/AttachLive/747dec2c-e682-4cfe-ab20-e9c8e979fa93.pdf,SBIMF Fortnightly Portfolio 15092026,2026-09-20T07:27:45.105453+00:00
9250f9a9e5651b18,BSE,SBI Fixed Maturity Plan (FMP) - Series 92 (91 Days) - Direct Plan - Growth,544115,SBI Fixed Maturity Plan (FMP) - Series 92 (91 Days) - Direct Plan - Growth (544115),20-Sep-2026 12:56:40,https://www.bseindia.com/xml-data/corpfiling/AttachLive/747dec2c-e682-4cfe-ab20-e9c8e979fa93.pdf,SBIMF Fortnightly Portfolio 15092026,2026-09-20T07:27:45.105476+00:00
ca67e95640cc4166,BSE,SBI Fixed Maturity Plan (FMP) - Series 92 (91 Days) - Regular Plan - IDCW Payout,544114,SBI Fixed Maturity Plan (FMP) - Series 92 (91 Days) - Regular Plan - IDCW Payout (544114),20-Sep-2026 12:56:40,https://www.bseindia.com/xml-data/corpfiling/AttachLive/747dec2c-e682-4cfe-ab20-e9c8e979fa93.pdf,SBIMF Fortnightly Portfolio 15092026,2026-09-20T07:27:45.105499+00:00
f4e6281917cdcdfc,BSE,SBI Fixed Maturity Plan (FMP) - Series 92 (91 Days) - Regular Plan - Growth,544113,SBI Fixed Maturity Plan (FMP) - Series 92 (91 Days) - Regular Plan - Growth (544113),20-Sep-2026 12:56:40,https://www.bseindia.com/xml-data/corpfiling/AttachLive/747dec2c-e682-4cfe-ab20-e9c8e979fa93.pdf,SBIMF Fortnightly Portfolio 15092026,2026-09-20T07:27:45.105523+00:00
e18382cd841a5cbc,BSE,SBI Fixed Maturity Plan (FMP) - Series 91 (90 Days) - Direct Plan - IDCW Payout,544078,SBI Fixed Maturity Plan (FMP) - Series 91 (90 Days) - Direct Plan - IDCW Payout (544078),20-Sep-2026 12:56:40,https://www.bseindia.com/xml-data/corpfiling/AttachLive/747dec2c-e682-4cfe-ab20-e9c8e979fa93.pdf,SBIMF Fortnightly Portfolio 15092026,2026-09-20T07:27:45.105548+00:00
a5260b0d2d50068c,BSE,SBI Fixed Maturity Plan (FMP) - Series 91 (90 Days) - Direct Plan - Growth,544077,SBI Fixed Maturity Plan (FMP) - Series 91 (90 Days) - Direct Plan - Growth (544077),20-Sep-2026 12:56:40,https://www.bseindia.com/xml-data/corpfiling/AttachLive/747dec2c-e682-4cfe-ab20-e9c8e979fa93.pdf,SBIMF Fortnightly Portfolio 15092026,2026-09-20T07:27:45.105573+00:00
18d2e4990c531824,BSE,SBI Fixed Maturity Plan (FMP) - Series 91 (90 Days) - Regular Plan - IDCW Payout,544076,SBI Fixed Maturity Plan (FMP) - Series 91 (90 Days) - Regular Plan - IDCW Payout (544076),20-Sep-2026 12:56:40,https://www.bseindia.com/xml-data/corpfiling/AttachLive/747dec2c-e682-4cfe-ab20-e9c8e979fa93.pdf,SBIMF Fortnightly Portfolio 15092026,2026-09-20T07:27:45.105596+00:00
a7f371a023dd6f73,BSE,SBI Fixed Maturity Plan (FMP) - Series 91 (90 Days)- Regular Plan - Growth,544075,SBI Fixed Maturity Plan (FMP) - Series 91 (90 Days)- Regular Plan - Growth (544075),20-Sep-2026 12:56:40,https://www.bseindia.com/xml-data/corpfiling/AttachLive/747dec2c-e682-4cfe-ab20-e9c8e979fa93.pdf,SBIMF Fortnightly Portfolio 15092026,2026-09-20T07:27:45.105619+00:00
bb07c61705ebea24,BSE,SBI NIFTY 1D Rate ETF,544010,SBI NIFTY 1D Rate ETF (544010),20-Sep-2026 12:56:40,https://www.bseindia.com/xml-data/corpfiling/AttachLive/747dec2c-e682-4cfe-ab20-e9c8e979fa93.pdf,SBIMF Fortnightly Portfolio 15092026,2026-09-20T07:27:45.105645+00:00
194c9d25db5f4343,BSE,SBI Fixed Maturity Plan (FMP) - Series 81 (1157 Days) - Direct Plan - IDCW Payout,543886,SBI Fixed Maturity Plan (FMP) - Series 81 (1157 Days) - Direct Plan - IDCW Payout (543886),20-Sep-2026 12:56:40,https://www.bseindia.com/xml-data/corpfiling/AttachLive/747dec2c-e682-4cfe-ab20-e9c8e979fa93.pdf,SBIMF Fortnightly Portfolio 15092026,2026-09-20T07:27:45.105674+00:00
d0468126e4bf9876,BSE,SBI Fixed Maturity Plan (FMP) - Series 81 (1157 Days) - Direct Plan - Growth,543885,SBI Fixed Maturity Plan (FMP) - Series 81 (1157 Days) - Direct Plan - Growth (543885),20-Sep-2026 12:56:40,https://www.bseindia.com/xml-data/corpfiling/AttachLive/747dec2c-e682-4cfe-ab20-e9c8e979fa93.pdf,SBIMF Fortnightly Portfolio 15092026,2026-09-20T07:27:45.105698+00:00
ef7b00e8ef16c2d2,BSE,SBI Fixed Maturity Plan (FMP) - Series 81 (1157 Days) - Regular Plan - IDCW Payout,543884,SBI Fixed Maturity Plan (FMP) - Series 81 (1157 Days) - Regular Plan - IDCW Payout (543884),20-Sep-2026 12:56:40,https://www.bseindia.com/xml-data/corpfiling/AttachLive/747dec2c-e682-4cfe-ab20-e9c8e979fa93.pdf,SBIMF Fortnightly Portfolio 15092026,2026-09-20T07:27:45.105721+00:00
e212660451b49a69,BSE,SBI Fixed Maturity Plan (FMP) - Series 81 (1157 Days) - Regular Plan - Growth,543883,SBI Fixed Maturity Plan (FMP) - Series 81 (1157 Days) - Regular Plan - Growth (543883),20-Sep-2026 12:56:40,https://www.bseindia.com/xml-data/corpfiling/AttachLive/747dec2c-e682-4cfe-ab20-e9c8e979fa93.pdf,SBIMF Fortnightly Portfolio 15092026,2026-09-20T07:27:45.105745+00:00
a7ec3f0f3b3978be,BSE,SBI Fixed Maturity Plan (FMP) - Series 82 (91 Days) - Direct Plan - IDCW Payout,543868,SBI Fixed Maturity Plan (FMP) - Series 82 (91 Days) - Direct Plan - IDCW Payout (543868),20-Sep-2026 12:56:40,https://www.bseindia.com/xml-data/corpfiling/AttachLive/747dec2c-e682-4cfe-ab20-e9c8e979fa93.pdf,SBIMF Fortnightly Portfolio 15092026,2026-09-20T07:27:45.105769+00:00
456f3463fd50a397,BSE,SBI Fixed Maturity Plan (FMP) - Series 82 (91 Days) - Direct Plan - Growth,543867,SBI Fixed Maturity Plan (FMP) - Series 82 (91 Days) - Direct Plan - Growth (543867),20-Sep-2026 12:56:40,https://www.bseindia.com/xml-data/corpfiling/AttachLive/747dec2c-e682-4cfe-ab20-e9c8e979fa93.pdf,SBIMF Fortnightly Portfolio 15092026,2026-09-20T07:27:45.105794+00:00
8dd7715299dac4be,BSE,SBI Fixed Maturity Plan (FMP) - Series 82 (91 Days) - Regular Plan - IDCW Payout,543866,SBI Fixed Maturity Plan (FMP) - Series 82 (91 Days) - Regular Plan - IDCW Payout (543866),20-Sep-2026 12:56:40,https://www.bseindia.com/xml-data/corpfiling/AttachLive/747dec2c-e682-4cfe-ab20-e9c8e979fa93.pdf,SBIMF Fortnightly Portfolio 15092026,2026-09-20T07:27:45.105817+00:00
2d5004a1af527b06,BSE,SBI Fixed Maturity Plan (FMP) - Series 82 (91 Days)- Regular Plan - Growth,543865,SBI Fixed Maturity Plan (FMP) - Series 82 (91 Days)- Regular Plan - Growth (543865),20-Sep-2026 12:56:40,https://www.bseindia.com/xml-data/corpfiling/AttachLive/747dec2c-e682-4cfe-ab20-e9c8e979fa93.pdf,SBIMF Fortnightly Portfolio 15092026,2026-09-20T07:27:45.105840+00:00
85c44a63d2dc1812,BSE,SBI Fixed Maturity Plan (FMP) - Series 80 (366 Days) - Direct Plan - IDCW Payout,543847,SBI Fixed Maturity Plan (FMP) - Series 80 (366 Days) - Direct Plan - IDCW Payout (543847),20-Sep-2026 12:56:40,https://www.bseindia.com/xml-data/corpfiling/AttachLive/747dec2c-e682-4cfe-ab20-e9c8e979fa93.pdf,SBIMF Fortnightly Portfolio 15092026,2026-09-20T07:27:45.105863+00:00
113ef7cedb62d6dd,BSE,SBI Fixed Maturity Plan (FMP) - Series 80 (366 Days) - Direct Plan - Growth,543846,SBI Fixed Maturity Plan (FMP) - Series 80 (366 Days) - Direct Plan - Growth (543846),20-Sep-2026 12:56:40,https://www.bseindia.com/xml-data/corpfiling/AttachLive/747dec2c-e682-4cfe-ab20-e9c8e979fa93.pdf,SBIMF Fortnightly Portfolio 15092026,2026-09-20T07:27:45.105886+00:00
a4d9327c891adf83,BSE,SBI Fixed Maturity Plan (FMP) - Series 80 (366 Days) - Regular Plan - IDCW Payout,543845,SBI Fixed Maturity Plan (FMP) - Series 80 (366 Days) - Regular Plan - IDCW Payout (543845),20-Sep-2026 12:56:40,https://www.bseindia.com/xml-data/corpfiling/AttachLive/747dec2c-e682-4cfe-ab20-e9c8e979fa93.pdf,SBIMF Fortnightly Portfolio 15092026,2026-09-20T07:27:45.105909+00:00
f37df92f3c395d90,BSE,SBI Fixed Maturity Plan (FMP) - Series 80 (366 Days) - Regular Plan - Growth,543844,SBI Fixed Maturity Plan (FMP) - Series 80 (366 Days) - Regular Plan - Growth (543844),20-Sep-2026 12:56:40,https://www.bseindia.com/xml-data/corpfiling/AttachLive/747dec2c-e682-4cfe-ab20-e9c8e979fa93.pdf,SBIMF Fortnightly Portfolio 15092026,2026-09-20T07:27:45.105931+00:00
2d06f66cca09d856,BSE,SBI Fixed Maturity Plan (FMP) - Series 79 (1130 Days) - Direct Plan - IDCW Payout,543827,SBI Fixed Maturity Plan (FMP) - Series 79 (1130 Days) - Direct Plan - IDCW Payout (543827),20-Sep-2026 12:56:40,https://www.bseindia.com/xml-data/corpfiling/AttachLive/747dec2c-e682-4cfe-ab20-e9c8e979fa93.pdf,SBIMF Fortnightly Portfolio 15092026,2026-09-20T07:27:45.105955+00:00
3a5e3603371d361c,BSE,SBI Fixed Maturity Plan (FMP) - Series 79 (1130 Days) - Direct Plan - Growth,543826,SBI Fixed Maturity Plan (FMP) - Series 79 (1130 Days) - Direct Plan - Growth (543826),20-Sep-2026 12:56:40,https://www.bseindia.com/xml-data/corpfiling/AttachLive/747dec2c-e682-4cfe-ab20-e9c8e979fa93.pdf,SBIMF Fortnightly Portfolio 15092026,2026-09-20T07:27:45.105978+00:00
1d0b2c2a6fb56e63,BSE,SBI Fixed Maturity Plan (FMP) - Series 79 (1130 Days) - Regular Plan - IDCW Payout,543825,SBI Fixed Maturity Plan (FMP) - Series 79 (1130 Days) - Regular Plan - IDCW Payout (543825),20-Sep-2026 12:56:40,https://www.bseindia.com/xml-data/corpfiling/AttachLive/747dec2c-e682-4cfe-ab20-e9c8e979fa93.pdf,SBIMF Fortnightly Portfolio 15092026,2026-09-20T07:27:45.106004+00:00
046607e55ef3c6f3,BSE,SBI Fixed Maturity Plan (FMP) - Series 79 (1130 Days) - Regular Plan - Growth,543824,SBI Fixed Maturity Plan (FMP) - Series 79 (1130 Days) - Regular Plan - Growth (543824),20-Sep-2026 12:56:40,https://www.bseindia.com/xml-data/corpfiling/AttachLive/747dec2c-e682-4cfe-ab20-e9c8e979fa93.pdf,SBIMF Fortnightly Portfolio 15092026,2026-09-20T07:27:45.106027+00:00
9c5e14b3cd37848a,BSE,SBI Fixed Maturity Plan (FMP) - Series 78 (1170 Days) - Direct Plan - IDCW Payout,543786,SBI Fixed Maturity Plan (FMP) - Series 78 (1170 Days) - Direct Plan - IDCW Payout (543786),20-Sep-2026 12:56:40,https://www.bseindia.com/xml-data/corpfiling/AttachLive/747dec2c-e682-4cfe-ab20-e9c8e979fa93.pdf,SBIMF Fortnightly Portfolio 15092026,2026-09-20T07:27:45.106051+00:00
9cb0ef4977240682,BSE,SBI Fixed Maturity Plan (FMP) - Series 78 (1170 Days) - Direct Plan - Growth,543785,SBI Fixed Maturity Plan (FMP) - Series 78 (1170 Days) - Direct Plan - Growth (543785),20-Sep-2026 12:56:40,https://www.bseindia.com/xml-data/corpfiling/AttachLive/747dec2c-e682-4cfe-ab20-e9c8e979fa93.pdf,SBIMF Fortnightly Portfolio 15092026,2026-09-20T07:27:45.106075+00:00
34d022c22df4421b,BSE,SBI Fixed Maturity Plan (FMP) - Series 78 (1170 Days) - Regular Plan - IDCW Payout,543784,SBI Fixed Maturity Plan (FMP) - Series 78 (1170 Days) - Regular Plan - IDCW Payout (543784),20-Sep-2026 12:56:40,https://www.bseindia.com/xml-data/corpfiling/AttachLive/747dec2c-e682-4cfe-ab20-e9c8e979fa93.pdf,SBIMF Fortnightly Portfolio 15092026,2026-09-20T07:27:45.106098+00:00
c1183b6a415ccb87,BSE,SBI Fixed Maturity Plan (FMP) - Series 78 (1170 Days) - Regular Plan - Growth,543783,SBI Fixed Maturity Plan (FMP) - Series 78 (1170 Days) - Regular Plan - Growth (543783),20-Sep-2026 12:56:40,https://www.bseindia.com/xml-data/corpfiling/AttachLive/747dec2c-e682-4cfe-ab20-e9c8e979fa93.pdf,SBIMF Fortnightly Portfolio 15092026,2026-09-20T07:27:45.106120+00:00
43757abeca9a0539,BSE,SBI Fixed Maturity Plan (FMP) - Series 77 (366 Days) - Direct Plan - IDCW Payout,543780,SBI Fixed Maturity Plan (FMP) - Series 77 (366 Days) - Direct Plan - IDCW Payout (543780),20-Sep-2026 12:56:40,https://www.bseindia.com/xml-data/corpfiling/AttachLive/747dec2c-e682-4cfe-ab20-e9c8e979fa93.pdf,SBIMF Fortnightly Portfolio 15092026,2026-09-20T07:27:45.106145+00:00
1745a129b21026fc,BSE,SBI Fixed Maturity Plan (FMP) - Series 77 (366 Days) - Direct Plan - Growth,543779,SBI Fixed Maturity Plan (FMP) - Series 77 (366 Days) - Direct Plan - Growth (543779),20-Sep-2026 12:56:40,https://www.bseindia.com/xml-data/corpfiling/AttachLive/747dec2c-e682-4cfe-ab20-e9c8e979fa93.pdf,SBIMF Fortnightly Portfolio 15092026,2026-09-20T07:27:45.106168+00:00
b8c5202e1622dc4c,BSE,SBI Fixed Maturity Plan (FMP) - Series 77 (366 Days) - Regular Plan - IDCW Payout,543778,SBI Fixed Maturity Plan (FMP) - Series 77 (366 Days) - Regular Plan - IDCW Payout (543778),20-Sep-2026 12:56:40,https://www.bseindia.com/xml-data/corpfiling/AttachLive/747dec2c-e682-4cfe-ab20-e9c8e979fa93.pdf,SBIMF Fortnightly Portfolio 15092026,2026-09-20T07:27:45.106192+00:00
b7de382ab69bf198,BSE,SBI Fixed Maturity Plan (FMP) - Series 77 (366 Days) - Regular Plan - Growth,543777,SBI Fixed Maturity Plan (FMP) - Series 77 (366 Days) - Regular Plan - Growth (543777),20-Sep-2026 12:56:40,https://www.bseindia.com/xml-data/corpfiling/AttachLive/747dec2c-e682-4cfe-ab20-e9c8e979fa93.pdf,SBIMF Fortnightly Portfolio 15092026,2026-09-20T07:27:45.106215+00:00
22a2e4436e7d27c6,BSE,SBI Fixed Maturity Plan (FMP) - Series 76 (1221 Days) - Direct Plan - IDCW Payout,543758,SBI Fixed Maturity Plan (FMP) - Series 76 (1221 Days) - Direct Plan - IDCW Payout (543758),20-Sep-2026 12:56:40,https://www.bseindia.com/xml-data/corpfiling/AttachLive/747dec2c-e682-4cfe-ab20-e9c8e979fa93.pdf,SBIMF Fortnightly Portfolio 15092026,2026-09-20T07:27:45.106239+00:00
74dfea5d689e032e,BSE,SBI Fixed Maturity Plan (FMP) - Series 76 (1221 Days) - Direct Plan - Growth,543757,SBI Fixed Maturity Plan (FMP) - Series 76 (1221 Days) - Direct Plan - Growth (543757),20-Sep-2026 12:56:40,https://www.bseindia.com/xml-data/corpfiling/AttachLive/747dec2c-e682-4cfe-ab20-e9c8e979fa93.pdf,SBIMF Fortnightly Portfolio 15092026,2026-09-20T07:27:45.106263+00:00
7389573d7003f693,BSE,SBI Fixed Maturity Plan (FMP) - Series 76 (1221 Days) - Regular Plan - IDCW Payout,543756,SBI Fixed Maturity Plan (FMP) - Series 76 (1221 Days) - Regular Plan - IDCW Payout (543756),20-Sep-2026 12:56:40,https://www.bseindia.com/xml-data/corpfiling/AttachLive/747dec2c-e682-4cfe-ab20-e9c8e979fa93.pdf,SBIMF Fortnightly Portfolio 15092026,2026-09-20T07:27:45.106286+00:00
bb7b3def994a7267,BSE,SBI Fixed Maturity Plan (FMP) - Series 76 (1221 Days) - Regular Plan - Growth,543755,SBI Fixed Maturity Plan (FMP) - Series 76 (1221 Days) - Regular Plan - Growth (543755),20-Sep-2026 12:56:40,https://www.bseindia.com/xml-data/corpfiling/AttachLive/747dec2c-e682-4cfe-ab20-e9c8e979fa93.pdf,SBIMF Fortnightly Portfolio 15092026,2026-09-20T07:27:45.106309+00:00
039179901f49e49b,BSE,SBI Fixed Maturity Plan (FMP) - Series 69 (367 Days) - Direct Plan - IDCW Payout,543649,SBI Fixed Maturity Plan (FMP) - Series 69 (367 Days) - Direct Plan - IDCW Payout (543649),20-Sep-2026 12:56:40,https://www.bseindia.com/xml-data/corpfiling/AttachLive/747dec2c-e682-4cfe-ab20-e9c8e979fa93.pdf,SBIMF Fortnightly Portfolio 15092026,2026-09-20T07:27:45.106332+00:00
8cfe5144743b8920,BSE,SBI Fixed Maturity Plan (FMP) - Series 69 (367 Days) - Direct Plan - Growth,543648,SBI Fixed Maturity Plan (FMP) - Series 69 (367 Days) - Direct Plan - Growth (543648),20-Sep-2026 12:56:40,https://www.bseindia.com/xml-data/corpfiling/AttachLive/747dec2c-e682-4cfe-ab20-e9c8e979fa93.pdf,SBIMF Fortnightly Portfolio 15092026,2026-09-20T07:27:45.106354+00:00
31add8e0a7ccf600,BSE,SBI Fixed Maturity Plan (FMP) - Series 69 (367 Days) - Regular Plan - IDCW Payout,543647,SBI Fixed Maturity Plan (FMP) - Series 69 (367 Days) - Regular Plan - IDCW Payout (543647),20-Sep-2026 12:56:40,https://www.bseindia.com/xml-data/corpfiling/AttachLive/747dec2c-e682-4cfe-ab20-e9c8e979fa93.pdf,SBIMF Fortnightly Portfolio 15092026,2026-09-20T07:27:45.106377+00:00
1681bbbdac406d27,BSE,SBI Fixed Maturity Plan (FMP) - Series 69 (367 Days) - Regular Plan - Growth,543646,SBI Fixed Maturity Plan (FMP) - Series 69 (367 Days) - Regular Plan - Growth (543646),20-Sep-2026 12:56:40,https://www.bseindia.com/xml-data/corpfiling/AttachLive/747dec2c-e682-4cfe-ab20-e9c8e979fa93.pdf,SBIMF Fortnightly Portfolio 15092026,2026-09-20T07:27:45.106401+00:00
9e03a29ce00d6451,BSE,SBI Fixed Maturity Plan (FMP) - Series 68 (1302 Days) - Direct Plan - IDCW Payout,543612,SBI Fixed Maturity Plan (FMP) - Series 68 (1302 Days) - Direct Plan - IDCW Payout (543612),20-Sep-2026 12:56:40,https://www.bseindia.com/xml-data/corpfiling/AttachLive/747dec2c-e682-4cfe-ab20-e9c8e979fa93.pdf,SBIMF Fortnightly Portfolio 15092026,2026-09-20T07:27:45.106424+00:00
a495196c71372e2a,BSE,SBI Fixed Maturity Plan (FMP) - Series 68 (1302 Days) - Direct Plan - Growth,543611,SBI Fixed Maturity Plan (FMP) - Series 68 (1302 Days) - Direct Plan - Growth (543611),20-Sep-2026 12:56:40,https://www.bseindia.com/xml-data/corpfiling/AttachLive/747dec2c-e682-4cfe-ab20-e9c8e979fa93.pdf,SBIMF Fortnightly Portfolio 15092026,2026-09-20T07:27:45.106446+00:00
31f90e036f6c99e6,BSE,SBI Fixed Maturity Plan (FMP) - Series 68 (1302 Days) - Regular Plan - IDCW Payout,543610,SBI Fixed Maturity Plan (FMP) - Series 68 (1302 Days) - Regular Plan - IDCW Payout (543610),20-Sep-2026 12:56:40,https://www.bseindia.com/xml-data/corpfiling/AttachLive/747dec2c-e682-4cfe-ab20-e9c8e979fa93.pdf,SBIMF Fortnightly Portfolio 15092026,2026-09-20T07:27:45.106472+00:00
dd064415b3605a43,BSE,SBI Fixed Maturity Plan (FMP) - Series 68 (1302 Days) - Regular Plan - Growth,543609,SBI Fixed Maturity Plan (FMP) - Series 68 (1302 Days) - Regular Plan - Growth (543609),20-Sep-2026 12:56:40,https://www.bseindia.com/xml-data/corpfiling/AttachLive/747dec2c-e682-4cfe-ab20-e9c8e979fa93.pdf,SBIMF Fortnightly Portfolio 15092026,2026-09-20T07:27:45.106495+00:00
1ad008c2b261d854,BSE,SBI Fixed Maturity Plan (FMP) - Series 67 (1467 Days) - Direct Plan - IDCW Payout,543567,SBI Fixed Maturity Plan (FMP) - Series 67 (1467 Days) - Direct Plan - IDCW Payout (543567),20-Sep-2026 12:56:40,https://www.bseindia.com/xml-data/corpfiling/AttachLive/747dec2c-e682-4cfe-ab20-e9c8e979fa93.pdf,SBIMF Fortnightly Portfolio 15092026,2026-09-20T07:27:45.106518+00:00
8e38fd8a56f0028e,BSE,SBI Fixed Maturity Plan (FMP) - Series 67 (1467 Days) - Direct Plan - Growth,543566,SBI Fixed Maturity Plan (FMP) - Series 67 (1467 Days) - Direct Plan - Growth (543566),20-Sep-2026 12:56:40,https://www.bseindia.com/xml-data/corpfiling/AttachLive/747dec2c-e682-4cfe-ab20-e9c8e979fa93.pdf,SBIMF Fortnightly Portfolio 15092026,2026-09-20T07:27:45.106543+00:00
280d59ee14db6cee,BSE,SBI Fixed Maturity Plan (FMP) - Series 67 (1467 Days) - Regular Plan - IDCW Payout,543565,SBI Fixed Maturity Plan (FMP) - Series 67 (1467 Days) - Regular Plan - IDCW Payout (543565),20-Sep-2026 12:56:40,https://www.bseindia.com/xml-data/corpfiling/AttachLive/747dec2c-e682-4cfe-ab20-e9c8e979fa93.pdf,SBIMF Fortnightly Portfolio 15092026,2026-09-20T07:27:45.106568+00:00
67baeadfe0fe5ba2,BSE,SBI Fixed Maturity Plan (FMP) - Series 67 (1467 Days)- Regular Plan - Growth,543564,SBI Fixed Maturity Plan (FMP) - Series 67 (1467 Days)- Regular Plan - Growth (543564),20-Sep-2026 12:56:40,https://www.bseindia.com/xml-data/corpfiling/AttachLive/747dec2c-e682-4cfe-ab20-e9c8e979fa93.pdf,SBIMF Fortnightly Portfolio 15092026,2026-09-20T07:27:45.106593+00:00
6f96d81920d8d526,BSE,SBI Fixed Maturity Plan (FMP) - Series 66 (1361 Days) - Direct Plan - IDCW Payout,543551,SBI Fixed Maturity Plan (FMP) - Series 66 (1361 Days) - Direct Plan - IDCW Payout (543551),20-Sep-2026 12:56:40,https://www.bseindia.com/xml-data/corpfiling/AttachLive/747dec2c-e682-4cfe-ab20-e9c8e979fa93.pdf,SBIMF Fortnightly Portfolio 15092026,2026-09-20T07:27:45.106616+00:00
c86e3aa4fdba4045,BSE,SBI Fixed Maturity Plan (FMP) - Series 66 (1361 Days) -Direct Plan - Growth,543550,SBI Fixed Maturity Plan (FMP) - Series 66 (1361 Days) -Direct Plan - Growth (543550),20-Sep-2026 12:56:40,https://www.bseindia.com/xml-data/corpfiling/AttachLive/747dec2c-e682-4cfe-ab20-e9c8e979fa93.pdf,SBIMF Fortnightly Portfolio 15092026,2026-09-20T07:27:45.106644+00:00
668cfd291cc19725,BSE,SBI Fixed Maturity Plan (FMP) - Series 66 (1361 Days)-Regular Plan - IDCW Payout,543549,SBI Fixed Maturity Plan (FMP) - Series 66 (1361 Days)-Regular Plan - IDCW Payout (543549),20-Sep-2026 12:56:40,https://www.bseindia.com/xml-data/corpfiling/AttachLive/747dec2c-e682-4cfe-ab20-e9c8e979fa93.pdf,SBIMF Fortnightly Portfolio 15092026,2026-09-20T07:27:45.106667+00:00
fd1150e72bfd36a4,BSE,SBI Fixed Maturity Plan (FMP) - Series 66 (1361 Days)- Regular Plan - Growth,543548,SBI Fixed Maturity Plan (FMP) - Series 66 (1361 Days)- Regular Plan - Growth (543548),20-Sep-2026 12:56:40,https://www.bseindia.com/xml-data/corpfiling/AttachLive/747dec2c-e682-4cfe-ab20-e9c8e979fa93.pdf,SBIMF Fortnightly Portfolio 15092026,2026-09-20T07:27:45.106689+00:00
dfc84ca33480c368,BSE,SBI Fixed Maturity Plan (FMP) - Series 60 (1878 Days) - Direct Plan - IDCW Payout,543469,SBI Fixed Maturity Plan (FMP) - Series 60 (1878 Days) - Direct Plan - IDCW Payout (543469),20-Sep-2026 12:56:40,https://www.bseindia.com/xml-data/corpfiling/AttachLive/747dec2c-e682-4cfe-ab20-e9c8e979fa93.pdf,SBIMF Fortnightly Portfolio 15092026,2026-09-20T07:27:45.106715+00:00
feeb8c152fe5825e,BSE,SBI Fixed Maturity Plan (FMP) - Series 60 (1878 Days)- Direct Plan - Growth,543468,SBI Fixed Maturity Plan (FMP) - Series 60 (1878 Days)- Direct Plan - Growth (543468),20-Sep-2026 12:56:40,https://www.bseindia.com/xml-data/corpfiling/AttachLive/747dec2c-e682-4cfe-ab20-e9c8e979fa93.pdf,SBIMF Fortnightly Portfolio 15092026,2026-09-20T07:27:45.106737+00:00
278ba481ac78d2e4,BSE,SBI Fixed Maturity Plan (FMP) - Series 60 (1878 Days)- Regular Plan - IDCW Payout,543467,SBI Fixed Maturity Plan (FMP) - Series 60 (1878 Days)- Regular Plan - IDCW Payout (543467),20-Sep-2026 12:56:40,https://www.bseindia.com/xml-data/corpfiling/AttachLive/747dec2c-e682-4cfe-ab20-e9c8e979fa93.pdf,SBIMF Fortnightly Portfolio 15092026,2026-09-20T07:27:45.106760+00:00
b0d6ab3db7a4c27a,BSE,SBI Fixed Maturity Plan (FMP) - Series 60 (1878 Days) – Regular Plan - Growth,543466,SBI Fixed Maturity Plan (FMP) - Series 60 (1878 Days) – Regular Plan - Growth (543466),20-Sep-2026 12:56:40,https://www.bseindia.com/xml-data/corpfiling/AttachLive/747dec2c-e682-4cfe-ab20-e9c8e979fa93.pdf,SBIMF Fortnightly Portfolio 15092026,2026-09-20T07:27:45.106797+00:00
2bdd947543d3c0c4,BSE,SBI Fixed Maturity Plan (FMP) - Series 59 (1618 Days) - Direct Plan - IDCW Payout,543459,SBI Fixed Maturity Plan (FMP) - Series 59 (1618 Days) - Direct Plan - IDCW Payout (543459),20-Sep-2026 12:56:40,https://www.bseindia.com/xml-data/corpfiling/AttachLive/747dec2c-e682-4cfe-ab20-e9c8e979fa93.pdf,SBIMF Fortnightly Portfolio 15092026,2026-09-20T07:27:45.106820+00:00
52d9d60fc5d1b15f,BSE,SBI Fixed Maturity Plan (FMP) - Series 59 (1618 Days) - Direct Plan - Growth,543457,SBI Fixed Maturity Plan (FMP) - Series 59 (1618 Days) - Direct Plan - Growth (543457),20-Sep-2026 12:56:40,https://www.bseindia.com/xml-data/corpfiling/AttachLive/747dec2c-e682-4cfe-ab20-e9c8e979fa93.pdf,SBIMF Fortnightly Portfolio 15092026,2026-09-20T07:27:45.106845+00:00
63f11dae70e4f33a,BSE,SBI Fixed Maturity Plan (FMP) - Series 59 (1618 Days)- Regular Plan - IDCW Payout,543456,SBI Fixed Maturity Plan (FMP) - Series 59 (1618 Days)- Regular Plan - IDCW Payout (543456),20-Sep-2026 12:56:40,https://www.bseindia.com/xml-data/corpfiling/AttachLive/747dec2c-e682-4cfe-ab20-e9c8e979fa93.pdf,SBIMF Fortnightly Portfolio 15092026,2026-09-20T07:27:45.106868+00:00
c47ce412652b5a52,BSE,SBI Fixed Maturity Plan (FMP) - Series 59 (1618 Days)- Regular Plan - Growth,543455,SBI Fixed Maturity Plan (FMP) - Series 59 (1618 Days)- Regular Plan - Growth (543455),20-Sep-2026 12:56:40,https://www.bseindia.com/xml-data/corpfiling/AttachLive/747dec2c-e682-4cfe-ab20-e9c8e979fa93.pdf,SBIMF Fortnightly Portfolio 15092026,2026-09-20T07:27:45.106891+00:00
c527b622b8ed44eb,BSE,SBI Fixed Maturity Plan (FMP) - Series 58 (1842 Days) - Direct Plan - IDCW Payout,543448,SBI Fixed Maturity Plan (FMP) - Series 58 (1842 Days) - Direct Plan - IDCW Payout (543448),20-Sep-2026 12:56:40,https://www.bseindia.com/xml-data/corpfiling/AttachLive/747dec2c-e682-4cfe-ab20-e9c8e979fa93.pdf,SBIMF Fortnightly Portfolio 15092026,2026-09-20T07:27:45.106913+00:00
a8b5ede6afbb5600,BSE,SBI Fixed Maturity Plan (FMP) - Series 58 (1842 Days)- Direct Plan - Growth,543447,SBI Fixed Maturity Plan (FMP) - Series 58 (1842 Days)- Direct Plan - Growth (543447),20-Sep-2026 12:56:40,https://www.bseindia.com/xml-data/corpfiling/AttachLive/747dec2c-e682-4cfe-ab20-e9c8e979fa93.pdf,SBIMF Fortnightly Portfolio 15092026,2026-09-20T07:27:45.106937+00:00
cf38afd65587b457,BSE,SBI Fixed Maturity Plan (FMP) - Series 58 (1842 Days) - Regular Plan - IDCW Payout,543446,SBI Fixed Maturity Plan (FMP) - Series 58 (1842 Days) - Regular Plan - IDCW Payout (543446),20-Sep-2026 12:56:40,https://www.bseindia.com/xml-data/corpfiling/AttachLive/747dec2c-e682-4cfe-ab20-e9c8e979fa93.pdf,SBIMF Fortnightly Portfolio 15092026,2026-09-20T07:27:45.106962+00:00
84d23a3b1797f6bd,BSE,SBI Fixed Maturity Plan (FMP) - Series 58 (1842 Days) - Regular Plan - Growth,543445,SBI Fixed Maturity Plan (FMP) - Series 58 (1842 Days) - Regular Plan - Growth (543445),20-Sep-2026 12:56:40,https://www.bseindia.com/xml-data/corpfiling/AttachLive/747dec2c-e682-4cfe-ab20-e9c8e979fa93.pdf,SBIMF Fortnightly Portfolio 15092026,2026-09-20T07:27:45.106984+00:00
5f87c481d0ca128e,BSE,SBI Fixed Maturity Plan (FMP) - Series 56 (1232 Days) - Direct Plan - IDCW Payout,543432,SBI Fixed Maturity Plan (FMP) - Series 56 (1232 Days) - Direct Plan - IDCW Payout (543432),20-Sep-2026 12:56:40,https://www.bseindia.com/xml-data/corpfiling/AttachLive/747dec2c-e682-4cfe-ab20-e9c8e979fa93.pdf,SBIMF Fortnightly Portfolio 15092026,2026-09-20T07:27:45.107009+00:00
ecc07fa9d6a59d30,BSE,SBI Fixed Maturity Plan (FMP) - Series 56 (1232 Days) - Direct Plan - Growth,543431,SBI Fixed Maturity Plan (FMP) - Series 56 (1232 Days) - Direct Plan - Growth (543431),20-Sep-2026 12:56:40,https://www.bseindia.com/xml-data/corpfiling/AttachLive/747dec2c-e682-4cfe-ab20-e9c8e979fa93.pdf,SBIMF Fortnightly Portfolio 15092026,2026-09-20T07:27:45.107031+00:00
fd01056baa59409f,BSE,SBI Fixed Maturity Plan (FMP) - Series 56 (1232 Days) - Regular Plan - IDCW Payout,543430,SBI Fixed Maturity Plan (FMP) - Series 56 (1232 Days) - Regular Plan - IDCW Payout (543430),20-Sep-2026 12:56:39,https://www.bseindia.com/xml-data/corpfiling/AttachLive/747dec2c-e682-4cfe-ab20-e9c8e979fa93.pdf,SBIMF Fortnightly Portfolio 15092026,2026-09-20T07:27:45.107054+00:00
8878282cc2590f74,BSE,SBI Fixed Maturity Plan (FMP) - Series 56 - (1232 Days)- Regular Plan - Growth,543429,SBI Fixed Maturity Plan (FMP) - Series 56 - (1232 Days)- Regular Plan - Growth (543429),20-Sep-2026 12:56:39,https://www.bseindia.com/xml-data/corpfiling/AttachLive/747dec2c-e682-4cfe-ab20-e9c8e979fa93.pdf,SBIMF Fortnightly Portfolio 15092026,2026-09-20T07:27:45.107077+00:00
02fe40111c85f18e,BSE,SBI Fixed Maturity Plan (FMP) - Series 57 (1835 Days) - Direct Plan - IDCW Payout,543424,SBI Fixed Maturity Plan (FMP) - Series 57 (1835 Days) - Direct Plan - IDCW Payout (543424),20-Sep-2026 12:56:39,https://www.bseindia.com/xml-data/corpfiling/AttachLive/747dec2c-e682-4cfe-ab20-e9c8e979fa93.pdf,SBIMF Fortnightly Portfolio 15092026,2026-09-20T07:27:45.107100+00:00
4ef3babbb3b84382,BSE,SBI Fixed Maturity Plan (FMP) - Series 57 (1835 Days) – Direct Plan - Growth,543423,SBI Fixed Maturity Plan (FMP) - Series 57 (1835 Days) – Direct Plan - Growth (543423),20-Sep-2026 12:56:39,https://www.bseindia.com/xml-data/corpfiling/AttachLive/747dec2c-e682-4cfe-ab20-e9c8e979fa93.pdf,SBIMF Fortnightly Portfolio 15092026,2026-09-20T07:27:45.107127+00:00
fc47cc4f0a4eccfc,BSE,SBI Fixed Maturity Plan (FMP) - Series 57 (1835 Days) - Regular Plan - IDCW Payout,543422,SBI Fixed Maturity Plan (FMP) - Series 57 (1835 Days) - Regular Plan - IDCW Payout (543422),20-Sep-2026 12:56:39,https://www.bseindia.com/xml-data/corpfiling/AttachLive/747dec2c-e682-4cfe-ab20-e9c8e979fa93.pdf,SBIMF Fortnightly Portfolio 15092026,2026-09-20T07:27:45.107150+00:00
876ac980a9392a90,BSE,SBI Fixed Maturity Plan (FMP) - Series 57 (1835 Days) - Regular Plan - Growth,543421,SBI Fixed Maturity Plan (FMP) - Series 57 (1835 Days) - Regular Plan - Growth (543421),20-Sep-2026 12:56:39,https://www.bseindia.com/xml-data/corpfiling/AttachLive/747dec2c-e682-4cfe-ab20-e9c8e979fa93.pdf,SBIMF Fortnightly Portfolio 15092026,2026-09-20T07:27:45.107175+00:00
830e2b5fb407ea83,BSE,SBI Fixed Maturity Plan (FMP) - Series 55 (1849 Days) - Direct Plan - IDCW Payout,543409,SBI Fixed Maturity Plan (FMP) - Series 55 (1849 Days) - Direct Plan - IDCW Payout (543409),20-Sep-2026 12:56:39,https://www.bseindia.com/xml-data/corpfiling/AttachLive/747dec2c-e682-4cfe-ab20-e9c8e979fa93.pdf,SBIMF Fortnightly Portfolio 15092026,2026-09-20T07:27:45.107200+00:00
0033f17e00d764be,BSE,SBI Fixed Maturity Plan (FMP) - Series 55 (1849 Days) - Direct Plan - Growth,543408,SBI Fixed Maturity Plan (FMP) - Series 55 (1849 Days) - Direct Plan - Growth (543408),20-Sep-2026 12:56:39,https://www.bseindia.com/xml-data/corpfiling/AttachLive/747dec2c-e682-4cfe-ab20-e9c8e979fa93.pdf,SBIMF Fortnightly Portfolio 15092026,2026-09-20T07:27:45.107222+00:00
c712a4cdc96c24ad,BSE,SBI Fixed Maturity Plan (FMP) - Series 55 (1849 Days) - Regular Plan - IDCW Payout,543407,SBI Fixed Maturity Plan (FMP) - Series 55 (1849 Days) - Regular Plan - IDCW Payout (543407),20-Sep-2026 12:56:39,https://www.bseindia.com/xml-data/corpfiling/AttachLive/747dec2c-e682-4cfe-ab20-e9c8e979fa93.pdf,SBIMF Fortnightly Portfolio 15092026,2026-09-20T07:27:45.107245+00:00
aadabc6956cd21f9,BSE,SBI Fixed Maturity Plan (FMP) - Series 55 (1849 Days) - Regular Plan - Growth,543406,SBI Fixed Maturity Plan (FMP) - Series 55 (1849 Days) - Regular Plan - Growth (543406),20-Sep-2026 12:56:39,https://www.bseindia.com/xml-data/corpfiling/AttachLive/747dec2c-e682-4cfe-ab20-e9c8e979fa93.pdf,SBIMF Fortnightly Portfolio 15092026,2026-09-20T07:27:45.107268+00:00
4e0489145f1b9757,BSE,SBI Fixed Maturity Plan (FMP) - Series 54 (1842 Days)-Direct Plan-IDCW Payout,543395,SBI Fixed Maturity Plan (FMP) - Series 54 (1842 Days)-Direct Plan-IDCW Payout (543395),20-Sep-2026 12:56:39,https://www.bseindia.com/xml-data/corpfiling/AttachLive/747dec2c-e682-4cfe-ab20-e9c8e979fa93.pdf,SBIMF Fortnightly Portfolio 15092026,2026-09-20T07:27:45.107290+00:00
50801e450f2f02f3,BSE,SBI Fixed Maturity Plan (FMP) - Series 54 (1842 Days) - Direct Plan - Growth,543394,SBI Fixed Maturity Plan (FMP) - Series 54 (1842 Days) - Direct Plan - Growth (543394),20-Sep-2026 12:56:39,https://www.bseindia.com/xml-data/corpfiling/AttachLive/747dec2c-e682-4cfe-ab20-e9c8e979fa93.pdf,SBIMF Fortnightly Portfolio 15092026,2026-09-20T07:27:45.107313+00:00
a7b67faf1f760e9e,BSE,SBI Fixed Maturity Plan (FMP) -Series 54 (1842 Days) - Regular Plan - IDCW Payout,543393,SBI Fixed Maturity Plan (FMP) -Series 54 (1842 Days) - Regular Plan - IDCW Payout (543393),20-Sep-2026 12:56:39,https://www.bseindia.com/xml-data/corpfiling/AttachLive/747dec2c-e682-4cfe-ab20-e9c8e979fa93.pdf,SBIMF Fortnightly Portfolio 15092026,2026-09-20T07:27:45.107336+00:00
a04625d7126cd9a4,BSE,SBI Fixed Maturity Plan (FMP) - Series 54 (1842 Days) - Regular Plan - Growth,543392,SBI Fixed Maturity Plan (FMP) - Series 54 (1842 Days) - Regular Plan - Growth (543392),20-Sep-2026 12:56:39,https://www.bseindia.com/xml-data/corpfiling/AttachLive/747dec2c-e682-4cfe-ab20-e9c8e979fa93.pdf,SBIMF Fortnightly Portfolio 15092026,2026-09-20T07:27:45.107363+00:00
f670663741938570,BSE,SBI Fixed Maturity Plan (FMP) - Series 53 (1839 Days) - Direct Plan - IDCW Payout,543382,SBI Fixed Maturity Plan (FMP) - Series 53 (1839 Days) - Direct Plan - IDCW Payout (543382),20-Sep-2026 12:56:39,https://www.bseindia.com/xml-data/corpfiling/AttachLive/747dec2c-e682-4cfe-ab20-e9c8e979fa93.pdf,SBIMF Fortnightly Portfolio 15092026,2026-09-20T07:27:45.107387+00:00
8177b0b328b20903,BSE,SBI Fixed Maturity Plan (FMP) - Series 53 (1839 Days) - Direct Plan - Growth,543381,SBI Fixed Maturity Plan (FMP) - Series 53 (1839 Days) - Direct Plan - Growth (543381),20-Sep-2026 12:56:39,https://www.bseindia.com/xml-data/corpfiling/AttachLive/747dec2c-e682-4cfe-ab20-e9c8e979fa93.pdf,SBIMF Fortnightly Portfolio 15092026,2026-09-20T07:27:45.107412+00:00
5c90e54dc5c003ed,BSE,SBI Fixed Maturity Plan (FMP) - Series 53 (1839 Days)- Regular Plan- IDCW Payout,543380,SBI Fixed Maturity Plan (FMP) - Series 53 (1839 Days)- Regular Plan- IDCW Payout (543380),20-Sep-2026 12:56:39,https://www.bseindia.com/xml-data/corpfiling/AttachLive/747dec2c-e682-4cfe-ab20-e9c8e979fa93.pdf,SBIMF Fortnightly Portfolio 15092026,2026-09-20T07:27:45.107436+00:00
0385887172a0438f,BSE,SBI Fixed Maturity Plan (FMP) - Series 53 (1839 Days)- Regular Plan- Growth,543379,SBI Fixed Maturity Plan (FMP) - Series 53 (1839 Days)- Regular Plan- Growth (543379),20-Sep-2026 12:56:39,https://www.bseindia.com/xml-data/corpfiling/AttachLive/747dec2c-e682-4cfe-ab20-e9c8e979fa93.pdf,SBIMF Fortnightly Portfolio 15092026,2026-09-20T07:27:45.107458+00:00
17582d9b0d212c1f,BSE,SBI-Fixed Maturity Plan - (FMP) - Series 52 - (1848 Days) - Direct Plan - IDCW Payout,543371,SBI-Fixed Maturity Plan - (FMP) - Series 52 - (1848 Days) - Direct Plan - IDCW Payout (543371),20-Sep-2026 12:56:39,https://www.bseindia.com/xml-data/corpfiling/AttachLive/747dec2c-e682-4cfe-ab20-e9c8e979fa93.pdf,SBIMF Fortnightly Portfolio 15092026,2026-09-20T07:27:45.107484+00:00
8ff669608a884f76,BSE,SBI Fixed Maturity Plan (FMP)-SERIES 52-(1848 Days) - Direct Plan - Growth,543370,SBI Fixed Maturity Plan (FMP)-SERIES 52-(1848 Days) - Direct Plan - Growth (543370),20-Sep-2026 12:56:39,https://www.bseindia.com/xml-data/corpfiling/AttachLive/747dec2c-e682-4cfe-ab20-e9c8e979fa93.pdf,SBIMF Fortnightly Portfolio 15092026,2026-09-20T07:27:45.107506+00:00
1c02609ff384a5ef,BSE,SBI Fixed Maturity Plan (FMP) -Series 52 (1848 Days) - Regular Plan - IDCW payout,543369,SBI Fixed Maturity Plan (FMP) -Series 52 (1848 Days) - Regular Plan - IDCW payout (543369),20-Sep-2026 12:56:39,https://www.bseindia.com/xml-data/corpfiling/AttachLive/747dec2c-e682-4cfe-ab20-e9c8e979fa93.pdf,SBIMF Fortnightly Portfolio 15092026,2026-09-20T07:27:45.107529+00:00
c5415c2af161e190,BSE,SBI Fixed Maturity Plan (FMP) -Series 52 (1848 Days) - Regular Plan - Growth,543368,SBI Fixed Maturity Plan (FMP) -Series 52 (1848 Days) - Regular Plan - Growth (543368),20-Sep-2026 12:56:39,https://www.bseindia.com/xml-data/corpfiling/AttachLive/747dec2c-e682-4cfe-ab20-e9c8e979fa93.pdf,SBIMF Fortnightly Portfolio 15092026,2026-09-20T07:27:45.107552+00:00
ec9abb3bce91db48,BSE,SBI FIXED MATURITY PLAN (FMP) -SERIES 51-(1846 DAYS)- DIRECT PLAN -IDCW PAYOUT,543362,SBI FIXED MATURITY PLAN (FMP) -SERIES 51-(1846 DAYS)- DIRECT PLAN -IDCW PAYOUT (543362),20-Sep-2026 12:56:39,https://www.bseindia.com/xml-data/corpfiling/AttachLive/747dec2c-e682-4cfe-ab20-e9c8e979fa93.pdf,SBIMF Fortnightly Portfolio 15092026,2026-09-20T07:27:45.107574+00:00
748bc594306196ab,BSE,SBI FIXED MATURITY PLAN (FMP) -SERIES 51-(1846 DAYS)- DIRECT PLAN -GROWTH,543361,SBI FIXED MATURITY PLAN (FMP) -SERIES 51-(1846 DAYS)- DIRECT PLAN -GROWTH (543361),20-Sep-2026 12:56:39,https://www.bseindia.com/xml-data/corpfiling/AttachLive/747dec2c-e682-4cfe-ab20-e9c8e979fa93.pdf,SBIMF Fortnightly Portfolio 15092026,2026-09-20T07:27:45.107596+00:00
32afbf50e2acfa61,BSE,SBI FIXED MATURITY PLAN (FMP) -SERIES 51-(1846 DAYS)- REGULAR PLAN -IDCW PAYOUT,543360,SBI FIXED MATURITY PLAN (FMP) -SERIES 51-(1846 DAYS)- REGULAR PLAN -IDCW PAYOUT (543360),20-Sep-2026 12:56:39,https://www.bseindia.com/xml-data/corpfiling/AttachLive/747dec2c-e682-4cfe-ab20-e9c8e979fa93.pdf,SBIMF Fortnightly Portfolio 15092026,2026-09-20T07:27:45.107622+00:00
d267da7f8ccbe3bc,BSE,SBI FIXED MATURITY PLAN (FMP) -SERIES 51-(1846 DAYS)- REGULAR PLAN -GROWTH,543359,SBI FIXED MATURITY PLAN (FMP) -SERIES 51-(1846 DAYS)- REGULAR PLAN -GROWTH (543359),20-Sep-2026 12:56:39,https://www.bseindia.com/xml-data/corpfiling/AttachLive/747dec2c-e682-4cfe-ab20-e9c8e979fa93.pdf,SBIMF Fortnightly Portfolio 15092026,2026-09-20T07:27:45.107651+00:00
60a7203e1c4467dd,BSE,SBI Fixed Maturity Plan (FMP) - Series 46 (1850 Days) - Direct Plan - IDCW Payout,543316,SBI Fixed Maturity Plan (FMP) - Series 46 (1850 Days) - Direct Plan - IDCW Payout (543316),20-Sep-2026 12:56:39,https://www.bseindia.com/xml-data/corpfiling/AttachLive/747dec2c-e682-4cfe-ab20-e9c8e979fa93.pdf,SBIMF Fortnightly Portfolio 15092026,2026-09-20T07:27:45.107674+00:00
e15a7c2f8aefbea4,BSE,SBI Fixed Maturity Plan (FMP) - Series 46 (1850 Days) - Direct Plan - Growth,543315,SBI Fixed Maturity Plan (FMP) - Series 46 (1850 Days) - Direct Plan - Growth (543315),20-Sep-2026 12:56:39,https://www.bseindia.com/xml-data/corpfiling/AttachLive/747dec2c-e682-4cfe-ab20-e9c8e979fa93.pdf,SBIMF Fortnightly Portfolio 15092026,2026-09-20T07:27:45.107698+00:00
73f4a29be8839b9c,BSE,SBI Fixed Maturity Plan (FMP) - Series 46 (1850 Days) - Regular Plan - IDCW Payout,543314,SBI Fixed Maturity Plan (FMP) - Series 46 (1850 Days) - Regular Plan - IDCW Payout (543314),20-Sep-2026 12:56:39,https://www.bseindia.com/xml-data/corpfiling/AttachLive/747dec2c-e682-4cfe-ab20-e9c8e979fa93.pdf,SBIMF Fortnightly Portfolio 15092026,2026-09-20T07:27:45.107722+00:00
9c47084b095040dd,BSE,SBI Fixed Maturity Plan (FMP) - Series 46 (1850 Days) - Regular Plan - Growth,543313,SBI Fixed Maturity Plan (FMP) - Series 46 (1850 Days) - Regular Plan - Growth (543313),20-Sep-2026 12:56:39,https://www.bseindia.com/xml-data/corpfiling/AttachLive/747dec2c-e682-4cfe-ab20-e9c8e979fa93.pdf,SBIMF Fortnightly Portfolio 15092026,2026-09-20T07:27:45.107745+00:00
278811a7e3d36fbb,BSE,SBI Fixed Maturity Plan (FMP) - Series 45 (1840 Days) - Direct Plan - IDCW Payout,543304,SBI Fixed Maturity Plan (FMP) - Series 45 (1840 Days) - Direct Plan - IDCW Payout (543304),20-Sep-2026 12:56:39,https://www.bseindia.com/xml-data/corpfiling/AttachLive/747dec2c-e682-4cfe-ab20-e9c8e979fa93.pdf,SBIMF Fortnightly Portfolio 15092026,2026-09-20T07:27:45.107769+00:00
53e134b3fe6b8f17,BSE,SBI Fixed Maturity Plan (FMP) - Series 45 (1840 Days) - Direct Plan - Growth,543303,SBI Fixed Maturity Plan (FMP) - Series 45 (1840 Days) - Direct Plan - Growth (543303),20-Sep-2026 12:56:39,https://www.bseindia.com/xml-data/corpfiling/AttachLive/747dec2c-e682-4cfe-ab20-e9c8e979fa93.pdf,SBIMF Fortnightly Portfolio 15092026,2026-09-20T07:27:45.107792+00:00
17a18dff5e920a90,BSE,SBI Fixed Maturity Plan (FMP) - Series 45 (1840 Days) - Regular Plan - IDCW Payout,543302,SBI Fixed Maturity Plan (FMP) - Series 45 (1840 Days) - Regular Plan - IDCW Payout (543302),20-Sep-2026 12:56:39,https://www.bseindia.com/xml-data/corpfiling/AttachLive/747dec2c-e682-4cfe-ab20-e9c8e979fa93.pdf,SBIMF Fortnightly Portfolio 15092026,2026-09-20T07:27:45.107815+00:00
6e3379045c266e19,BSE,SBI Fixed Maturity Plan (FMP) - Series 45 (1840 Days) - Regular Plan - Growth,543301,SBI Fixed Maturity Plan (FMP) - Series 45 (1840 Days) - Regular Plan - Growth (543301),20-Sep-2026 12:56:39,https://www.bseindia.com/xml-data/corpfiling/AttachLive/747dec2c-e682-4cfe-ab20-e9c8e979fa93.pdf,SBIMF Fortnightly Portfolio 15092026,2026-09-20T07:27:45.107839+00:00
2897921d7c92d640,BSE,SBI Fixed Maturity Plan (FMP) - Series 44 (1855 Days) - Direct Plan - Dividend Payout,543296,SBI Fixed Maturity Plan (FMP) - Series 44 (1855 Days) - Direct Plan - Dividend Payout (543296),20-Sep-2026 12:56:39,https://www.bseindia.com/xml-data/corpfiling/AttachLive/747dec2c-e682-4cfe-ab20-e9c8e979fa93.pdf,SBIMF Fortnightly Portfolio 15092026,2026-09-20T07:27:45.107864+00:00
2bd52e1551dcf774,BSE,SBI Fixed Maturity Plan (FMP) - Series 44 (1855 Days) - Direct Plan - Growth,543295,SBI Fixed Maturity Plan (FMP) - Series 44 (1855 Days) - Direct Plan - Growth (543295),20-Sep-2026 12:56:39,https://www.bseindia.com/xml-data/corpfiling/AttachLive/747dec2c-e682-4cfe-ab20-e9c8e979fa93.pdf,SBIMF Fortnightly Portfolio 15092026,2026-09-20T07:27:45.107887+00:00
65305d6c8a30ee5c,BSE,SBI Fixed Maturity Plan (FMP) - Series 44 (1855 Days) - Regular Plan - Dividend Payout,543294,SBI Fixed Maturity Plan (FMP) - Series 44 (1855 Days) - Regular Plan - Dividend Payout (543294),20-Sep-2026 12:56:39,https://www.bseindia.com/xml-data/corpfiling/AttachLive/747dec2c-e682-4cfe-ab20-e9c8e979fa93.pdf,SBIMF Fortnightly Portfolio 15092026,2026-09-20T07:27:45.107910+00:00
be36ab68c2799065,BSE,SBI Fixed Maturity Plan (FMP) - Series 44 (1855 Days) - Regular Plan - Growth,543293,SBI Fixed Maturity Plan (FMP) - Series 44 (1855 Days) - Regular Plan - Growth (543293),20-Sep-2026 12:56:39,https://www.bseindia.com/xml-data/corpfiling/AttachLive/747dec2c-e682-4cfe-ab20-e9c8e979fa93.pdf,SBIMF Fortnightly Portfolio 15092026,2026-09-20T07:27:45.107932+00:00
f3e1fafe3918e587,BSE,SBI Fixed Maturity Plan (FMP) Series 34 (3682 Days) - Direct Plan - Dividend Payout,543206,SBI Fixed Maturity Plan (FMP) Series 34 (3682 Days) - Direct Plan - Dividend Payout (543206),20-Sep-2026 12:56:39,https://www.bseindia.com/xml-data/corpfiling/AttachLive/747dec2c-e682-4cfe-ab20-e9c8e979fa93.pdf,SBIMF Fortnightly Portfolio 15092026,2026-09-20T07:27:45.107956+00:00
9d4bcc6425e31763,BSE,SBI Fixed Maturity Plan (FMP) Series 34 (3682 Days)- Direct Plan - Growth,543205,SBI Fixed Maturity Plan (FMP) Series 34 (3682 Days)- Direct Plan - Growth (543205),20-Sep-2026 12:56:39,https://www.bseindia.com/xml-data/corpfiling/AttachLive/747dec2c-e682-4cfe-ab20-e9c8e979fa93.pdf,SBIMF Fortnightly Portfolio 15092026,2026-09-20T07:27:45.107982+00:00
1cbb4f05efc3e22d,BSE,SBI Fixed Maturity Plan (FMP) Series 34 (3682 Days) - Regular Plan - Dividend Payout,543204,SBI Fixed Maturity Plan (FMP) Series 34 (3682 Days) - Regular Plan - Dividend Payout (543204),20-Sep-2026 12:56:39,https://www.bseindia.com/xml-data/corpfiling/AttachLive/747dec2c-e682-4cfe-ab20-e9c8e979fa93.pdf,SBIMF Fortnightly Portfolio 15092026,2026-09-20T07:27:45.108005+00:00
d8c2252291e10aba,BSE,SBI Fixed Maturity Plan (FMP) - Series 34 (3682 Days)- Regular Plan - Growth,543203,SBI Fixed Maturity Plan (FMP) - Series 34 (3682 Days)- Regular Plan - Growth (543203),20-Sep-2026 12:56:39,https://www.bseindia.com/xml-data/corpfiling/AttachLive/747dec2c-e682-4cfe-ab20-e9c8e979fa93.pdf,SBIMF Fortnightly Portfolio 15092026,2026-09-20T07:27:45.108028+00:00
0c87ea54a538b2d0,BSE,SBI Fixed Maturity Plan (FMP) Series 33 (1128 Days) - Direct Plan - Dividend Payout,543202,SBI Fixed Maturity Plan (FMP) Series 33 (1128 Days) - Direct Plan - Dividend Payout (543202),20-Sep-2026 12:56:39,https://www.bseindia.com/xml-data/corpfiling/AttachLive/747dec2c-e682-4cfe-ab20-e9c8e979fa93.pdf,SBIMF Fortnightly Portfolio 15092026,2026-09-20T07:27:45.108052+00:00
b6df08b8c3c45c29,BSE,SBI Fixed Maturity Plan (FMP) Series 33 (1128 Days)- Direct Plan - Growth,543201,SBI Fixed Maturity Plan (FMP) Series 33 (1128 Days)- Direct Plan - Growth (543201),20-Sep-2026 12:56:39,https://www.bseindia.com/xml-data/corpfiling/AttachLive/747dec2c-e682-4cfe-ab20-e9c8e979fa93.pdf,SBIMF Fortnightly Portfolio 15092026,2026-09-20T07:27:45.108074+00:00
886a817e01394c48,BSE,SBI Fixed Maturity Plan (FMP) Series 33 (1128 Days) - Regular Plan - Dividend Payout,543200,SBI Fixed Maturity Plan (FMP) Series 33 (1128 Days) - Regular Plan - Dividend Payout (543200),20-Sep-2026 12:56:39,https://www.bseindia.com/xml-data/corpfiling/AttachLive/747dec2c-e682-4cfe-ab20-e9c8e979fa93.pdf,SBIMF Fortnightly Portfolio 15092026,2026-09-20T07:27:45.108099+00:00
bc561943f477eb61,BSE,SBI Fixed Maturity Plan (FMP) - Series 33 (1128 Days)- Regular Plan - Growth,543199,SBI Fixed Maturity Plan (FMP) - Series 33 (1128 Days)- Regular Plan - Growth (543199),20-Sep-2026 12:56:39,https://www.bseindia.com/xml-data/corpfiling/AttachLive/747dec2c-e682-4cfe-ab20-e9c8e979fa93.pdf,SBIMF Fortnightly Portfolio 15092026,2026-09-20T07:27:45.108121+00:00
e94a98c21d4dcbe7,BSE,SBI Fixed Maturity Plan (FMP) Series 32 (1140 Days) -Direct Plan - Dividend Payout,543198,SBI Fixed Maturity Plan (FMP) Series 32 (1140 Days) -Direct Plan - Dividend Payout (543198),20-Sep-2026 12:56:39,https://www.bseindia.com/xml-data/corpfiling/AttachLive/747dec2c-e682-4cfe-ab20-e9c8e979fa93.pdf,SBIMF Fortnightly Portfolio 15092026,2026-09-20T07:27:45.108144+00:00
c4fdd59a2889adfb,BSE,SBI Fixed Maturity Plan (FMP) Series 32 (1140 Days)- Direct Plan - Growth,543197,SBI Fixed Maturity Plan (FMP) Series 32 (1140 Days)- Direct Plan - Growth (543197),20-Sep-2026 12:56:39,https://www.bseindia.com/xml-data/corpfiling/AttachLive/747dec2c-e682-4cfe-ab20-e9c8e979fa93.pdf,SBIMF Fortnightly Portfolio 15092026,2026-09-20T07:27:45.108168+00:00
68f322b96ef29785,BSE,SBI Fixed Maturity Plan (FMP) Series 32 (1140 Days) - Regular Plan - Dividend Payout,543196,SBI Fixed Maturity Plan (FMP) Series 32 (1140 Days) - Regular Plan - Dividend Payout (543196),20-Sep-2026 12:56:38,https://www.bseindia.com/xml-data/corpfiling/AttachLive/747dec2c-e682-4cfe-ab20-e9c8e979fa93.pdf,SBIMF Fortnightly Portfolio 15092026,2026-09-20T07:27:45.108192+00:00
2721febf79631944,BSE,SBI Fixed Maturity Plan (FMP) Series 32 (1140 Days) - Regular Plan - Growth,543195,SBI Fixed Maturity Plan (FMP) Series 32 (1140 Days) - Regular Plan - Growth (543195),20-Sep-2026 12:56:38,https://www.bseindia.com/xml-data/corpfiling/AttachLive/747dec2c-e682-4cfe-ab20-e9c8e979fa93.pdf,SBIMF Fortnightly Portfolio 15092026,2026-09-20T07:27:45.108215+00:00
e0c8365cf66f52a1,BSE,SBI Fixed Maturity Plan (FMP) - Series 31 (1160 Days) - Direct Plan - Dividend Payout,543096,SBI Fixed Maturity Plan (FMP) - Series 31 (1160 Days) - Direct Plan - Dividend Payout (543096),20-Sep-2026 12:56:38,https://www.bseindia.com/xml-data/corpfiling/AttachLive/747dec2c-e682-4cfe-ab20-e9c8e979fa93.pdf,SBIMF Fortnightly Portfolio 15092026,2026-09-20T07:27:45.108238+00:00
9b08f89600b86161,BSE,SBI Fixed Maturity Plan (FMP) - Series 31 (1160 Days) - Direct Plan - Growth,543095,SBI Fixed Maturity Plan (FMP) - Series 31 (1160 Days) - Direct Plan - Growth (543095),20-Sep-2026 12:56:38,https://www.bseindia.com/xml-data/corpfiling/AttachLive/747dec2c-e682-4cfe-ab20-e9c8e979fa93.pdf,SBIMF Fortnightly Portfolio 15092026,2026-09-20T07:27:45.108281+00:00
e52369b6c52d199f,BSE,SBI Fixed Maturity Plan (FMP) - Series 31 (1160 Days) - Regular Plan - Dividend Payout,543094,SBI Fixed Maturity Plan (FMP) - Series 31 (1160 Days) - Regular Plan - Dividend Payout (543094),20-Sep-2026 12:56:38,https://www.bseindia.com/xml-data/corpfiling/AttachLive/747dec2c-e682-4cfe-ab20-e9c8e979fa93.pdf,SBIMF Fortnightly Portfolio 15092026,2026-09-20T07:27:45.108305+00:00
893f71b2031076c6,BSE,SBI Fixed Maturity Plan (FMP) - Series 31 (1160 Days) - Regular Plan - Growth,543093,SBI Fixed Maturity Plan (FMP) - Series 31 (1160 Days) - Regular Plan - Growth (543093),20-Sep-2026 12:56:38,https://www.bseindia.com/xml-data/corpfiling/AttachLive/747dec2c-e682-4cfe-ab20-e9c8e979fa93.pdf,SBIMF Fortnightly Portfolio 15092026,2026-09-20T07:27:45.108327+00:00
c17dee12e17dcd99,BSE,SBI Mutual Fund,542861,SBI Mutual Fund (542861),20-Sep-2026 12:56:38,https://www.bseindia.com/xml-data/corpfiling/AttachLive/747dec2c-e682-4cfe-ab20-e9c8e979fa93.pdf,SBIMF Fortnightly Portfolio 15092026,2026-09-20T07:27:45.108348+00:00
d2ec5269e95d1b61,BSE,SBI Mutual Fund,542860,SBI Mutual Fund (542860),20-Sep-2026 12:56:38,https://www.bseindia.com/xml-data/corpfiling/AttachLive/747dec2c-e682-4cfe-ab20-e9c8e979fa93.pdf,SBIMF Fortnightly Portfolio 15092026,2026-09-20T07:27:45.108368+00:00
da36607a2615a0aa,BSE,SBI Mutual Fund,542859,SBI Mutual Fund (542859),20-Sep-2026 12:56:38,https://www.bseindia.com/xml-data/corpfiling/AttachLive/747dec2c-e682-4cfe-ab20-e9c8e979fa93.pdf,SBIMF Fortnightly Portfolio 15092026,2026-09-20T07:27:45.108387+00:00
7c6d81a66f6175df,BSE,SBI Mutual Fund,542858,SBI Mutual Fund (542858),20-Sep-2026 12:56:38,https://www.bseindia.com/xml-data/corpfiling/AttachLive/747dec2c-e682-4cfe-ab20-e9c8e979fa93.pdf,SBIMF Fortnightly Portfolio 15092026,2026-09-20T07:27:45.108406+00:00
f6e96bb0690a0553,BSE,SBI Mutual Fund,542856,SBI Mutual Fund (542856),20-Sep-2026 12:56:38,https://www.bseindia.com/xml-data/corpfiling/AttachLive/747dec2c-e682-4cfe-ab20-e9c8e979fa93.pdf,SBIMF Fortnightly Portfolio 15092026,2026-09-20T07:27:45.108425+00:00
73a215f8f9373766,BSE,SBI Mutual Fund,542855,SBI Mutual Fund (542855),20-Sep-2026 12:56:38,https://www.bseindia.com/xml-data/corpfiling/AttachLive/747dec2c-e682-4cfe-ab20-e9c8e979fa93.pdf,SBIMF Fortnightly Portfolio 15092026,2026-09-20T07:27:45.108444+00:00
84ee8e49a5685d93,BSE,SBI Mutual Fund,542854,SBI Mutual Fund (542854),20-Sep-2026 12:56:38,https://www.bseindia.com/xml-data/corpfiling/AttachLive/747dec2c-e682-4cfe-ab20-e9c8e979fa93.pdf,SBIMF Fortnightly Portfolio 15092026,2026-09-20T07:27:45.108465+00:00
68f909bcf7e723c3,BSE,SBI Mutual Fund,542853,SBI Mutual Fund (542853),20-Sep-2026 12:56:38,https://www.bseindia.com/xml-data/corpfiling/AttachLive/747dec2c-e682-4cfe-ab20-e9c8e979fa93.pdf,SBIMF Fortnightly Portfolio 15092026,2026-09-20T07:27:45.108484+00:00
85d5a34732f572ff,BSE,SBI Fixed Maturity Plan (FMP) - Series 18 (1108 Days) - Direct Plan - Dividend Payout Option,542778,SBI Fixed Maturity Plan (FMP) - Series 18 (1108 Days) - Direct Plan - Dividend Payout Option (542778),20-Sep-2026 12:56:38,https://www.bseindia.com/xml-data/corpfiling/AttachLive/747dec2c-e682-4cfe-ab20-e9c8e979fa93.pdf,SBIMF Fortnightly Portfolio 15092026,2026-09-20T07:27:45.108509+00:00
c6a7696d4c160d38,BSE,SBI Fixed Maturity Plan (FMP) - Series 18 (1108 Days) - Direct Plan - Growth Option,542777,SBI Fixed Maturity Plan (FMP) - Series 18 (1108 Days) - Direct Plan - Growth Option (542777),20-Sep-2026 12:56:38,https://www.bseindia.com/xml-data/corpfiling/AttachLive/747dec2c-e682-4cfe-ab20-e9c8e979fa93.pdf,SBIMF Fortnightly Portfolio 15092026,2026-09-20T07:27:45.108533+00:00
dfab7c56b3ae5f16,BSE,SBI Fixed Maturity Plan (FMP) - Series 18 (1108 Days) - Regular Plan - Dividend Payout Option,542776,SBI Fixed Maturity Plan (FMP) - Series 18 (1108 Days) - Regular Plan - Dividend Payout Option (542776),20-Sep-2026 12:56:38,https://www.bseindia.com/xml-data/corpfiling/AttachLive/747dec2c-e682-4cfe-ab20-e9c8e979fa93.pdf,SBIMF Fortnightly Portfolio 15092026,2026-09-20T07:27:45.108558+00:00
f446b802f9ad7bb1,BSE,SBI Fixed Maturity Plan (FMP) - Series 18 (1108 Days) - Regular Plan - Growth Option,542775,SBI Fixed Maturity Plan (FMP) - Series 18 (1108 Days) - Regular Plan - Growth Option (542775),20-Sep-2026 12:56:38,https://www.bseindia.com/xml-data/corpfiling/AttachLive/747dec2c-e682-4cfe-ab20-e9c8e979fa93.pdf,SBIMF Fortnightly Portfolio 15092026,2026-09-20T07:27:45.108584+00:00
15ec51bb71da279c,BSE,SBI Fixed Maturity Plan (FMP) - Series 17 (1116 days) - Direct Plan - Dividend Payout Option,542769,SBI Fixed Maturity Plan (FMP) - Series 17 (1116 days) - Direct Plan - Dividend Payout Option (542769),20-Sep-2026 12:56:38,https://www.bseindia.com/xml-data/corpfiling/AttachLive/747dec2c-e682-4cfe-ab20-e9c8e979fa93.pdf,SBIMF Fortnightly Portfolio 15092026,2026-09-20T07:27:45.108607+00:00
734cd144a68951e1,BSE,SBI Fixed Maturity Plan (FMP) - Series 17 (1116 days) - Direct Plan - Growth Option,542768,SBI Fixed Maturity Plan (FMP) - Series 17 (1116 days) - Direct Plan - Growth Option (542768),20-Sep-2026 12:56:38,https://www.bseindia.com/xml-data/corpfiling/AttachLive/747dec2c-e682-4cfe-ab20-e9c8e979fa93.pdf,SBIMF Fortnightly Portfolio 15092026,2026-09-20T07:27:45.108630+00:00
e56a9367a8d5539d,BSE,SBI Fixed Maturity Plan (FMP) - Series 17 (1116 days) - Regular Plan - Dividend Payout Option,542767,SBI Fixed Maturity Plan (FMP) - Series 17 (1116 days) - Regular Plan - Dividend Payout Option (542767),20-Sep-2026 12:56:38,https://www.bseindia.com/xml-data/corpfiling/AttachLive/747dec2c-e682-4cfe-ab20-e9c8e979fa93.pdf,SBIMF Fortnightly Portfolio 15092026,2026-09-20T07:27:45.108660+00:00
2bd8cf18b51d285b,BSE,SBI Fixed Maturity Plan (FMP) - Series 17 (1116 days) - Regular Plan - Growth Option,542766,SBI Fixed Maturity Plan (FMP) - Series 17 (1116 days) - Regular Plan - Growth Option (542766),20-Sep-2026 12:56:38,https://www.bseindia.com/xml-data/corpfiling/AttachLive/747dec2c-e682-4cfe-ab20-e9c8e979fa93.pdf,SBIMF Fortnightly Portfolio 15092026,2026-09-20T07:27:45.108684+00:00
bc014e84583ee03a,BSE,SBI Fixed Maturity Plan (FMP) - Series 16 (1116 Days) - Direct Plan - Dividend Payout Option,542764,SBI Fixed Maturity Plan (FMP) - Series 16 (1116 Days) - Direct Plan - Dividend Payout Option (542764),20-Sep-2026 12:56:38,https://www.bseindia.com/xml-data/corpfiling/AttachLive/747dec2c-e682-4cfe-ab20-e9c8e979fa93.pdf,SBIMF Fortnightly Portfolio 15092026,2026-09-20T07:27:45.108709+00:00
b8db0e0f8d3588d8,BSE,SBI Fixed Maturity Plan (FMP) - Series 16 (1116 Days) - Direct Plan - Growth Option,542763,SBI Fixed Maturity Plan (FMP) - Series 16 (1116 Days) - Direct Plan - Growth Option (542763),20-Sep-2026 12:56:38,https://www.bseindia.com/xml-data/corpfiling/AttachLive/747dec2c-e682-4cfe-ab20-e9c8e979fa93.pdf,SBIMF Fortnightly Portfolio 15092026,2026-09-20T07:27:45.108732+00:00
988595ba72448a0f,BSE,SBI Fixed Maturity Plan (FMP) - Series 16 (1116 Days) - Regular Plan - Dividend Payout Option,542762,SBI Fixed Maturity Plan (FMP) - Series 16 (1116 Days) - Regular Plan - Dividend Payout Option (542762),20-Sep-2026 12:56:38,https://www.bseindia.com/xml-data/corpfiling/AttachLive/747dec2c-e682-4cfe-ab20-e9c8e979fa93.pdf,SBIMF Fortnightly Portfolio 15092026,2026-09-20T07:27:45.108756+00:00
631f033cb56c4c76,BSE,SBI Fixed Maturity Plan (FMP) - Series 16 (1116 Days) - Regular Plan - Growth Option,542761,SBI Fixed Maturity Plan (FMP) - Series 16 (1116 Days) - Regular Plan - Growth Option (542761),20-Sep-2026 12:56:38,https://www.bseindia.com/xml-data/corpfiling/AttachLive/747dec2c-e682-4cfe-ab20-e9c8e979fa93.pdf,SBIMF Fortnightly Portfolio 15092026,2026-09-20T07:27:45.108784+00:00
868d6337ed6e71c1,BSE,SBI Fixed Maturity Plan (FMP) - Series 15 (1123 days) - Direct Plan - Dividend Payout Option,542757,SBI Fixed Maturity Plan (FMP) - Series 15 (1123 days) - Direct Plan - Dividend Payout Option (542757),20-Sep-2026 12:56:38,https://www.bseindia.com/xml-data/corpfiling/AttachLive/747dec2c-e682-4cfe-ab20-e9c8e979fa93.pdf,SBIMF Fortnightly Portfolio 15092026,2026-09-20T07:27:45.108808+00:00
84401d8da8e0b8f0,BSE,SBI Fixed Maturity Plan (FMP) - Series 15 (1123 days) - Direct Plan - Growth Option,542756,SBI Fixed Maturity Plan (FMP) - Series 15 (1123 days) - Direct Plan - Growth Option (542756),20-Sep-2026 12:56:38,https://www.bseindia.com/xml-data/corpfiling/AttachLive/747dec2c-e682-4cfe-ab20-e9c8e979fa93.pdf,SBIMF Fortnightly Portfolio 15092026,2026-09-20T07:27:45.108832+00:00
f261d96a9227f53a,BSE,SBI Fixed Maturity Plan (FMP) - Series 15 (1123 days) - Regular Plan - Dividend Payout Option,542755,SBI Fixed Maturity Plan (FMP) - Series 15 (1123 days) - Regular Plan - Dividend Payout Option (542755),20-Sep-2026 12:56:38,https://www.bseindia.com/xml-data/corpfiling/AttachLive/747dec2c-e682-4cfe-ab20-e9c8e979fa93.pdf,SBIMF Fortnightly Portfolio 15092026,2026-09-20T07:27:45.108859+00:00
26ad380158d90cfd,BSE,SBI Fixed Maturity Plan (FMP) - Series 15 (1123 days) - Regular Plan - Growth Option,542754,SBI Fixed Maturity Plan (FMP) - Series 15 (1123 days) - Regular Plan - Growth Option (542754),20-Sep-2026 12:56:38,https://www.bseindia.com/xml-data/corpfiling/AttachLive/747dec2c-e682-4cfe-ab20-e9c8e979fa93.pdf,SBIMF Fortnightly Portfolio 15092026,2026-09-20T07:27:45.108881+00:00
d7b18a911188237c,BSE,SBI Fixed Maturity Plan (FMP) - Series 14 (1102 Days) - Direct Plan - Dividend Payout Option,542751,SBI Fixed Maturity Plan (FMP) - Series 14 (1102 Days) - Direct Plan - Dividend Payout Option (542751),20-Sep-2026 12:56:38,https://www.bseindia.com/xml-data/corpfiling/AttachLive/747dec2c-e682-4cfe-ab20-e9c8e979fa93.pdf,SBIMF Fortnightly Portfolio 15092026,2026-09-20T07:27:45.108905+00:00
8f1b13e99854f69a,BSE,SBI Fixed Maturity Plan (FMP) - Series 14 (1102 Days) - Direct Plan - Growth Option,542750,SBI Fixed Maturity Plan (FMP) - Series 14 (1102 Days) - Direct Plan - Growth Option (542750),20-Sep-2026 12:56:38,https://www.bseindia.com/xml-data/corpfiling/AttachLive/747dec2c-e682-4cfe-ab20-e9c8e979fa93.pdf,SBIMF Fortnightly Portfolio 15092026,2026-09-20T07:27:45.108927+00:00
5c73140408b142f9,BSE,SBI Fixed Maturity Plan (FMP) - Series 14 (1102 Days) - Regular Plan - Dividend Payout Option,542749,SBI Fixed Maturity Plan (FMP) - Series 14 (1102 Days) - Regular Plan - Dividend Payout Option (542749),20-Sep-2026 12:56:38,https://www.bseindia.com/xml-data/corpfiling/AttachLive/747dec2c-e682-4cfe-ab20-e9c8e979fa93.pdf,SBIMF Fortnightly Portfolio 15092026,2026-09-20T07:27:45.108951+00:00
a89bd6d1d1b0c277,BSE,SBI Fixed Maturity Plan (FMP) - Series 14 (1102 Days) - Regular Plan - Growth Option,542748,SBI Fixed Maturity Plan (FMP) - Series 14 (1102 Days) - Regular Plan - Growth Option (542748),20-Sep-2026 12:56:38,https://www.bseindia.com/xml-data/corpfiling/AttachLive/747dec2c-e682-4cfe-ab20-e9c8e979fa93.pdf,SBIMF Fortnightly Portfolio 15092026,2026-09-20T07:27:45.108974+00:00
ab96094332c04e86,BSE,SBI Fixed Maturity Plan (FMP) - Series 13 (1108 Days) - Direct Plan - Dividend Payout Option,542746,SBI Fixed Maturity Plan (FMP) - Series 13 (1108 Days) - Direct Plan - Dividend Payout Option (542746),20-Sep-2026 12:56:38,https://www.bseindia.com/xml-data/corpfiling/AttachLive/747dec2c-e682-4cfe-ab20-e9c8e979fa93.pdf,SBIMF Fortnightly Portfolio 15092026,2026-09-20T07:27:45.108998+00:00
c925c8bb4b8bd8b1,BSE,SBI Fixed Maturity Plan (FMP) - Series 13 (1108 Days) - Direct Plan - Growth Option,542745,SBI Fixed Maturity Plan (FMP) - Series 13 (1108 Days) - Direct Plan - Growth Option (542745),20-Sep-2026 12:56:38,https://www.bseindia.com/xml-data/corpfiling/AttachLive/747dec2c-e682-4cfe-ab20-e9c8e979fa93.pdf,SBIMF Fortnightly Portfolio 15092026,2026-09-20T07:27:45.109022+00:00
653672095ca2b3d9,BSE,SBI Fixed Maturity Plan (FMP) - Series 13 (1108 Days) - Regular Plan - Dividend Payout Option,542744,SBI Fixed Maturity Plan (FMP) - Series 13 (1108 Days) - Regular Plan - Dividend Payout Option (542744),20-Sep-2026 12:56:38,https://www.bseindia.com/xml-data/corpfiling/AttachLive/747dec2c-e682-4cfe-ab20-e9c8e979fa93.pdf,SBIMF Fortnightly Portfolio 15092026,2026-09-20T07:27:45.109046+00:00
e1d762393b988c25,BSE,SBI Fixed Maturity Plan (FMP) - Series 13 (1108 Days) - Regular Plan - Growth Option,542743,SBI Fixed Maturity Plan (FMP) - Series 13 (1108 Days) - Regular Plan - Growth Option (542743),20-Sep-2026 12:56:38,https://www.bseindia.com/xml-data/corpfiling/AttachLive/747dec2c-e682-4cfe-ab20-e9c8e979fa93.pdf,SBIMF Fortnightly Portfolio 15092026,2026-09-20T07:27:45.109068+00:00
6fd9db2bfe5fb395,BSE,SBI Fixed Maturity Plan (FMP) - Series 12 (1179 Days) - Direct Plan - Dividend Payout Option,542742,SBI Fixed Maturity Plan (FMP) - Series 12 (1179 Days) - Direct Plan - Dividend Payout Option (542742),20-Sep-2026 12:56:38,https://www.bseindia.com/xml-data/corpfiling/AttachLive/747dec2c-e682-4cfe-ab20-e9c8e979fa93.pdf,SBIMF Fortnightly Portfolio 15092026,2026-09-20T07:27:45.109092+00:00
c87dc68aee9cfcfb,BSE,SBI Fixed Maturity Plan (FMP) - Series 12 (1179 Days) - Direct Plan - Growth Option,542741,SBI Fixed Maturity Plan (FMP) - Series 12 (1179 Days) - Direct Plan - Growth Option (542741),20-Sep-2026 12:56:38,https://www.bseindia.com/xml-data/corpfiling/AttachLive/747dec2c-e682-4cfe-ab20-e9c8e979fa93.pdf,SBIMF Fortnightly Portfolio 15092026,2026-09-20T07:27:45.109116+00:00
1002bee9f829c2b4,BSE,SBI Fixed Maturity Plan (FMP) - Series 12 (1179 Days) - Regular Plan - Dividend Payout Option,542740,SBI Fixed Maturity Plan (FMP) - Series 12 (1179 Days) - Regular Plan - Dividend Payout Option (542740),20-Sep-2026 12:56:38,https://www.bseindia.com/xml-data/corpfiling/AttachLive/747dec2c-e682-4cfe-ab20-e9c8e979fa93.pdf,SBIMF Fortnightly Portfolio 15092026,2026-09-20T07:27:45.109141+00:00
2e3144d04778dc42,BSE,SBI Fixed Maturity Plan (FMP) - Series 12 (1179 Days) - Regular Plan - Growth Option,542739,SBI Fixed Maturity Plan (FMP) - Series 12 (1179 Days) - Regular Plan - Growth Option (542739),20-Sep-2026 12:56:38,https://www.bseindia.com/xml-data/corpfiling/AttachLive/747dec2c-e682-4cfe-ab20-e9c8e979fa93.pdf,SBIMF Fortnightly Portfolio 15092026,2026-09-20T07:27:45.109164+00:00
1740cd3273b7eba7,BSE,SBI Fixed Maturity Plan (FMP) - Series 11 (1178 Days) - Direct Plan - Dividend Payout Option,542734,SBI Fixed Maturity Plan (FMP) - Series 11 (1178 Days) - Direct Plan - Dividend Payout Option (542734),20-Sep-2026 12:56:38,https://www.bseindia.com/xml-data/corpfiling/AttachLive/747dec2c-e682-4cfe-ab20-e9c8e979fa93.pdf,SBIMF Fortnightly Portfolio 15092026,2026-09-20T07:27:45.109187+00:00
436aa1cce76ad195,BSE,SBI Fixed Maturity Plan (FMP) - Series 11 (1178 Days) - Direct Plan - Growth Option,542733,SBI Fixed Maturity Plan (FMP) - Series 11 (1178 Days) - Direct Plan - Growth Option (542733),20-Sep-2026 12:56:38,https://www.bseindia.com/xml-data/corpfiling/AttachLive/747dec2c-e682-4cfe-ab20-e9c8e979fa93.pdf,SBIMF Fortnightly Portfolio 15092026,2026-09-20T07:27:45.109209+00:00
89287abe7daf252c,BSE,SBI Fixed Maturity Plan (FMP) - Series 11 (1178 Days) - Regular Plan - Dividend Payout Option,542732,SBI Fixed Maturity Plan (FMP) - Series 11 (1178 Days) - Regular Plan - Dividend Payout Option (542732),20-Sep-2026 12:56:38,https://www.bseindia.com/xml-data/corpfiling/AttachLive/747dec2c-e682-4cfe-ab20-e9c8e979fa93.pdf,SBIMF Fortnightly Portfolio 15092026,2026-09-20T07:27:45.109233+00:00
62bb51febc3265fc,BSE,SBI Fixed Maturity Plan (FMP) - Series 11 (1178 Days) - Regular Plan - Growth Option,542731,SBI Fixed Maturity Plan (FMP) - Series 11 (1178 Days) - Regular Plan - Growth Option (542731),20-Sep-2026 12:56:38,https://www.bseindia.com/xml-data/corpfiling/AttachLive/747dec2c-e682-4cfe-ab20-e9c8e979fa93.pdf,SBIMF Fortnightly Portfolio 15092026,2026-09-20T07:27:45.109259+00:00
04e969a9633af4af,BSE,SBI Capital Protection Oriented Fund - Series A (Plan 4) (1442 days) - Direct Plan - Growth Option,542723,SBI Capital Protection Oriented Fund - Series A (Plan 4) (1442 days) - Direct Plan - Growth Option (542723),20-Sep-2026 12:56:38,https://www.bseindia.com/xml-data/corpfiling/AttachLive/747dec2c-e682-4cfe-ab20-e9c8e979fa93.pdf,SBIMF Fortnightly Portfolio 15092026,2026-09-20T07:27:45.109285+00:00
ea9158e689882d2d,BSE,SBI Capital Protection Oriented Fund - Series A (Plan 4) (1442 days) - Regular Plan - Growth Option,542722,SBI Capital Protection Oriented Fund - Series A (Plan 4) (1442 days) - Regular Plan - Growth Option (542722),20-Sep-2026 12:56:38,https://www.bseindia.com/xml-data/corpfiling/AttachLive/747dec2c-e682-4cfe-ab20-e9c8e979fa93.pdf,SBIMF Fortnightly Portfolio 15092026,2026-09-20T07:27:45.109309+00:00
a3ef9c006e88c7f6,BSE,SBI Capital Protection Oriented Fund - Series A (Plan 3) (1441 Days) - Direct Plan - Growth Option,542681,SBI Capital Protection Oriented Fund - Series A (Plan 3) (1441 Days) - Direct Plan - Growth Option (542681),20-Sep-2026 12:56:38,https://www.bseindia.com/xml-data/corpfiling/AttachLive/747dec2c-e682-4cfe-ab20-e9c8e979fa93.pdf,SBIMF Fortnightly Portfolio 15092026,2026-09-20T07:27:45.109333+00:00
e080efedb5048b17,BSE,SBI Capital Protection Oriented Fund - Series A (Plan 3) (1441 Days) - Regular Plan - Growth Option,542680,SBI Capital Protection Oriented Fund - Series A (Plan 3) (1441 Days) - Regular Plan - Growth Option (542680),20-Sep-2026 12:56:38,https://www.bseindia.com/xml-data/corpfiling/AttachLive/747dec2c-e682-4cfe-ab20-e9c8e979fa93.pdf,SBIMF Fortnightly Portfolio 15092026,2026-09-20T07:27:45.109358+00:00
6fbdc7d26dfab8cd,BSE,SBI Debt Fund Series C - 48 (1177 days) - Direct Plan - Dividend Payout Option,542548,SBI Debt Fund Series C - 48 (1177 days) - Direct Plan - Dividend Payout Option (542548),20-Sep-2026 12:56:38,https://www.bseindia.com/xml-data/corpfiling/AttachLive/747dec2c-e682-4cfe-ab20-e9c8e979fa93.pdf,SBIMF Fortnightly Portfolio 15092026,2026-09-20T07:27:45.109382+00:00
788a73bfec699d9c,BSE,SBI Debt Fund Series C - 48 (1177 days) - Direct Plan - Growth Option,542547,SBI Debt Fund Series C - 48 (1177 days) - Direct Plan - Growth Option (542547),20-Sep-2026 12:56:38,https://www.bseindia.com/xml-data/corpfiling/AttachLive/747dec2c-e682-4cfe-ab20-e9c8e979fa93.pdf,SBIMF Fortnightly Portfolio 15092026,2026-09-20T07:27:45.109406+00:00
d21424bb8629b5e0,BSE,SBI Debt Fund Series C - 48 (1177 days) - Regular Plan - Dividend Payout Option,542546,SBI Debt Fund Series C - 48 (1177 days) - Regular Plan - Dividend Payout Option (542546),20-Sep-2026 12:56:38,https://www.bseindia.com/xml-data/corpfiling/AttachLive/747dec2c-e682-4cfe-ab20-e9c8e979fa93.pdf,SBIMF Fortnightly Portfolio 15092026,2026-09-20T07:27:45.109431+00:00
560c39425c96dfc7,BSE,SBI Debt Fund Series C - 48 (1177 days) - Regular Plan - Growth Option,542545,SBI Debt Fund Series C - 48 (1177 days) - Regular Plan - Growth Option (542545),20-Sep-2026 12:56:37,https://www.bseindia.com/xml-data/corpfiling/AttachLive/747dec2c-e682-4cfe-ab20-e9c8e979fa93.pdf,SBIMF Fortnightly Portfolio 15092026,2026-09-20T07:27:45.109453+00:00
f0490216e5cfe6cc,BSE,SBI Debt Fund Series C- 46 (1178 Days) - Direct Plan - Dividend Payout Option,542512,SBI Debt Fund Series C- 46 (1178 Days) - Direct Plan - Dividend Payout Option (542512),20-Sep-2026 12:56:37,https://www.bseindia.com/xml-data/corpfiling/AttachLive/747dec2c-e682-4cfe-ab20-e9c8e979fa93.pdf,SBIMF Fortnightly Portfolio 15092026,2026-09-20T07:27:45.109476+00:00
f0ef4544ea69db67,BSE,SBI Debt Fund Series C- 46 (1178 Days) - Direct Plan - Growth Option,542511,SBI Debt Fund Series C- 46 (1178 Days) - Direct Plan - Growth Option (542511),20-Sep-2026 12:56:37,https://www.bseindia.com/xml-data/corpfiling/AttachLive/747dec2c-e682-4cfe-ab20-e9c8e979fa93.pdf,SBIMF Fortnightly Portfolio 15092026,2026-09-20T07:27:45.109503+00:00
2d04315010cf1c5b,BSE,SBI Debt Fund Series C- 46 (1178 Days) - Regular Plan - Dividend Payout Option,542510,SBI Debt Fund Series C- 46 (1178 Days) - Regular Plan - Dividend Payout Option (542510),20-Sep-2026 12:56:37,https://www.bseindia.com/xml-data/corpfiling/AttachLive/747dec2c-e682-4cfe-ab20-e9c8e979fa93.pdf,SBIMF Fortnightly Portfolio 15092026,2026-09-20T07:27:45.109526+00:00
5043182eed0b3ff2,BSE,SBI Debt Fund Series C-46 (1178 Days) - Regular Plan - Growth Option,542509,SBI Debt Fund Series C-46 (1178 Days) - Regular Plan - Growth Option (542509),20-Sep-2026 12:56:37,https://www.bseindia.com/xml-data/corpfiling/AttachLive/747dec2c-e682-4cfe-ab20-e9c8e979fa93.pdf,SBIMF Fortnightly Portfolio 15092026,2026-09-20T07:27:45.109548+00:00
e5acad9f293f92b9,BSE,SBI Debt Fund Series C- 44 (1175 Days) - Direct Plan - Dividend Payout Option,542470,SBI Debt Fund Series C- 44 (1175 Days) - Direct Plan - Dividend Payout Option (542470),20-Sep-2026 12:56:37,https://www.bseindia.com/xml-data/corpfiling/AttachLive/747dec2c-e682-4cfe-ab20-e9c8e979fa93.pdf,SBIMF Fortnightly Portfolio 15092026,2026-09-20T07:27:45.109571+00:00
8832e27484a23cb5,BSE,SBI Debt Fund Series C- 44 (1175 Days) - Direct Plan - Growth Option,542468,SBI Debt Fund Series C- 44 (1175 Days) - Direct Plan - Growth Option (542468),20-Sep-2026 12:56:37,https://www.bseindia.com/xml-data/corpfiling/AttachLive/747dec2c-e682-4cfe-ab20-e9c8e979fa93.pdf,SBIMF Fortnightly Portfolio 15092026,2026-09-20T07:27:45.109593+00:00
2e76e67edb1f0314,BSE,SBI Debt Fund Series C- 44 (1175 Days) - Regular Plan - Dividend Payout Option,542465,SBI Debt Fund Series C- 44 (1175 Days) - Regular Plan - Dividend Payout Option (542465),20-Sep-2026 12:56:37,https://www.bseindia.com/xml-data/corpfiling/AttachLive/747dec2c-e682-4cfe-ab20-e9c8e979fa93.pdf,SBIMF Fortnightly Portfolio 15092026,2026-09-20T07:27:45.109617+00:00
eadb9e5d51a00a73,BSE,SBI Debt Fund Series C- 44 (1175 Days) - Regular Plan - Growth Option,542463,SBI Debt Fund Series C- 44 (1175 Days) - Regular Plan - Growth Option (542463),20-Sep-2026 12:56:37,https://www.bseindia.com/xml-data/corpfiling/AttachLive/747dec2c-e682-4cfe-ab20-e9c8e979fa93.pdf,SBIMF Fortnightly Portfolio 15092026,2026-09-20T07:27:45.109646+00:00
325a7de6e5823129,BSE,SBI Debt Fund Series C-43 (1176 Days) - Direct Plan - Dividend Payout Option,542445,SBI Debt Fund Series C-43 (1176 Days) - Direct Plan - Dividend Payout Option (542445),20-Sep-2026 12:56:37,https://www.bseindia.com/xml-data/corpfiling/AttachLive/747dec2c-e682-4cfe-ab20-e9c8e979fa93.pdf,SBIMF Fortnightly Portfolio 15092026,2026-09-20T07:27:45.109669+00:00
2dc8aeea80e1cb2c,BSE,SBI Debt Fund Series C-43 (1176 Days) - Direct Plan - Growth Option,542444,SBI Debt Fund Series C-43 (1176 Days) - Direct Plan - Growth Option (542444),20-Sep-2026 12:56:37,https://www.bseindia.com/xml-data/corpfiling/AttachLive/747dec2c-e682-4cfe-ab20-e9c8e979fa93.pdf,SBIMF Fortnightly Portfolio 15092026,2026-09-20T07:27:45.109695+00:00
2a335db8149f53ac,BSE,SBI Debt Fund Series C- 43 (1176 Days) - Regular Plan - Dividend Payout Option,542443,SBI Debt Fund Series C- 43 (1176 Days) - Regular Plan - Dividend Payout Option (542443),20-Sep-2026 12:56:37,https://www.bseindia.com/xml-data/corpfiling/AttachLive/747dec2c-e682-4cfe-ab20-e9c8e979fa93.pdf,SBIMF Fortnightly Portfolio 15092026,2026-09-20T07:27:45.109719+00:00
d4928358fbce07c8,BSE,SBI Debt Fund Series C-43 (1176 Days) - Regular Plan - Growth Option,542442,SBI Debt Fund Series C-43 (1176 Days) - Regular Plan - Growth Option (542442),20-Sep-2026 12:56:37,https://www.bseindia.com/xml-data/corpfiling/AttachLive/747dec2c-e682-4cfe-ab20-e9c8e979fa93.pdf,SBIMF Fortnightly Portfolio 15092026,2026-09-20T07:27:45.109742+00:00
59bf4e2481657dcd,BSE,SBI Debt Fund Series C - 41 (1178 Days) - Direct Plan - Dividend Payout Option,542413,SBI Debt Fund Series C - 41 (1178 Days) - Direct Plan - Dividend Payout Option (542413),20-Sep-2026 12:56:37,https://www.bseindia.com/xml-data/corpfiling/AttachLive/747dec2c-e682-4cfe-ab20-e9c8e979fa93.pdf,SBIMF Fortnightly Portfolio 15092026,2026-09-20T07:27:45.109766+00:00
1a777fa8067c2820,BSE,SBI Debt Fund Series C - 41 (1178 Days) - Direct Plan - Growth Option,542412,SBI Debt Fund Series C - 41 (1178 Days) - Direct Plan - Growth Option (542412),20-Sep-2026 12:56:37,https://www.bseindia.com/xml-data/corpfiling/AttachLive/747dec2c-e682-4cfe-ab20-e9c8e979fa93.pdf,SBIMF Fortnightly Portfolio 15092026,2026-09-20T07:27:45.109788+00:00
7ad712061c0a25df,BSE,SBI Debt Fund Series C - 41 (1178 Days) - Regular Plan - Dividend Payout Option,542411,SBI Debt Fund Series C - 41 (1178 Days) - Regular Plan - Dividend Payout Option (542411),20-Sep-2026 12:56:37,https://www.bseindia.com/xml-data/corpfiling/AttachLive/747dec2c-e682-4cfe-ab20-e9c8e979fa93.pdf,SBIMF Fortnightly Portfolio 15092026,2026-09-20T07:27:45.109811+00:00
12255f31b312607a,BSE,SBI Debt Fund Series C - 41 (1178 Days) - Regular Plan - Growth Option,542410,SBI Debt Fund Series C - 41 (1178 Days) - Regular Plan - Growth Option (542410),20-Sep-2026 12:56:37,https://www.bseindia.com/xml-data/corpfiling/AttachLive/747dec2c-e682-4cfe-ab20-e9c8e979fa93.pdf,SBIMF Fortnightly Portfolio 15092026,2026-09-20T07:27:45.109833+00:00
bcee22f82c427ce5,BSE,SBI Debt Fund Series C-40 (1177Days) - Direct Plan - Dividend Payout Option,542386,SBI Debt Fund Series C-40 (1177Days) - Direct Plan - Dividend Payout Option (542386),20-Sep-2026 12:56:37,https://www.bseindia.com/xml-data/corpfiling/AttachLive/747dec2c-e682-4cfe-ab20-e9c8e979fa93.pdf,SBIMF Fortnightly Portfolio 15092026,2026-09-20T07:27:45.109856+00:00
f375a0ddba0308c7,BSE,SBI Debt Fund Series C-40 (1177Days) - Direct Plan - Growth Option,542385,SBI Debt Fund Series C-40 (1177Days) - Direct Plan - Growth Option (542385),20-Sep-2026 12:56:37,https://www.bseindia.com/xml-data/corpfiling/AttachLive/747dec2c-e682-4cfe-ab20-e9c8e979fa93.pdf,SBIMF Fortnightly Portfolio 15092026,2026-09-20T07:27:45.109878+00:00
aa493864cdec51ac,BSE,SBI Debt Fund Series C-40 (1177Days) - Regular Plan - Dividend Payout Option,542384,SBI Debt Fund Series C-40 (1177Days) - Regular Plan - Dividend Payout Option (542384),20-Sep-2026 12:56:37,https://www.bseindia.com/xml-data/corpfiling/AttachLive/747dec2c-e682-4cfe-ab20-e9c8e979fa93.pdf,SBIMF Fortnightly Portfolio 15092026,2026-09-20T07:27:45.109902+00:00
9a03109768b74945,BSE,SBI Debt Fund Series C-40 (1177Days) - Regular Plan - Growth Option,542382,SBI Debt Fund Series C-40 (1177Days) - Regular Plan - Growth Option (542382),20-Sep-2026 12:56:37,https://www.bseindia.com/xml-data/corpfiling/AttachLive/747dec2c-e682-4cfe-ab20-e9c8e979fa93.pdf,SBIMF Fortnightly Portfolio 15092026,2026-09-20T07:27:45.109924+00:00
4f913f664f20b102,BSE,SBI Debt Fund Series C-38 (1224 Days) - Direct Plan - Dividend Payout Option,542360,SBI Debt Fund Series C-38 (1224 Days) - Direct Plan - Dividend Payout Option (542360),20-Sep-2026 12:56:37,https://www.bseindia.com/xml-data/corpfiling/AttachLive/747dec2c-e682-4cfe-ab20-e9c8e979fa93.pdf,SBIMF Fortnightly Portfolio 15092026,2026-09-20T07:27:45.109949+00:00
deb5449afc7aa89a,BSE,SBI Debt Fund Series C-38 (1224 Days) - Direct Plan - Growth Option,542359,SBI Debt Fund Series C-38 (1224 Days) - Direct Plan - Growth Option (542359),20-Sep-2026 12:56:37,https://www.bseindia.com/xml-data/corpfiling/AttachLive/747dec2c-e682-4cfe-ab20-e9c8e979fa93.pdf,SBIMF Fortnightly Portfolio 15092026,2026-09-20T07:27:45.109972+00:00
12c9cc8a8747764b,BSE,SBI Debt Fund Series C-38 (1224 Days) - Regular Plan - Dividend Payout Option,542358,SBI Debt Fund Series C-38 (1224 Days) - Regular Plan - Dividend Payout Option (542358),20-Sep-2026 12:56:37,https://www.bseindia.com/xml-data/corpfiling/AttachLive/747dec2c-e682-4cfe-ab20-e9c8e979fa93.pdf,SBIMF Fortnightly Portfolio 15092026,2026-09-20T07:27:45.109995+00:00
9f941f17fea86851,BSE,SBI Debt Fund Series C-38 (1224 Days) - Regular Plan - Growth Option,542357,SBI Debt Fund Series C-38 (1224 Days) - Regular Plan - Growth Option (542357),20-Sep-2026 12:56:37,https://www.bseindia.com/xml-data/corpfiling/AttachLive/747dec2c-e682-4cfe-ab20-e9c8e979fa93.pdf,SBIMF Fortnightly Portfolio 15092026,2026-09-20T07:27:45.110017+00:00
320e5fed34f4c944,BSE,SBI Debt Fund Series C-35 (1235Days) - Direct Plan - Dividend Payout Option,542299,SBI Debt Fund Series C-35 (1235Days) - Direct Plan - Dividend Payout Option (542299),20-Sep-2026 12:56:37,https://www.bseindia.com/xml-data/corpfiling/AttachLive/747dec2c-e682-4cfe-ab20-e9c8e979fa93.pdf,SBIMF Fortnightly Portfolio 15092026,2026-09-20T07:27:45.110040+00:00
aae394de6ab3faf6,BSE,SBI Debt Fund Series C-35 (1235Days) - Direct Plan - Growth Option,542298,SBI Debt Fund Series C-35 (1235Days) - Direct Plan - Growth Option (542298),20-Sep-2026 12:56:37,https://www.bseindia.com/xml-data/corpfiling/AttachLive/747dec2c-e682-4cfe-ab20-e9c8e979fa93.pdf,SBIMF Fortnightly Portfolio 15092026,2026-09-20T07:27:45.110063+00:00
253bee5d5a8786f3,BSE,SBI Debt Fund Series C-35 (1235Days) - Regular Plan - Dividend Payout Option,542297,SBI Debt Fund Series C-35 (1235Days) - Regular Plan - Dividend Payout Option (542297),20-Sep-2026 12:56:37,https://www.bseindia.com/xml-data/corpfiling/AttachLive/747dec2c-e682-4cfe-ab20-e9c8e979fa93.pdf,SBIMF Fortnightly Portfolio 15092026,2026-09-20T07:27:45.110085+00:00
c9570af762aad3d7,BSE,SBI Debt Fund Series C-35 (1235Days) - Regular Plan - Growth Option,542296,SBI Debt Fund Series C-35 (1235Days) - Regular Plan - Growth Option (542296),20-Sep-2026 12:56:37,https://www.bseindia.com/xml-data/corpfiling/AttachLive/747dec2c-e682-4cfe-ab20-e9c8e979fa93.pdf,SBIMF Fortnightly Portfolio 15092026,2026-09-20T07:27:45.110109+00:00
bfcf556d6d9f2dd3,BSE,SBI Debt Fund Series C-34 (1211Days) - Direct Plan - Dividend Payout Option,542284,SBI Debt Fund Series C-34 (1211Days) - Direct Plan - Dividend Payout Option (542284),20-Sep-2026 12:56:37,https://www.bseindia.com/xml-data/corpfiling/AttachLive/747dec2c-e682-4cfe-ab20-e9c8e979fa93.pdf,SBIMF Fortnightly Portfolio 15092026,2026-09-20T07:27:45.110131+00:00
58d43a4b11909935,BSE,SBI Debt Fund Series C-34 (1211Days) - Direct Plan - Growth Option,542283,SBI Debt Fund Series C-34 (1211Days) - Direct Plan - Growth Option (542283),20-Sep-2026 12:56:37,https://www.bseindia.com/xml-data/corpfiling/AttachLive/747dec2c-e682-4cfe-ab20-e9c8e979fa93.pdf,SBIMF Fortnightly Portfolio 15092026,2026-09-20T07:27:45.110153+00:00
8fd0fe9c9b37b44e,BSE,SBI Debt Fund Series C-34 (1211Days) - Regular Plan - Dividend Payout Option,542282,SBI Debt Fund Series C-34 (1211Days) - Regular Plan - Dividend Payout Option (542282),20-Sep-2026 12:56:37,https://www.bseindia.com/xml-data/corpfiling/AttachLive/747dec2c-e682-4cfe-ab20-e9c8e979fa93.pdf,SBIMF Fortnightly Portfolio 15092026,2026-09-20T07:27:45.110177+00:00
525addf242c686b1,BSE,SBI Debt Fund Series C-34 (1211Days) - Regular Plan - Growth Option,542281,SBI Debt Fund Series C-34 (1211Days) - Regular Plan - Growth Option (542281),20-Sep-2026 12:56:37,https://www.bseindia.com/xml-data/corpfiling/AttachLive/747dec2c-e682-4cfe-ab20-e9c8e979fa93.pdf,SBIMF Fortnightly Portfolio 15092026,2026-09-20T07:27:45.110199+00:00
4700d97b03c18e1e,BSE,SBI Debt Fund Series C - 33 (1216 days) - Direct Plan - Dividend Patout Option,542261,SBI Debt Fund Series C - 33 (1216 days) - Direct Plan - Dividend Patout Option (542261),20-Sep-2026 12:56:37,https://www.bseindia.com/xml-data/corpfiling/AttachLive/747dec2c-e682-4cfe-ab20-e9c8e979fa93.pdf,SBIMF Fortnightly Portfolio 15092026,2026-09-20T07:27:45.110224+00:00
955ff1dae872940c,BSE,SBI Debt Fund Series C - 33 (1216 days) - Direct Plan - Growth Option,542260,SBI Debt Fund Series C - 33 (1216 days) - Direct Plan - Growth Option (542260),20-Sep-2026 12:56:37,https://www.bseindia.com/xml-data/corpfiling/AttachLive/747dec2c-e682-4cfe-ab20-e9c8e979fa93.pdf,SBIMF Fortnightly Portfolio 15092026,2026-09-20T07:27:45.110248+00:00
9272384bb6bcc460,BSE,SBI Debt Fund Series C - 33 (1216 days) - Regular Plan - Dividend Payout Option,542259,SBI Debt Fund Series C - 33 (1216 days) - Regular Plan - Dividend Payout Option (542259),20-Sep-2026 12:56:37,https://www.bseindia.com/xml-data/corpfiling/AttachLive/747dec2c-e682-4cfe-ab20-e9c8e979fa93.pdf,SBIMF Fortnightly Portfolio 15092026,2026-09-20T07:27:45.110272+00:00
eb380b013a09d4c1,BSE,SBI Debt Fund Series C - 33 (1216 days) - Regular Plan - Growth Option,542258,SBI Debt Fund Series C - 33 (1216 days) - Regular Plan - Growth Option (542258),20-Sep-2026 12:56:37,https://www.bseindia.com/xml-data/corpfiling/AttachLive/747dec2c-e682-4cfe-ab20-e9c8e979fa93.pdf,SBIMF Fortnightly Portfolio 15092026,2026-09-20T07:27:45.110294+00:00
d4591fa40d08bf83,BSE,SBI Debt Fund Series C-32 (1223 Days) - Direct Plan - Dividend Payout Option,542220,SBI Debt Fund Series C-32 (1223 Days) - Direct Plan - Dividend Payout Option (542220),20-Sep-2026 12:56:37,https://www.bseindia.com/xml-data/corpfiling/AttachLive/747dec2c-e682-4cfe-ab20-e9c8e979fa93.pdf,SBIMF Fortnightly Portfolio 15092026,2026-09-20T07:27:45.110317+00:00
e2277dfeb62d3ce3,BSE,SBI Debt Fund Series C-32 (1223Days) - Direct Plan - Growth Option,542219,SBI Debt Fund Series C-32 (1223Days) - Direct Plan - Growth Option (542219),20-Sep-2026 12:56:37,https://www.bseindia.com/xml-data/corpfiling/AttachLive/747dec2c-e682-4cfe-ab20-e9c8e979fa93.pdf,SBIMF Fortnightly Portfolio 15092026,2026-09-20T07:27:45.110339+00:00
954eabe6513fcb42,BSE,SBI Debt Fund Series C-32 (1223Days) - Regular Plan - Dividend Payout Option,542218,SBI Debt Fund Series C-32 (1223Days) - Regular Plan - Dividend Payout Option (542218),20-Sep-2026 12:56:37,https://www.bseindia.com/xml-data/corpfiling/AttachLive/747dec2c-e682-4cfe-ab20-e9c8e979fa93.pdf,SBIMF Fortnightly Portfolio 15092026,2026-09-20T07:27:45.110361+00:00
318ccf7b7e339754,BSE,SBI Debt Fund Series C-32 (1223Days) - Regular Plan - Growth Option,542217,SBI Debt Fund Series C-32 (1223Days) - Regular Plan - Growth Option (542217),20-Sep-2026 12:56:37,https://www.bseindia.com/xml-data/corpfiling/AttachLive/747dec2c-e682-4cfe-ab20-e9c8e979fa93.pdf,SBIMF Fortnightly Portfolio 15092026,2026-09-20T07:27:45.110383+00:00
98bcb10f44c5e61d,BSE,SBI - ETF - SENSEX NEXT 50,541972,SBI - ETF - SENSEX NEXT 50 (541972),20-Sep-2026 12:56:37,https://www.bseindia.com/xml-data/corpfiling/AttachLive/747dec2c-e682-4cfe-ab20-e9c8e979fa93.pdf,SBIMF Fortnightly Portfolio 15092026,2026-09-20T07:27:45.110409+00:00
a4aaabce60ea5378,BSE,SBI DUAL ADVANTAGE FUND-SERIES XVIII-DIRECT PLAN-DIVIDEND PAYOUT,540242,SBI DUAL ADVANTAGE FUND-SERIES XVIII-DIRECT PLAN-DIVIDEND PAYOUT (540242),20-Sep-2026 12:56:37,https://www.bseindia.com/xml-data/corpfiling/AttachLive/747dec2c-e682-4cfe-ab20-e9c8e979fa93.pdf,SBIMF Fortnightly Portfolio 15092026,2026-09-20T07:27:45.110432+00:00
b378015c2e2afd6e,BSE,SBI DUAL ADVANTAGE FUND-SERIES XVIII-DIRECT PLAN-GROWTH,540241,SBI DUAL ADVANTAGE FUND-SERIES XVIII-DIRECT PLAN-GROWTH (540241),20-Sep-2026 12:56:37,https://www.bseindia.com/xml-data/corpfiling/AttachLive/747dec2c-e682-4cfe-ab20-e9c8e979fa93.pdf,SBIMF Fortnightly Portfolio 15092026,2026-09-20T07:27:45.110453+00:00
2be2b5c5914b8559,BSE,SBI DUAL ADVANTAGE FUND-SERIES XVIII-REGULAR PLAN-DIVIDEND PAYOUT,540240,SBI DUAL ADVANTAGE FUND-SERIES XVIII-REGULAR PLAN-DIVIDEND PAYOUT (540240),20-Sep-2026 12:56:37,https://www.bseindia.com/xml-data/corpfiling/AttachLive/747dec2c-e682-4cfe-ab20-e9c8e979fa93.pdf,SBIMF Fortnightly Portfolio 15092026,2026-09-20T07:27:45.110474+00:00
adfb9ce4fa6e009b,BSE,SBI DUAL ADVANTAGE FUND-SERIES XVIII-REGULAR PLAN-GROWTH,540239,SBI DUAL ADVANTAGE FUND-SERIES XVIII-REGULAR PLAN-GROWTH (540239),20-Sep-2026 12:56:37,https://www.bseindia.com/xml-data/corpfiling/AttachLive/747dec2c-e682-4cfe-ab20-e9c8e979fa93.pdf,SBIMF Fortnightly Portfolio 15092026,2026-09-20T07:27:45.110495+00:00
4d2ac5598ae0ac8b,BSE,SBI Mutual Fund - SBI - ETF BSE 100,539031,SBI Mutual Fund - SBI - ETF BSE 100 (539031),20-Sep-2026 12:56:37,https://www.bseindia.com/xml-data/corpfiling/AttachLive/747dec2c-e682-4cfe-ab20-e9c8e979fa93.pdf,SBIMF Fortnightly Portfolio 15092026,2026-09-20T07:27:45.110519+00:00
0d5e7050032e4167,BSE,SBI Debt Fund Series A-24- Direct Plan -Growth,538341,SBI Debt Fund Series A-24- Direct Plan -Growth (538341),20-Sep-2026 12:56:37,https://www.bseindia.com/xml-data/corpfiling/AttachLive/747dec2c-e682-4cfe-ab20-e9c8e979fa93.pdf,SBIMF Fortnightly Portfolio 15092026,2026-09-20T07:27:45.110540+00:00
49f922eb5a91fd91,BSE,SBI Mutual Fund - SBI Sensex ETF,535276,SBI Mutual Fund - SBI Sensex ETF (535276),20-Sep-2026 12:56:37,https://www.bseindia.com/xml-data/corpfiling/AttachLive/747dec2c-e682-4cfe-ab20-e9c8e979fa93.pdf,SBIMF Fortnightly Portfolio 15092026,2026-09-20T07:27:45.110561+00:00
9995b55ec0b1801f,BSE,Sansera Engineering Ltd,543358,Sansera Engineering Ltd (543358),20-Sep-2026 12:50:31,https://www.bseindia.com/xml-data/corpfiling/AttachLive/b8f574e8-f8c4-441d-8cd2-5b072451674a.pdf,Intimation about analysts meet in Bangalore,2026-09-20T07:27:45.110582+00:00
b87669d8f31fa4f9,BSE,Netweb Technologies India Ltd,543945,Netweb Technologies India Ltd (543945),20-Sep-2026 12:27:56,https://www.bseindia.com/xml-data/corpfiling/AttachLive/9d9bfd33-7379-4ef0-87c5-41cca1961fb2.pdf,AGM scrutinizer report and voting results,2026-09-20T07:16:21.288054+00:00
1a18f041033a6080,BSE,Netweb Technologies India Ltd,543945,Netweb Technologies India Ltd (543945),20-Sep-2026 12:27:56,https://www.bseindia.com/xml-data/corpfiling/AttachLive/9d9bfd33-7379-4ef0-87c5-41cca1961fb2.pdf,AGM scrutinizer report and voting results,2026-09-20T07:27:45.110603+00:00
ab02d1eb386f6c7b,BSE,Coforge Ltd,532541,Coforge Ltd (532541),20-Sep-2026 11:43:02,https://www.bseindia.com/xml-data/corpfiling/AttachLive/da3441bc-f240-4b14-9ca6-2950cbb893ec.pdf,"""Coforge Advances AI- Powered Vehicle Lifecycle Intelligence""",2026-09-20T07:16:21.288083+00:00
05341d10d7f86268,BSE,Coforge Ltd,532541,Coforge Ltd (532541),20-Sep-2026 11:43:02,https://www.bseindia.com/xml-data/corpfiling/AttachLive/da3441bc-f240-4b14-9ca6-2950cbb893ec.pdf,"""Coforge Advances AI- Powered Vehicle Lifecycle Intelligence""",2026-09-20T07:27:45.110623+00:00
87507b9b4be53028,BSE,Umiya Buildcon Ltd,532376,Umiya Buildcon Ltd (532376),20-Sep-2026 11:38:09,https://www.bseindia.com/xml-data/corpfiling/AttachLive/fa0a1910-7196-4f7c-9c1b-bd38115fd901.pdf,"Closure of Trading Window for the quarter ended September 30, 2026",2026-09-20T07:16:21.288095+00:00
066d4a1e3cc083de,BSE,Umiya Buildcon Ltd,532376,Umiya Buildcon Ltd (532376),20-Sep-2026 11:38:09,https://www.bseindia.com/xml-data/corpfiling/AttachLive/fa0a1910-7196-4f7c-9c1b-bd38115fd901.pdf,"Closure of Trading Window for the quarter ended September 30, 2026",2026-09-20T07:27:45.110652+00:00
64b950bf69fad3bc,BSE,Bagmane Prime Office REIT,544758,Bagmane Prime Office REIT (544758),20-Sep-2026 11:17:27,https://www.bseindia.com/xml-data/corpfiling/AttachLive/2e210bd2-18c4-4f2d-bd03-0286a6eb6383.pdf,Bagmane Prime Office REIT has informed the Exchange regarding Disclosure of material issue,2026-09-20T07:16:21.288105+00:00
e59cbe9dc4de6271,BSE,Bagmane Prime Office REIT,544758,Bagmane Prime Office REIT (544758),20-Sep-2026 11:17:27,https://www.bseindia.com/xml-data/corpfiling/AttachLive/2e210bd2-18c4-4f2d-bd03-0286a6eb6383.pdf,Bagmane Prime Office REIT has informed the Exchange regarding Disclosure of material issue,2026-09-20T07:27:45.110674+00:00
02eac704c1ed90ca,BSE,Bright Brothers Ltd-$,526731,Bright Brothers Ltd-$ (526731),20-Sep-2026 10:38:22,https://www.bseindia.com/xml-data/corpfiling/AttachLive/24a1be9e-17e3-478a-a073-58c79a2fd931.pdf,"We enclose herewith Scrutinizer''s Report pertaining to the results of the voting during E-voting and voting conducted during the Annual General Meeting.

Please take the same on record.",2026-09-20T07:16:21.288115+00:00
98cf4c3a076552b8,BSE,Bright Brothers Ltd,526731,Bright Brothers Ltd (526731),20-Sep-2026 10:38:22,https://www.bseindia.com/xml-data/corpfiling/AttachLive/24a1be9e-17e3-478a-a073-58c79a2fd931.pdf,We enclose herewith Scrutinizer''s Report pertaining to the results of the voting during E-voting and voting conducted during the Annual General Meeting. Please take the same on record.,2026-09-20T07:27:45.110701+00:00
bc35a3f442b51fcb,BSE,Welspun Enterprises Ltd,532553,Welspun Enterprises Ltd (532553),20-Sep-2026 10:37:50,https://www.bseindia.com/xml-data/corpfiling/AttachLive/9fb3dab1-3a38-4a20-845b-45514f633f92.pdf,"Welspun Enterprisers has informed the exchange about receiving of Letter of Award by Welspun Michigan Engineers Limited, Material Subsidiary of the Company",2026-09-20T07:16:21.288124+00:00
2f92560108ceb935,BSE,Welspun Enterprises Ltd,532553,Welspun Enterprises Ltd (532553),20-Sep-2026 10:37:50,https://www.bseindia.com/xml-data/corpfiling/AttachLive/9fb3dab1-3a38-4a20-845b-45514f633f92.pdf,"Welspun Enterprisers has informed the exchange about receiving of Letter of Award by Welspun Michigan Engineers Limited, Material Subsidiary of the Company",2026-09-20T07:27:45.110726+00:00
fe895aa47c84eecb,BSE,CG Power and Industrial Solutions Ltd,500093,CG Power and Industrial Solutions Ltd (500093),20-Sep-2026 10:09:11,https://www.bseindia.com/xml-data/corpfiling/AttachLive/6638a4d4-0c14-4d07-a8b3-ceaf26f78435.pdf,"Please find enclosed the disclosure on allotment of 18,250 equity shares on 19th September 2026 pursuant to the Company''s ESOP Plan 2021.",2026-09-20T07:16:21.288134+00:00
cc50d3b911deec38,BSE,CG Power and Industrial Solutions Ltd,500093,CG Power and Industrial Solutions Ltd (500093),20-Sep-2026 10:09:11,https://www.bseindia.com/xml-data/corpfiling/AttachLive/6638a4d4-0c14-4d07-a8b3-ceaf26f78435.pdf,"Please find enclosed the disclosure on allotment of 18,250 equity shares on 19th September 2026 pursuant to the Company''s ESOP Plan 2021.",2026-09-20T07:27:45.110751+00:00
1bd4d347ae820a95,BSE,Tulsyan NEC Ltd-$,513629,Tulsyan NEC Ltd-$ (513629),20-Sep-2026 09:00:36,https://www.bseindia.com/xml-data/corpfiling/AttachLive/0b4d4e38-4c99-46ef-9241-02a350238eff.pdf,Video recording link of 79th AGM of the company,2026-09-20T07:16:21.288142+00:00
829d544df3f1279c,BSE,Tulsyan NEC Ltd,513629,Tulsyan NEC Ltd (513629),20-Sep-2026 09:00:36,https://www.bseindia.com/xml-data/corpfiling/AttachLive/0b4d4e38-4c99-46ef-9241-02a350238eff.pdf,Video recording link of 79th AGM of the company,2026-09-20T07:27:45.110775+00:00
9abad95ffd5bb9a4,BSE,Nirlon Ltd,500307,Nirlon Ltd (500307),20-Sep-2026 07:21:57,https://www.bseindia.com/xml-data/corpfiling/AttachLive/af971319-5c7b-4830-95e6-40503a3c5927.pdf,"The Combined e-voting results for the 67th AGM held on Friday, September 18, 2026 published on September 19, 2026 in newspapers.",2026-09-20T07:16:21.288150+00:00
908f7d1b1b937951,BSE,Nirlon Ltd,500307,Nirlon Ltd (500307),20-Sep-2026 07:21:57,https://www.bseindia.com/xml-data/corpfiling/AttachLive/af971319-5c7b-4830-95e6-40503a3c5927.pdf,"The Combined e-voting results for the 67th AGM held on Friday, September 18, 2026 published on September 19, 2026 in newspapers.",2026-09-20T07:27:45.110798+00:00
